label,inferred_smarts,llm_output
[Nar],n,aromatic nitrogen
O=[C]([R])[N]([R])[R],O=C(*)N(*)*,amide
[R][O][R],*O*,benzene ring
[R][N]([R])[R],*N(*)*,nitrogen with two substituents
[F][R],F*,fluorine
[Oar],o,furan oxygen
[Sar],s,aromatic sulfur
[Cl][R],Cl*,chlorine single bond
[O]=[Car],O=c,aromatic carbonyl
O=[S](=O)([R])[N]([R])[R],O=S(=O)(*)N(*)*,sulfonamide
[R][NH][R],*[N&H1]*,aromatic nitroso group
[R][S][R],*S*,sulfide
[OH][Cal],[O&H1]C,hydroxy group
O=C([N]([R])[R])[N]([R])[R],O=C(N(*)*)N(*)*,urea
O=[C]([R])[O][R],O=C(*)O*,ester or carboxylic acid
O=[C]([R])[R],O=C(*)*,carbonyl
[R][Br],*Br,bromine
[OH][Car],[O&H1]c,aromatic hydroxy
C#N,C#N,nitrile
O=[C](O)[R],O=C(O)*,carboxylic acid
O=[S](=O)([R])[R],O=S(=O)(*)*,sulfonyl group
C=C,C=C,alkene
[NH2][Car],[N&H2]c,primary aromatic amine
[R][O]C[O][R],*OCO*,acetal group
O=C([O][R])[N]([R])[R],O=C(O*)N(*)*,n-n-disubstituted carbamate
[NH2][Cal],[N&H2]C,primary amine
O=[N+]([O-])[R],O=[N&+]([O&-])*,nitro
C=N[N]([R])[C](=O)[R],C=NN(*)C(=O)*,acylhydrazone
O=[C]1[R][N]([R])C(=O)[N]1[R],O=C1*N(*)C(=O)N1*,hydantoin etc
O=[C]([R])[N]([R])[C](=O)[R],O=C(*)N(*)C(=O)*,imide
C#C,C#C,triple bond
C=[N][R],C=N*,imine
[R][I],*I,alkyl iodide
O=[C]([R])[N]([R])C(=O)[N]([R])[R],O=C(*)N(*)C(=O)N(*)*,acylurea
C=C[C](=O)[R],C=CC(=O)*,"α,β-unsaturated carbonyls"
C=N[N]([R])[R],C=NN(*)*,hydrazone
C=CC(=O)[N]([R])[R],C=CC(=O)N(*)*,acrylamides
O=[C]([R])[N]([R])[S](=O)(=O)[R],O=C(*)N(*)S(=O)(=O)*,acyl sulfonamide
C=CC(=O)[O][R],C=CC(=O)O*,acrylates and similar
O=S(=O)([N]([R])[R])[N]([R])[R],O=S(=O)(N(*)*)N(*)*,sulfamide
O=[C]([R])C=C(O)C(=O)[N]([R])[R],O=C(*)C=C(O)C(=O)N(*)*,beta keto amide enol
[R][N]=[Car],*N=c,aryl imine
O=[C]([R])[N]([R])[O][R],O=C(*)N(*)O*,n-hydroxy amide
[Nar+],[n&+],heteroaromatic cation
O=[CH][R],O=[C&H1]*,aldehyde
C=N[O][R],C=NO*,oxime
O=[C]([R])[N]([R])[N]([R])[R],O=C(*)N(*)N(*)*,acyl hydrazine
[R][N]=C([N]([R])[R])[N]([R])[R],*N=C(N(*)*)N(*)*,guanidine
O=[S]([R])[R],O=S(*)*,sulfoxide
O=C(C(=O)[N]([R])[R])[N]([R])[R],O=C(C(=O)N(*)*)N(*)*,oxalamide
C=CC(=O)O,C=CC(=O)O,"α, β-unsaturated carboxylic acids"
OC[O][R],OCO*,acetal
O=C(C=N[N]([R])[C](=O)[R])[N]([R])[R],O=C(C=NN(*)C(=O)*)N(*)*,pyridazinone carboxamide
O=[S](=O)([R])N=C[N]([R])[R],O=S(=O)(*)N=CN(*)*,sulfonyl guanidine
[R][N+]([R])([R])[R],*[N&+](*)(*)*,quaternary nitrogen
O=[C]([R])[Nar],O=C(*)n,heterocyclic carbonyl adjacent to nitrogen
O=[C]([R])[N]([R])C[S][R],O=C(*)N(*)CS*,n-alkylthio amide
C1CO1,C1CO1,epoxides
O=[C]([R])[N]([R])C[N]([R])[R],O=C(*)N(*)CN(*)*,tertiary amide methylene tertiary amine
[SH][R],[S&H1]*,thiol
[R][N]=C[N]([R])[R],*N=CN(*)*,amidine
C=NO,C=NO,oxime
[R][N]=C([S][R])[N]([R])[R],*N=C(S*)N(*)*,thioamidine
C=CC(=O)C=C,C=CC(=O)C=C,divinyl ketone
O=[C]([R])[N]([R])[Nar],O=C(*)N(*)n,heteroaryl amide
O=[C]([R])[N]=[Car],O=C(*)N=c,heteroaryl alpha carbonyl
C=N[N]([R])C(=O)C(=O)[N]([R])[R],C=NN(*)C(=O)C(=O)N(*)*,oxamide hydrazone
C=C1SC(=S)[N]([R])C1=O,C=C1SC(=S)N(*)C1=O,rhodanine
O=[S](=O)([R])[O][R],O=S(=O)(*)O*,sulfate or sulfonate
[R][N]([R])[Nar],*N(*)n,n-aminoalkylazole
O=[C]([R])[N]([R])[N]([R])[C](=O)[R],O=C(*)N(*)N(*)C(=O)*,hydrazine dicarbonyl spacer
O=[C]([R])C=C[N]([R])[R],O=C(*)C=CN(*)*,enaminone
O=[S](=O)([R])[Nar],O=S(=O)(*)n,heteroaryl sulfonamide
C=C[N]([R])[C](=O)[R],C=CN(*)C(=O)*,n vinyl amide
S=C([N]([R])[R])[N]([R])[R],S=C(N(*)*)N(*)*,thiourea
[R][N]=[N][R],*N=N*,diazenyl amine
[R][S]C[S][R],*SCS*,dithioacetal
O=[C]([R])[N]([R])C(=S)[N]([R])[R],O=C(*)N(*)C(=S)N(*)*,acyl thiourea
O=C(C1=CC=NS(=O)(=O)[N]1[R])[N]([R])[R],O=C(C1=CC=NS(=O)(=O)N1*)N(*)*,sulfonamide substituted thiadiazine carboxamide
O=C(C=C[N]([R])C(=O)[N]([R])[R])[O][R],O=C(C=CN(*)C(=O)N(*)*)O*,beta ureido acrylate ester
C=CC=C,C=CC=C,diene
[S]=[Car],S=c,thiophene ring
O=[C]([R])C=C[N]([R])C=CC(=O)[O][R],O=C(*)C=CN(*)C=CC(=O)O*,aza-diene dicarbonyl
[N-]=[N+]=[N][R],[N&-]=[N&+]=N*,azide
O=[S](=O)(O)[R],O=S(=O)(O)*,sulfonic acid
O=[C]([R])[N]([R])C(=[N][R])[S][R],O=C(*)N(*)C(=N*)S*,acylaminothioimidate
[R][N]([R])C[N]([R])[R],*N(*)CN(*)*,methylene diamines
[R][N]([R])[N]([R])[R],*N(*)N(*)*,hydrazine derivative
[O-][S+]([R])[R],[O&-][S&+](*)*,sulfonium oxide
[O-][Nar+],[O&-][n&+],aromatic n-oxide
O=[C]([R])[N](O)[R],O=C(*)N(O)*,hydroxamic acid
O=C(C=C[N]([R])C(=O)[N]([R])[R])[N]([R])[R],O=C(C=CN(*)C(=O)N(*)*)N(*)*,enamine linked dicarboxamide
O=[C]([R])[N]([R])C[O][R],O=C(*)N(*)CO*,n-hydroxymethyl amide
O=C([S][R])[N]([R])[R],O=C(S*)N(*)*,thiocarbamate
[R][N]=N[N]([R])[R],*N=NN(*)*,triazene group
O=[C]([R])C(=C[N]([R])[R])[C](=O)[R],O=C(*)C(=CN(*)*)C(=O)*,"1,1-dicarbonyl enamine"
O=C(C=C[N]([R])[R])[N]([R])[R],O=C(C=CN(*)*)N(*)*,enaminone amide
O=[C]([R])OC[O][R],O=C(*)OCO*,acetal ester
O=[C]([R])[S][R],O=C(*)S*,thioester
S=C[N]([R])[R],S=CN(*)*,thioamides
O=[C]1[R][S]C[N]1[R],O=C1*SCN1*,n substituted 4-thiazolidinone
[R][O][Si]([R])([R])[R],*O[#14](*)(*)*,silyl ether
[R][O][N]([R])[R],*ON(*)*,hydroxylamine
C=C[S](=O)(=O)[R],C=CS(=O)(=O)*,vinyl sulfonyl
O=[P](O)(O)[R],O=P(O)(O)*,phosphate dianion
O=C(C(=C[O][R])[O][R])[N]([R])[R],O=C(C(=CO*)O*)N(*)*,enol ether ester amide
[R][O]N=C[N]([R])[R],*ON=CN(*)*,amidoxime group
C=[N][Nar],C=Nn,azole imine
O=[C]([R])[N]([R])N1[C](=O)[R][N]([R])C1=O,O=C(*)N(*)N1C(=O)*N(*)C1=O,n-acyl hydantoin
O=[C]1N=C([N]([R])[R])[S][R]1,O=C1N=C(N(*)*)S*1,thiadiazolones
O=[P]([R])([O][R])[O][R],O=P(*)(O*)O*,phosphate
C=C1SC(=O)[N]([R])C1=O,C=C1SC(=O)N(*)C1=O,para halo pyridinone
O=C[N]([R])[R],O=CN(*)*,amide
[R][S][S][R],*SS*,disulfides
O=C(C=N[O][R])[N]([R])[R],O=C(C=NO*)N(*)*,alpha oximino carboxamide
O=[C]([R])[N]([R])C[N]([R])[C](=O)[R],O=C(*)N(*)CN(*)C(=O)*,methylene diamide
O=[C]([R])[N]([R])C[N]([R])C(=S)[N]([R])[R],O=C(*)N(*)CN(*)C(=S)N(*)*,thiocarboxylic acid
C=N[N]([R])C(=S)[N]([R])[R],C=NN(*)C(=S)N(*)*,thiosemicarbazone
O=[C]1C=C([N]([R])[R])[N]([R])[R]1,O=C1C=C(N(*)*)N(*)*1,pyrazolone ring
[R][N]=C([S][R])[S][R],*N=C(S*)S*,dithioimidate
O=[C]1[R][S]C(=[N][R])[N]1[R],O=C1*SC(=N*)N1*,2-iminothiazolidin-4-ones
O=C([N]([R])[R])[N]([R])[O][R],O=C(N(*)*)N(*)O*,hydroxyurea derivative
C=C1N=COC1=O,C=C1N=COC1=O,4 alkylidene oxazol 5 one
C=CC=C[C](=O)[R],C=CC=CC(=O)*,diene carbonyl
O=P(O)(O)[O][R],O=P(O)(O)O*,phosphoric acid or ester
O=C(C=C[N]([R])[R])[O][R],O=C(C=CN(*)*)O*,enamine ester
O=[C]([R])N=C([S][R])[N]([R])[R],O=C(*)N=C(S*)N(*)*,acyl thioformamidine
[R][O]C[N]([R])[R],*OCN(*)*,tertiary aminomethyl ether
C#C[Si]([R])([R])[R],C#C[#14](*)(*)*,silyl alkyne
O=[S](=O)([R])[N]([R])[O][R],O=S(=O)(*)N(*)O*,n-oxy sulfonamide
C=NN=C([S][R])[N]([R])[R],C=NN=C(S*)N(*)*,thioether-substituted hydrazone
FC(F)([O][R])[O][R],FC(F)(O*)O*,difluoro acetal
O=[C]([O-])[R],O=C([O&-])*,carboxylate
C=N[N]([R])[S](=O)(=O)[R],C=NN(*)S(=O)(=O)*,sulfonyl hydrazone
C=C[N]([R])[R],C=CN(*)*,enamine
O=C([N]([R])[R])[N]([R])[S](=O)(=O)[R],O=C(N(*)*)N(*)S(=O)(=O)*,sulfonylurea
C=CC#N,C=CC#N,acrylonitriles
O=[C]([R])C=CO,O=C(*)C=CO,unsaturated lactone
O=[C]([R])C(=O)[N]([R])[R],O=C(*)C(=O)N(*)*,oxamide
[R][O]C[S][R],*OCS*,oxathio fragment
O=C(C=N[N]([R])[R])[N]([R])[R],O=C(C=NN(*)*)N(*)*,amide hydrazone
O=C1C=CC(=O)[N]1[R],O=C1C=CC(=O)N1*,maleimide
C=N[N]([R])C(=O)[N]([R])[R],C=NN(*)C(=O)N(*)*,semicarbazide
C=NN=C,C=NN=C,azine
O=[C]([R])[O][Na],O=C(*)O[#11],sodium carboxylate
O=[S](=O)([R])[N]([R])C=[N][R],O=S(=O)(*)N(*)C=N*,sulfonyl amidine
C=C(C(=O)O)N(C[S][R])[C](=O)[R],C=C(C(=O)O)N(CS*)C(=O)*,cephem core
O=[S](=O)([R])[N]([R])C[O][R],O=S(=O)(*)N(*)CO*,sulfonyl carbamate
O[B]([R])O[Si]([R])([R])[R],OB(*)O[#14](*)(*)*,silyl boronate
O=S1(=O)C=CC([N]([R])[R])=N1,O=S1(=O)C=CC(N(*)*)=N1,benzothiazolyl sulfonyl hydrazinyl
C=C(C(=O)[N]([R])[R])[N]([R])[C](=O)[R],C=C(C(=O)N(*)*)N(*)C(=O)*,acrylamide enamide alkene
O=[S]([R])([R])=[N][R],O=S(*)(*)=N*,sulfonimidoyl
O=[C]1[R][N]([R])C[N]1[R],O=C1*N(*)CN1*,diazolidinone
ON=C[N]([R])[R],ON=CN(*)*,n-hydroxyamidine
O=[C]([R])[N]([R])S(=O)(=O)[N]([R])[R],O=C(*)N(*)S(=O)(=O)N(*)*,sulfonylurea core
C=C[O][R],C=CO*,vinyl ether
C=CC=N[N]([R])[C](=O)[R],C=CC=NN(*)C(=O)*,conjugated hydrazone carbonyl
[R][O]COC[O][R],*OCOCO*,consecutive acetal carbons
O=[C]1[R][N]([R])C(=O)N1C[N]([R])[R],O=C1*N(*)C(=O)N1CN(*)*,n-methyl tertiary amine substituted imide
O=C(C=C[O][R])[N]([R])[R],O=C(C=CO*)N(*)*,enol ether amide
O=C(C1=N[N]([R])[C](=O)[R][N]1[R])[N]([R])[R],O=C(C1=NN(*)C(=O)*N1*)N(*)*,triazole carboxamide carbonyl
O=[S](=O)([R])N=[S](=O)([R])[R],O=S(=O)(*)N=S(=O)(*)*,N-sulfonyl sulfoximine
O=[C]([Nar])[N]([R])[R],O=C(n)N(*)*,heteroaryl amides
C=CO[C](=O)[R],C=COC(=O)*,enol ester
O=[N+]([O-])[N]([R])C(=[N][R])[N]([R])[R],O=[N&+]([O&-])N(*)C(=N*)N(*)*,nitroguanidine
O=C(C=C[N]([R])C=CC(=O)[O][R])[O][R],O=C(C=CN(*)C=CC(=O)O*)O*,n-linked enamine diesters
O=[S](=O)([R])[O][Na],O=S(=O)(*)O[#11],sodium sulfonate
O=C(O)C=C[C](=O)[R],O=C(O)C=CC(=O)*,beta-carbonyl acrylic acid
N#C[N]([R])[R],N#CN(*)*,cyanamide
C=C1SC(=[N][R])[N]([R])C1=O,C=C1SC(=N*)N(*)C1=O,thiazolidinone imino alkylidene
O=[C]([R])C=C[C](=O)[R],O=C(*)C=CC(=O)*,"conjugated 1,4-dicarbonyl"
C=CC=CC(=O)[O][R],C=CC=CC(=O)O*,conjugated dienoic acid
C=C([S][R])[S][R],C=C(S*)S*,geminal dithio alkene
O=[C]([R])[C](=O)[R],O=C(*)C(=O)*,13 dicarbonyl
O=C(C([S][R])[N]([R])[C](=O)[R])[N]([R])[R],O=C(C(S*)N(*)C(=O)*)N(*)*,alpha-thio-alpha-amino diamide
O=[S]([R])N=[S](=O)([R])[R],O=S(*)N=S(=O)(*)*,sulfonimidamide
C=CBr,C=CBr,vinyl bromides
O=C([O][R])[N]([R])C[N]([R])[R],O=C(O*)N(*)CN(*)*,tertiary aminomethyl carbamate
O[B](O)[R],OB(O)*,boronic acid
O=[C]([R])[N]([R])C(=O)[O][R],O=C(*)N(*)C(=O)O*,n-acylcarbamate
C=CC=CC=C,C=CC=CC=C,polyene
[R][N]([R])C=CC=CC=CC=[N+]([R])[R],*N(*)C=CC=CC=CC=[N&+](*)*,cationic polyene chain with terminal nitrogens
C=C=C,C=C=C,non-amide primary secondary amine
O[N]([R])[R],ON(*)*,hydroxylamines
C=CC=CC(=O)[N]([R])[R],C=CC=CC(=O)N(*)*,dienamides
O=C(C=[N][R])[N]([R])[R],O=C(C=N*)N(*)*,alpha imino amide
C#CC(=O)[N]([R])[R],C#CC(=O)N(*)*,alkyne amide
[O-][N+]([R])([R])[R],[O&-][N&+](*)(*)*,tertiary amine oxide
[R][N]=C[O][R],*N=CO*,imidate
C=C1N=C[N]([R])C1=O,C=C1N=CN(*)C1=O,alkylidene imidazolone
O=[C]([R])C(=CO)C(=O)[N]([R])[R],O=C(*)C(=CO)C(=O)N(*)*,heterocyclic enol-acyl amide
OC=[N][R],OC=N*,imidate
C=C([O][R])[C](=O)[R],C=C(O*)C(=O)*,enol ester
C=C(C#N)C(=O)[N]([R])[R],C=C(C#N)C(=O)N(*)*,beta cyano acrylamides
C=C[NH][R],C=C[N&H1]*,enamine
[Oar+],[o&+],oxonium
[R][Se][R],*[#34]*,selenium
O=C(C([N]([R])[C](=O)[R])[N]([R])[C](=O)[R])[N]([R])[R],O=C(C(N(*)C(=O)*)N(*)C(=O)*)N(*)*,alpha diamido substituted amide
C=NOC(=O)[N]([R])[R],C=NOC(=O)N(*)*,oxime carbamate
O=C(C=C(C(=O)[O][R])[N]([R])[R])[O][R],O=C(C=C(C(=O)O*)N(*)*)O*,2-aminobutenedioate
O=[P](O)([R])[O][R],O=P(O)(*)O*,phosphoric acid
C=NN([C](=O)[R])[C](=O)[R],C=NN(C(=O)*)C(=O)*,diacyl hydrazone
[R][S]C[N]([R])[R],*SCN(*)*,thiocyanates
O=[C]([R])O[C](=O)[R],O=C(*)OC(=O)*,anhydride
O=[As](O)(O)[R],O=[#33](O)(O)*,arsonic acid
C=[N+]([O-])[R],C=[N&+]([O&-])*,imino oxide
O=C([O][R])[O][R],O=C(O*)O*,carbonate
C=CS(=O)(=O)[N]([R])[R],C=CS(=O)(=O)N(*)*,alkenyl sulfonamide
C=N[N]([R])C(=O)[O][R],C=NN(*)C(=O)O*,carbazate hydrazone
C=CC=C1SC(=S)[N]([R])C1=O,C=CC=C1SC(=S)N(*)C1=O,diene rhodanine
[CH2]=[Car],[C&H2]=c,aromatic methylidene
O=[C]([Nar])[O][R],O=C(n)O*,azole carboxylate
O=[C]([R])[N]([R])C(=[N][R])[N]([R])[R],O=C(*)N(*)C(=N*)N(*)*,"alpha,beta-unsaturated nitrile"
N#CC=C[N]([R])[R],N#CC=CN(*)*,enaminonitrile
[R][Si]([R])([R])[R],*[#14](*)(*)*,silicon tetrahedral
C=CC=N[N]([R])[R],C=CC=NN(*)*,ene hydrazone
O=[C]1[R][C](=O)[N]([R])C(=O)[N]1[R],O=C1*C(=O)N(*)C(=O)N1*,barbiturate core
O=[C]([R])[N]([R])N=[N][R],O=C(*)N(*)N=N*,n-diazenyl carbonyl
O=[C]([R])N(C[N]([R])[R])[C](=O)[R],O=C(*)N(CN(*)*)C(=O)*,aminomethyl diamide
O=C(O)[C](=O)[R],O=C(O)C(=O)*,alpha keto acid
O=[C]([R])C1CO1,O=C(*)C1CO1,epoxide carbonyl
O=[C]([R])C(=O)[O][R],O=C(*)C(=O)O*,alpha keto acid
O=[P]([R])([R])[R],O=P(*)(*)*,phosphoryl group
O=[C]([R])[N]([R])[N]([R])C(=O)[N]([R])[R],O=C(*)N(*)N(*)C(=O)N(*)*,acyl hydrazine urea
C=CC=C[Si]([R])([R])[R],C=CC=C[#14](*)(*)*,butadienyl silane
[R][N]([R])C=CC=CC=[N+]([R])[R],*N(*)C=CC=CC=[N&+](*)*,amino pentadienyl iminium
[R][O][B]([R])[O][R],*OB(*)O*,boronate
C=NN(CO)[C](=O)[R],C=NN(CO)C(=O)*,n-hydroxymethyl n-acyl hydrazone
O=C(C(=C[S][R])[O][R])[N]([R])[R],O=C(C(=CS*)O*)N(*)*,carboxamide with enol vinyl sulfide
C=C1C=COC1=O,C=C1C=COC1=O,3 methylene furanone
O=C(c1ccc(=N[S](=O)(=O)[R])[n]([R])c1)[N]([R])[R],O=C(c1ccc(=NS(=O)(=O)*)n(*)c1)N(*)*,pyridine sulfonylimino carboxamide
O=[P](O)([R])[R],O=P(O)(*)*,phosphonic acid
C=NN=C1[S][R][C](=O)[N]1[R],C=NN=C1S*C(=O)N1*,2-hydrazonothiazolidin-4-one
O=[C]([R])[N]([R])[N]([R])C(=S)[N]([R])[R],O=C(*)N(*)N(*)C(=S)N(*)*,thiosemicarbazide
[R][O][Nar],*On,on bond
O=C(O)C=CC(=O)[N]([R])[R],O=C(O)C=CC(=O)N(*)*,unsaturated amide carboxylic acid
O=C[O][R],O=CO*,carboxylic acid or ester
C=CC(=O)[N]([R])C(=S)[N]([R])[R],C=CC(=O)N(*)C(=S)N(*)*,acryloyl thiourea
O=[S](=O)([O-])[R],O=S(=O)([O&-])*,sulfonate
C=C[N+](=O)[O-],C=C[N&+](=O)[O&-],nitronate group
O=C1[S][R][C](=O)[N]1[R],O=C1S*C(=O)N1*,"thiazolidine-2,4-dione"
O=[C]([R])N=[S](=O)([R])[R],O=C(*)N=S(=O)(*)*,n-acyl sulfoximine
O=[C]([R])C=C[N]([R])[C](=O)[R],O=C(*)C=CN(*)C(=O)*,maleimide-like
C=C1C(=O)[N]([R])C(=S)[N]1[R],C=C1C(=O)N(*)C(=S)N1*,5-ylidene-2-thiohydantoin
O=C(C=C[O][R])[O][R],O=C(C=CO*)O*,beta alkoxy acrylate
O=[C]([R])ON([C](=O)[R])[C](=O)[R],O=C(*)ON(C(=O)*)C(=O)*,hydroxyimide ester
C=CC=CC=C([S][R])[N]([R])[R],C=CC=CC=C(S*)N(*)*,benzothiophene core
O=S(=O)(O)[O][R],O=S(=O)(O)O*,sulfate
O=[C]([R])C=C[N]([R])[N]([R])[C](=O)[R],O=C(*)C=CN(*)N(*)C(=O)*,enone hydrazide
C=CC=O,C=CC=O,"α, β-unsaturated aldehyde"
O=[C]([R])N=C([N]([R])[R])[N]([R])[R],O=C(*)N=C(N(*)*)N(*)*,acyl guanidine
O=[C]([R])[N]([R])OC[O][R],O=C(*)N(*)OCO*,carbonyl n acetal
O=[C]1[R][S](=O)C[N]1[R],O=C1*S(=O)CN1*,1-oxo thiazolidin-4-one
O=P(O)([O][R])[O][R],O=P(O)(O*)O*,hydrogen phosphate
O=[S](=O)([R])[N]([R])C[S][R],O=S(=O)(*)N(*)CS*,sulfonamide methyl thioether
[R][P]([R])[R],*P(*)*,phosphine
O=[S](=O)([R])[N]([R])C[N]([R])[R],O=S(=O)(*)N(*)CN(*)*,sulfonyl methylene diamine
N#[N+][R],N#[N&+]*,diazonium
C=CN1C[N]([R])C(=O)[N]1[R],C=CN1CN(*)C(=O)N1*,allyl diazetidinone
O=[C](Cl)[R],O=C(Cl)*,acid chloride
C=C1C=CC(=O)O1,C=C1C=CC(=O)O1,5-alkylidenefuran-2-one
O[B]([R])[O][R],OB(*)O*,boronic acid
O=[S](=O)([R])[N]([R])[N]([R])[R],O=S(=O)(*)N(*)N(*)*,sulfonyl hydrazide
O=C(C(=C[N]([R])[R])[S](=O)(=O)[R])[N]([R])[R],O=C(C(=CN(*)*)S(=O)(=O)*)N(*)*,enamino sulfonyl acetamide
O=[C]1[R][N]([N]([R])[C](=O)[R])C(=O)[N]1[R],O=C1*N(N(*)C(=O)*)C(=O)N1*,n-substituted hydantoin carbonyl
C=C(C#N)[C](=O)[R],C=C(C#N)C(=O)*,cyano carbonyl alkene
O=C(C(=O)[N]([R])[R])C(O)[O][R],O=C(C(=O)N(*)*)C(O)O*,oxoamide carboxylic ester
C=NO[C](=O)[R],C=NOC(=O)*,oxime ester
O=C1C(Cl)=C([N]([R])[R])C(=O)[N]1[R],O=C1C(Cl)=C(N(*)*)C(=O)N1*,"3 chloro 4 amino pyrrole 2,5 dione"
O=[C]1[R][N]([C](=O)[R])C[N]1[R],O=C1*N(C(=O)*)CN1*,n acyl imidazolidinone
[OH][Nar],[O&H1]n,n-hydroxy
O=[N][R],O=N*,nitroso
C=C1SC([N]([R])[R])=NC1=O,C=C1SC(N(*)*)=NC1=O,2 amino 5 alkylidene thiazol 4 one
C=C1C=C[N]([R])C1=O,C=C1C=CN(*)C1=O,alkylidene pyrrolone
O=C([N]([R])[R])[N]([R])[Nar],O=C(N(*)*)N(*)n,n-heteroaryl amino amide
O=[C]1[R][N]([R])C=N[N]1[R],O=C1*N(*)C=NN1*,triazolone
C=N[N]([R])P(=O)([O][R])[O][R],C=NN(*)P(=O)(O*)O*,hydrazone phosphonate
O=C([N]([R])[R])[N]([R])C[O][R],O=C(N(*)*)N(*)CO*,hydroxyalkyl or carbamate urea
O=[C]1C=C[O][R]1,O=C1C=CO*1,unsaturated five-membered lactone or lactam
[R][P+]([R])([R])[R],*[P&+](*)(*)*,phosphonium ion
[R][S+]([R])[R],*[S&+](*)*,sulfonium salt
OC(=[N][R])[N]([R])[R],OC(=N*)N(*)*,imidate
C=COC([O][R])[C](=O)[R],C=COC(O*)C(=O)*,open chain furanone
O=P([O][Na])([O][Na])[O][R],O=P(O[#11])(O[#11])O*,disodium phosphate
C=N[N]([R])C(=[N][R])[S][R],C=NN(*)C(=N*)S*,thioimidoyl hydrazone
C=CC=CC(=O)O,C=CC=CC(=O)O,conjugated dienoic acid
O=C(C=COCOC[O][R])[O][R],O=C(C=COCOCO*)O*,vinyl polyether ester
S=C=[N][R],S=C=N*,isothiocyanate
C=CF,C=CF,aryl halide
O=[C]([R])N1CSC([N]([R])[C](=O)[R])=N1,O=C(*)N1CSC(N(*)C(=O)*)=N1,"1,3,4-thiadiazole n-acyl c-amide"
C=CC=CC(=O)C=CC=C,C=CC=CC(=O)C=CC=C,cross-conjugated ketone
O=C1C=C([N]([R])[R])C(=O)[N]1[R],O=C1C=C(N(*)*)C(=O)N1*,substituted 3-amino maleimide
C=C[Si]([R])([R])[R],C=C[#14](*)(*)*,vinylsilane
[O-][Cl+3]([O-])([O-])[O-],[O&-][Cl&+3]([O&-])([O&-])[O&-],perchlorates
O=C(C=C[N]([R])C(=S)[N]([R])[R])[N]([R])[R],O=C(C=CN(*)C(=S)N(*)*)N(*)*,thiocarbonyl enamine amide
C=[CH][Nar],C=[C&H1]n,n vinyl azole
O=C([O][R])[N]([R])C[O][R],O=C(O*)N(*)CO*,n hydroxymethyl carbamate
C=N[N]([R])C(=[N][R])[N]([R])[R],C=NN(*)C(=N*)N(*)*,guanylhydrazone
[R][N]=C([N]([R])[R])[N]([R])C(=[N][R])[N]([R])[R],*N=C(N(*)*)N(*)C(=N*)N(*)*,biguanide
C=C(C#N)C(=O)O,C=C(C#N)C(=O)O,cyanoacrylate
O=[C]([R])N1COC=N1,O=C(*)N1COC=N1,"1,3,4-oxadiazole amide"
O=C(C1SC([N]([R])[C](=O)[R])=NN1[C](=O)[R])[N]([R])[R],O=C(C1SC(N(*)C(=O)*)=NN1C(=O)*)N(*)*,acetyl spirothiadiazole imide
O=[C]([R])[N]([R])C(=O)[N]([R])C[O][R],O=C(*)N(*)C(=O)N(*)CO*,acyl urea ether
O=[C]([R])[N]([R])[N]([R])[S](=O)(=O)[R],O=C(*)N(*)N(*)S(=O)(=O)*,acyl sulfonyl hydrazide
[N-]=[N+]=NC[O][R],[N&-]=[N&+]=NCO*,azido carbon oxygen
O=P(O)(O)OP(=O)(O)OP(=O)(O)[O][R],O=P(O)(O)OP(=O)(O)OP(=O)(O)O*,triphosphate chain
O=[As](O)([R])[R],O=[#33](O)(*)*,arsenic acid
[R][N]([R])C1=NC[N]([R])C([N]([R])[R])=N1,*N(*)C1=NCN(*)C(N(*)*)=N1,46 diamino triazine nitrogen substituted
O=[C]([R])[N]([R])N([C](=O)[R])[C](=O)[R],O=C(*)N(*)N(C(=O)*)C(=O)*,triacyl hydrazine
[R][N]=C([O][R])[N]([R])[R],*N=C(O*)N(*)*,carbamimidate
C=C1C=CC=[N+]1[B-](F)(F)[Nar],C=C1C=CC=[N&+]1[B&-](F)(F)n,vinyl pyrrolium difluoroboron azine
[R][O]C([O][R])[O][R],*OC(O*)O*,geminal three oxygens
O=[C]([R])C=C[O][R],O=C(*)C=CO*,vinylogous ester
O=C(C=C[N]([R])[C](=O)[R])[O][R],O=C(C=CN(*)C(=O)*)O*,acyl enamino acrylate
C=C1SC(=S)N([N]([R])[C](=O)[R])C1=O,C=C1SC(=S)N(N(*)C(=O)*)C1=O,rhodanine hydrazide
O=C1C([N]([R])[C](=O)[R])OC(O)[N]1[R],O=C1C(N(*)C(=O)*)OC(O)N1*,hydroxy oxazolactam n amide
O=C1C=CC(O)O1,O=C1C=CC(O)O1,2-hydroxyfuranones
O=C(N=C([N]([R])[R])[N]([R])C(=O)[O][R])[O][R],O=C(N=C(N(*)*)N(*)C(=O)O*)O*,carbamimidoyl dicarbamate
O=C([O][R])C1CO1,O=C(O*)C1CO1,oxirane carboxylic acid
O=[C]([R])OCO[C](=O)[R],O=C(*)OCOC(=O)*,acylal
C=CI,C=CI,vinyl iodide
O=C1C(=C[N]([R])[R])C=N[N]1[R],O=C1C(=CN(*)*)C=NN1*,pyrazolone enaminone
C=C1C(=O)[N]([R])C(=O)[N]([R])C1=O,C=C1C(=O)N(*)C(=O)N(*)C1=O,barbiturate alkylidene
O=[S](=O)([R])N=C([S][R])[N]([R])[R],O=S(=O)(*)N=C(S*)N(*)*,sulfonyl carbamimidothioate
O=[C]([R])[N]([R])CO,O=C(*)N(*)CO,n hydroxymethyl amide
O=[C]([R])[N]([R])C[N]([R])[S](=O)(=O)[R],O=C(*)N(*)CN(*)S(=O)(=O)*,sulfonamidomethyl amide
S=C([O][R])[N]([R])[R],S=C(O*)N(*)*,thiocarbamate
O=C1C=NCO1,O=C1C=NCO1,oxazolone
C#CC#C,C#CC#C,alkyl diacetylene
C=C(C#N)C#N,C=C(C#N)C#N,activated double bonds (4)
[R][N]=C[S][R],*N=CS*,thiocarbonyl imine
N#CC=C([O][R])[N]([R])[R],N#CC=C(O*)N(*)*,beta oxy beta tertiary amino acrylonitrile
OC[N]([R])[R],OCN(*)*,carbamate
O=C(C=C(O)C(=O)[O][R])[O][R],O=C(C=C(O)C(=O)O*)O*,2 hydroxybutenedioate
[R][N]1C[N]([R])C[N]([R])C1,*N1CN(*)CN(*)C1,"trisubstituted 1,3,5-triazinane"
O=[C]([R])[N]([R])CN([C](=O)[R])[C](=O)[R],O=C(*)N(*)CN(C(=O)*)C(=O)*,bis amide methylene amide
O=[C]([R])ON=C[N]([R])[R],O=C(*)ON=CN(*)*,o-acylisourea
C=C1SC(=O)N(C[N]([R])[R])C1=O,C=C1SC(=O)N(CN(*)*)C1=O,alkylidene aminomethyl thiazolidinedione
C=COCOC[O][R],C=COCOCO*,vinyl polyether
C=CC=NO,C=CC=NO,vinyl oxime
C=CC([O][R])[O][R],C=CC(O*)O*,allylic acetal
O=C([O][R])[N]([R])C[N]([R])C(=O)[O][R],O=C(O*)N(*)CN(*)C(=O)O*,methylene biscarbamate
O=C(C=C[N]([R])C(=S)[N]([R])[R])[O][R],O=C(C=CN(*)C(=S)N(*)*)O*,beta thioureido acrylate ester
C=C1C(=O)C=CC1=O,C=C1C(=O)C=CC1=O,alkylidene cyclopentenedione
O=P([O-])([O][R])[O][R],O=P([O&-])(O*)O*,anionic phosphate
O=S(=O)([O][R])[N]([R])[R],O=S(=O)(O*)N(*)*,sulfamate
[R][N+]([R])=[Car],*[N&+](*)=c,pyridinium nitrogen
O=C(C=NO)[N]([R])[R],O=C(C=NO)N(*)*,alpha oximino amide
C=CC=N[O][R],C=CC=NO*,vinyl oxime
O=[C]1[R][N](C(=O)[N]([R])[R])C[N]1[R],O=C1*N(C(=O)N(*)*)CN1*,heterocyclic imide carboxamide
O=C1C=CC(=O)C=C1,O=C1C=CC(=O)C=C1,para quinones
C=CCl,C=CCl,conjugated diene
O=P([O][R])([O][R])[O][R],O=P(O*)(O*)O*,phosphate
O=[S](=O)([R])[N]([R])C(=[N][R])[N]([R])[R],O=S(=O)(*)N(*)C(=N*)N(*)*,sulfonyl guanidine
O=C1SC([N]([R])[R])C(=O)[N]1[R],O=C1SC(N(*)*)C(=O)N1*,thiazolidinedione 5 tertiary amine n3 substituted
C=C1C(=O)[N]([R])C(=O)[N]1[R],C=C1C(=O)N(*)C(=O)N1*,5 alkylidene hydantoin
O=[C]1[R][N]([S](=O)(=O)[R])C=C[N]1[R],O=C1*N(S(=O)(=O)*)C=CN1*,sulfonyl dihydropyrazinone
O=C([N]([R])[R])[N]([R])[N]([R])[R],O=C(N(*)*)N(*)N(*)*,biuret
C=CC=C[NH][R],C=CC=C[N&H1]*,dienyl amine
C=C(C#N)C(=O)[O][R],C=C(C#N)C(=O)O*,cyanoacrylate ester
O=C(C=C([O][R])C(=O)[O][R])[O][R],O=C(C=C(O*)C(=O)O*)O*,2 oxy butenedioate
O=[C]([R])C=COC=C[C](=O)[R],O=C(*)C=COC=CC(=O)*,dicarbonyl divinyl ether
C=C(C(=O)[N]([R])[N]([R])[R])[N]([R])[C](=O)[R],C=C(C(=O)N(*)N(*)*)N(*)C(=O)*,α-ureido enamide
[R][N]([R])[Nar+],*N(*)[n&+],azolium tertiary amine
O=C(O)C(=O)[N]([R])[R],O=C(O)C(=O)N(*)*,substituted oxamate
C=C(C(=O)O)[N]([R])[C](=O)[R],C=C(C(=O)O)N(*)C(=O)*,2-acylamino acrylic acid
O=[C]([R])[N]([R])C=[N][R],O=C(*)N(*)C=N*,acylamidine
O=[C]([R])OC[N]([R])[R],O=C(*)OCN(*)*,aminoalkyl ester
S=C([N]([R])[R])[N]([R])C=[N][R],S=C(N(*)*)N(*)C=N*,thiourea imine
O=[C]([R])[N]([R])C[S](=O)(=O)[R],O=C(*)N(*)CS(=O)(=O)*,sulfonylmethyl amide
C=C(O)[C](=O)[R],C=C(O)C(=O)*,beta dicarbonyl enol
N#C[N]([R])C(=[N][R])[N]([R])[R],N#CN(*)C(=N*)N(*)*,cyanoguanidine
C=CC1=CC(=O)[N]([R])C1=C,C=CC1=CC(=O)N(*)C1=C,exocyclic diene lactam
O=[C]([R])[N]([R])[N]([R])C(=O)[O][R],O=C(*)N(*)N(*)C(=O)O*,tertiary hydrazine dicarboxylate
O=C(C(=C[S](=O)(=O)[R])[O][R])[N]([R])[R],O=C(C(=CS(=O)(=O)*)O*)N(*)*,enol sulfone amide
O=C(c1ccc[n]([R])c1=N[S](=O)(=O)[R])[N]([R])[R],O=C(c1cccn(*)c1=NS(=O)(=O)*)N(*)*,sulfonyl imine pyridine carboxamide
C=C(Cl)Cl,C=C(Cl)Cl,gem-dichloro terminal double bond
O=[C]1C=C([N]([R])[R])[N]([N]([R])[C](=O)[R])[R]1,O=C1C=C(N(*)*)N(N(*)C(=O)*)*1,barbiturate core
C=N[S](=O)(=O)[R],C=NS(=O)(=O)*,sulfonyl imine
C=[N+]([R])[R],C=[N&+](*)*,iminium
[O-][Car],[O&-]c,phenolate
C=CC=CC=CC=C,C=CC=CC=CC=C,naphthalene
O=[N+]([O-])[O][R],O=[N&+]([O&-])O*,nitrates
O=C1C(=N[N]([R])[R])C=N[N]1[R],O=C1C(=NN(*)*)C=NN1*,pyrazolone hydrazone
O=[C]([R])OCO,O=C(*)OCO,acetal ester
O=[C]1[R][N]([R])C(=S)[N]1[R],O=C1*N(*)C(=S)N1*,thiohydantoin
O=C([O][R])C(=O)[N]([R])[R],O=C(O*)C(=O)N(*)*,oxamate
N#CN=C([N]([R])[R])[N]([R])[R],N#CN=C(N(*)*)N(*)*,cyanoguanidine
[R][N]([R])C=CC=[N+]([R])[R],*N(*)C=CC=[N&+](*)*,trimethine cyanine core
O=C([O][R])C(=C[N]([R])[R])C(=O)[O][R],O=C(O*)C(=CN(*)*)C(=O)O*,aminomethylidene malonate
N#C[S][R],N#CS*,thiocyanates
O=C(C=C[S][R])[N]([R])[R],O=C(C=CS*)N(*)*,vinyl thioether amide
O=[S](O)[R],O=S(O)*,sulfinic acid derivatives
[R][N]([R])C=[N][Nar],*N(*)C=Nn,heteroaryl amidine
O=[C]1[R][O]C[N]1[R],O=C1*OCN1*,oxazolidinone
C=CC(=O)[N](O)[R],C=CC(=O)N(O)*,"α,β-unsaturated hydroxamic acid"
O=S1(=O)N=CC=C[N]1[R],O=S1(=O)N=CC=CN1*,"1,2,6-thiadiazine 1,1-dioxide"
O=C(C=N[N]([R])C(=O)[N]([R])[R])[N]([R])[R],O=C(C=NN(*)C(=O)N(*)*)N(*)*,dicarboxamide hydrazone
O=C([N]([R])[R])[N]([R])[N](O)[R],O=C(N(*)*)N(*)N(O)*,hydroxyamino urea
C=CC(=[N][R])[N]([R])[R],C=CC(=N*)N(*)*,"α,β-unsaturated amidine"
C=N[N]([R])C(=O)C(=C)[N]([R])[C](=O)[R],C=NN(*)C(=O)C(=C)N(*)C(=O)*,acylhydrazone enaminone amide
O=C(C=CN=CC=C(O)[O][R])[O][R],O=C(C=CN=CC=C(O)O*)O*,peroxy azahexatrienoate ester
[Na][O][R],[#11]O*,sodium oxygen bond
O=C(O)C(=C[S][R])[N]([R])[C](=O)[R],O=C(O)C(=CS*)N(*)C(=O)*,penam core
O=CC=CC(=O)O,O=CC=CC(=O)O,unsaturated dicarbonyl acid
O=[C]([R])[N]([R])[N]([R])C=[N][R],O=C(*)N(*)N(*)C=N*,amidino hydrazide
S=C([S][R])[N]([R])[R],S=C(S*)N(*)*,dithiocarbamate
C=CC=[N][R],C=CC=N*,enimine
C#C[N]([R])[S](=O)(=O)[R],C#CN(*)S(=O)(=O)*,ethynyl sulfone on ring
O=C(O)C(=O)[O][R],O=C(O)C(=O)O*,oxalic acid monoester
C=C1C=CC(=[N+]([R])[R])C=C1,C=C1C=CC(=[N&+](*)*)C=C1,quinone methide iminium
C=CC=CC=C[C](=O)[R],C=CC=CC=CC(=O)*,polyene carbonyl
C=C([O][R])C(=O)[N]([R])[R],C=C(O*)C(=O)N(*)*,enol amide
O=[C]1[R][N]([R])S(=O)(=O)[N]1[R],O=C1*N(*)S(=O)(=O)N1*,thiadiazolidinone sulfone
O=S(=O)(N=[S](=O)([R])[R])[N]([R])[R],O=S(=O)(N=S(=O)(*)*)N(*)*,sulfonimidoyl sulfonamide
O=C([O][R])C(O)=CO,O=C(O*)C(O)=CO,dihydroxy enol ester
C#CC=C,C#CC=C,enyne
O=[S](=O)(Cl)[R],O=S(=O)(Cl)*,sulfonyl chloride
O=[C]([R])C=C[N]([R])C(=O)[N]([R])[R],O=C(*)C=CN(*)C(=O)N(*)*,dioxo vinyl urea fragment
O=[C]([R])C([N]([R])[R])[N]([R])[C](=O)[R],O=C(*)C(N(*)*)N(*)C(=O)*,n-substituted hydrazine dipeptide
O=C([O][R])[N]([R])[N]([R])[R],O=C(O*)N(*)N(*)*,carbazate
O=[C]1[R][N]=C[N]1[R],O=C1*N=CN1*,azolone
O=[C]1[R][N]=C([N]([R])[R])[N]1[R],O=C1*N=C(N(*)*)N1*,2 amino imidazol 5 one
O=C([N]([R])[R])[N]([R])C=[N][R],O=C(N(*)*)N(*)C=N*,biguanide
O=C(C(=C[O][R])[S][R])[N]([R])[R],O=C(C(=CO*)S*)N(*)*,alkylthio alkoxy vinyl amide
O=C(C=CC(=O)[N]([R])[R])[O][R],O=C(C=CC(=O)N(*)*)O*,carbamoyl acrylate ester
C=C1C=N[N]([R])C1=O,C=C1C=NN(*)C1=O,pyrazolone methylidene
F[S](F)(F)(F)(F)[R],FS(F)(F)(F)(F)*,pentafluorosulfanyl
O=[C]1N=C([N]([R])[R])[N]([R])[R]1,O=C1N=C(N(*)*)N(*)*1,triazolone
O=[N+]([O-])C=C[N]([R])[R],O=[N&+]([O&-])C=CN(*)*,nitro enamine
O=[C]1[R][N]([S](=O)(=O)[R])C[N]1[R],O=C1*N(S(=O)(=O)*)CN1*,sulfonyl imidazolidinone
O[N]=[Car],ON=c,aromatic carbon oxime
C=NC[N](O)[R],C=NCN(O)*,hydroxyaminoalkyl imine
O=[C]([R])C([O][R])[N]([R])[C](=O)[R],O=C(*)C(O*)N(*)C(=O)*,hydroxy amino acid residue
O=[N+]([O-])C=C([N]([R])[R])[N]([R])[R],O=[N&+]([O&-])C=C(N(*)*)N(*)*,nitrovinyl diamines
O=N[N]([R])C(=O)[N]([R])[R],O=NN(*)C(=O)N(*)*,n-nitroso ureas
O=S(=O)(O)[N]([R])[R],O=S(=O)(O)N(*)*,sulfamate
O=S(=O)([O][Na])[O][R],O=S(=O)(O[#11])O*,sodium sulfate
O=P([O][R])([O][R])[N]([R])[R],O=P(O*)(O*)N(*)*,phosphoramidate diester
O=C1[S][R][C](=O)N1C[N]([R])[R],O=C1S*C(=O)N1CN(*)*,thiazolidinedione aminomethyl
C=COC[O][R],C=COCO*,amide with alpha hydrogen
[R][N]1CC1,*N1CC1,aziridine ring
O=C(C=C[N]([R])[C](=O)[R])[N]([R])[R],O=C(C=CN(*)C(=O)*)N(*)*,enaminone amide
O=[S](=O)(F)[R],O=S(=O)(F)*,sulfonyl fluoride
[R][N]=C([N]([R])[R])[N]([R])[N]([R])[R],*N=C(N(*)*)N(*)N(*)*,aminoguanidine
O=[C]([R])C=CC(=O)[O][R],O=C(*)C=CC(=O)O*,conjugated dicarbonyl
C#CC([O][R])([O][R])[O][R],C#CC(O*)(O*)O*,alkyne triol
O=C1C=NC[N]1[R],O=C1C=NCN1*,imidazolone
OC(=[N][R])[O][R],OC(=N*)O*,imidocarbonate
O=C(C([N]([R])[R])[N]([R])[C](=O)[R])[N]([R])[R],O=C(C(N(*)*)N(*)C(=O)*)N(*)*,"alpha,alpha-diamino amide"
O=[C]1N=C([S][R])[N]([R])[C](=O)[R]1,O=C1N=C(S*)N(*)C(=O)*1,thiobarbiturate core
O=C([N]([R])[R])[N]([R])C(=O)[N]([R])[S](=O)(=O)[R],O=C(N(*)*)N(*)C(=O)N(*)S(=O)(=O)*,sulfonamide amide urea
S=C1SC[N]([R])C[N]1[R],S=C1SCN(*)CN1*,"1,3,5-thiadiazinane-2-thione"
O=C([N]([R])[R])[N]([R])C(=[N][R])[S][R],O=C(N(*)*)N(*)C(=N*)S*,acyl thiosemicarbazide
O=C1[O][R][C](=O)[N]1[R],O=C1O*C(=O)N1*,"oxazolidine-2,4-dione and analogues"
O=C(C(=CO)[N]([R])[S](=O)(=O)[R])[N]([R])[R],O=C(C(=CO)N(*)S(=O)(=O)*)N(*)*,hydroxy sulfonamido keto amide
O=C1OCOC(=O)C1=C[N]([R])[R],O=C1OCOC(=O)C1=CN(*)*,meldrum acid enamine
[R][O][O][R],*OO*,peroxide
O=C(C=N[N]([R])[R])[O][R],O=C(C=NN(*)*)O*,hydrazone carboxylic ester
O=C(C=CN=C([S][R])[N]([R])[C](=O)[R])[O][R],O=C(C=CN=C(S*)N(*)C(=O)*)O*,vinylamidine thioether ester
C#CC([O][R])[O][R],C#CC(O*)O*,alkyne geminal diol
C=C(C#N)P(=O)([O][R])[O][R],C=C(C#N)P(=O)(O*)O*,cyanovinyl phosphonate
S=P([O][R])([O][R])[O][R],S=P(O*)(O*)O*,phosphorothioate triester
ClC=C(Cl)Cl,ClC=C(Cl)Cl,"1,1,2-trichloroethene"
O=C(C([O][R])[O][R])[N]([R])[R],O=C(C(O*)O*)N(*)*,alpha gem dioxy amide
C=NC(C(=O)[N]([R])[R])[N]([R])C(=O)[N]([R])[R],C=NC(C(=O)N(*)*)N(*)C(=O)N(*)*,heterocyclic geminal diamide
C=C1C(=O)[N]([R])C=C1C(=O)[O][R],C=C1C(=O)N(*)C=C1C(=O)O*,alkylidene pyrrolone carboxylate
O=C(C=C(C=NO)[N]([R])[R])[N]([R])[R],O=C(C=C(C=NO)N(*)*)N(*)*,"4-amino-1,2-oxazole-5-carboxamide"
C=N[N]1[R][C](=O)[N]([R])C1=O,C=NN1*C(=O)N(*)C1=O,n imine hydantoin
[R][O]CO[Si]([R])([R])[R],*OCO[#14](*)(*)*,silyl carbonate
[R][B]([R])[R],*B(*)*,trigonal boron
O=P(O)([O][R])OP(=O)(O)[O][R],O=P(O)(O*)OP(=O)(O)O*,pyrophosphate linkage
O=P([O-])([O][R])OP(=O)(O)[O][R],O=P([O&-])(O*)OP(=O)(O)O*,pyrophosphate acid or ester
C=C([O][R])C(=O)O,C=C(O*)C(=O)O,enol carboxylate
[Sb-],[#51&-],antimony anion
F[B-](F)(F)[R],F[B&-](F)(F)*,trifluoroborate
O=[C]([R])C=C1C=CC=N[N]1[R],O=C(*)C=C1C=CC=NN1*,dihydropyridazine vinyl ketone
[N-]=[N+]=CC(=O)[O][R],[N&-]=[N&+]=CC(=O)O*,alpha-diazo carbonyl acids and esters
O=C(C=CO)[O][R],O=C(C=CO)O*,beta-hydroxy acrylate ester
O=C([O][R])[N]([R])CO,O=C(O*)N(*)CO,n hydroxymethyl carbamate
O=[C]([R])C=NC(C(=O)[N]([R])[R])[N]([R])[R],O=C(*)C=NC(C(=O)N(*)*)N(*)*,diamino substituted enaminone
C=C[N]([R])[N]([R])[R],C=CN(*)N(*)*,alkenyl hydrazine
O=[C]([R])OC=C[O][R],O=C(*)OC=CO*,vinyl ether ester
N#CC(=CO)C(=O)[N]([R])[R],N#CC(=CO)C(=O)N(*)*,alpha cyano beta oxy acrylamides
C=CC=CC(=O)C=C,C=CC=CC(=O)C=C,polyene ketone
O=[C]([R])C=NO,O=C(*)C=NO,hydroxyimino carbonyl
C=CO,C=CO,vinyloxy
C=CC=C(C(=O)O)N(C[S][R])[C](=O)[R],C=CC=C(C(=O)O)N(CS*)C(=O)*,conjugated diene carbamate ester
[R][N]=CC=[N][R],*N=CC=N*,diazabutadiene
C=C[N]([R])[N]([R])[C](=O)[R],C=CN(*)N(*)C(=O)*,vinyl hydrazide
C=C[S][R],C=CS*,vinyl sulfide
C=CC1=CC(=C)[N]([R])C1=O,C=CC1=CC(=C)N(*)C1=O,vinyl methylidene lactam
O=[C]([R])C(Cl)=C([C](=O)[R])[N]([R])[R],O=C(*)C(Cl)=C(C(=O)*)N(*)*,chloro enone carbonyl amide
O=C([O][R])[N]([R])[N]([R])C(=O)[O][R],O=C(O*)N(*)N(*)C(=O)O*,hydrazine dicarboxylate
O=C[N]([R])C[S](=O)(=O)[R],O=CN(*)CS(=O)(=O)*,ortho ring nitrogen benzenesulfonate
O=[C]([R])O[N]([R])[R],O=C(*)ON(*)*,oxazolone
C#C[C](=O)[R],C#CC(=O)*,alkynyl carbonyl
[R][O]C([O][R])C([O][R])[O][R],*OC(O*)C(O*)O*,vicinal geminal diols
[R][N]=C[N]([R])[N]([R])[R],*N=CN(*)N(*)*,amidrazone
O=[C]1C=CO[C](=O)[R]1,O=C1C=COC(=O)*1,"dihydropyran-2,4-dione"
O=C(C([N]([R])[R])[N]([R])[S](=O)(=O)[R])[N]([R])[R],O=C(C(N(*)*)N(*)S(=O)(=O)*)N(*)*,sulfamoyl diaminocarboxamide
C=C([C](=O)[R])[N]([R])[R],C=C(C(=O)*)N(*)*,vinyl amino carbonyl
C=C(C(=O)[O-])N(C[S][R])[C](=O)[R],C=C(C(=O)[O&-])N(CS*)C(=O)*,cephalosporin core
O=C(C(=N[N]([R])[R])[S](=O)(=O)[R])[N]([R])[R],O=C(C(=NN(*)*)S(=O)(=O)*)N(*)*,sulfonyl hydrazone amide
O=[S](=O)([R])[N]([R])C1=NC[N]([R])C[N]1[R],O=S(=O)(*)N(*)C1=NCN(*)CN1*,dihydrotriazinyl sulfonamide
O=C(C=CC(=O)[O][R])[O][R],O=C(C=CC(=O)O*)O*,but-2-enedioate diester
O=[S]([R])[O][R],O=S(*)O*,sulfurous acid derivative
O=C1C(=C[N]([R])[R])C(=O)[N]([R])C(=O)[N]1[R],O=C1C(=CN(*)*)C(=O)N(*)C(=O)N1*,5-aminomethylene barbiturates
C=NN1[C](=O)[R][N]([R])C1=O,C=NN1C(=O)*N(*)C1=O,imino triazolidinedione
C=C[N]([R])C(=S)[N]([R])[R],C=CN(*)C(=S)N(*)*,alkyl thiourea michael acceptor
O=[S](=O)([R])N=C([N]([R])[R])[N]([R])[R],O=S(=O)(*)N=C(N(*)*)N(*)*,sulfonyl guanidine
O=C([N]([R])[R])[N]([R])C[N]([R])[R],O=C(N(*)*)N(*)CN(*)*,urea methylenediamine
O=[S](=O)([R])C[N]([R])[R],O=S(=O)(*)CN(*)*,sulfonyl alkyl amine
O=[S]([R])O[N]([R])[R],O=S(*)ON(*)*,sulfamic acid zwitterion
C=C1C(=O)[N]([R])[N]([R])C1=O,C=C1C(=O)N(*)N(*)C1=O,alkylidene pyrazolidinedione
O=[S](=O)([R])[N]([R])C(=[N][R])[S][R],O=S(=O)(*)N(*)C(=N*)S*,sulfonamide thioimidate
O=[C]1C=C([N]([R])[C](=O)[R])[N]([R])[R]1,O=C1C=C(N(*)C(=O)*)N(*)*1,cyclic enone amide
C=C1C(=O)[N]([R])C(=S)[N]([R])C1=O,C=C1C(=O)N(*)C(=S)N(*)C1=O,5-alkylidene-2-thiobarbituric acid
O=[S](=O)([Nar])[N]([R])[R],O=S(=O)(n)N(*)*,heterocyclic tertiary sulfonamide
N#CC([C](=O)[R])=C([N]([R])[R])[N]([R])[R],N#CC(C(=O)*)=C(N(*)*)N(*)*,cyano carbonyl michael acceptor
[Sear],[#34],selen
C=C1C=CC=N1,C=C1C=CC=N1,2h-pyrrole
C=C([C](=O)[R])[C](=O)[R],C=C(C(=O)*)C(=O)*,gem-diacyl alkene
O=[C]1[R][C](=O)[N]([R])[N]1[R],O=C1*C(=O)N(*)N1*,triazolidinedione core
O=C([O][R])[N]([R])C=[N][R],O=C(O*)N(*)C=N*,n-amidino carbamate
O=N[N]([R])[R],O=NN(*)*,nitrosamine
O=C(C=C1SC(=S)[N]([R])C1=O)[N]([R])[R],O=C(C=C1SC(=S)N(*)C1=O)N(*)*,tert amide vinyl rhodanine
C=C([O][R])C(=O)[O][R],C=C(O*)C(=O)O*,hydroxy acrylic acid
C=N[N]([R])C[O][R],C=NN(*)CO*,n-alkoxymethylhydrazone
C=C(C(=O)[O][R])[N]([R])[C](=O)[R],C=C(C(=O)O*)N(*)C(=O)*,beta tertiary amido acrylate
O=[C]([R])C(=N[N]([R])[R])C(=O)[O][R],O=C(*)C(=NN(*)*)C(=O)O*,hydrazinylidene malonate
N#CC(C(=O)[O][R])=C1C=CC=N[N]1[R],N#CC(C(=O)O*)=C1C=CC=NN1*,pyridazin-6-ylidene cyanoacetate
O=C([O][R])C(=N[N]([R])[R])[N]([R])[R],O=C(O*)C(=NN(*)*)N(*)*,alpha-hydrazono ester
O=[C]([R])C=COC(=CC(=O)[O][R])[N]([R])[R],O=C(*)C=COC(=CC(=O)O*)N(*)*,2-amino-4h-pyran-3-carboxylate
[R][N]([R])C=N[N]([R])[R],*N(*)C=NN(*)*,amidrazone
O=[C]([R])N([C](=O)[R])[N]([R])[R],O=C(*)N(C(=O)*)N(*)*,n-amino imide
C=C(C(=O)[N]([R])[R])[N]([R])[R],C=C(C(=O)N(*)*)N(*)*,amino carbamoyl vinyl
O=C([N]([R])[R])[N]([R])OC[O][R],O=C(N(*)*)N(*)OCO*,alkoxyalkyl urea
O=[C]([R])N(C[S][R])[C](=O)[R],O=C(*)N(CS*)C(=O)*,n-sulfanylmethyl dicarbonyl
C=CC(=O)[N]([R])[C](=O)[R],C=CC(=O)N(*)C(=O)*,n-acyl acrylamide
OCOC[O][R],OCOCO*,acetal chain
O=C(C(Cl)=C(Cl)[S](=O)[R])[N]([R])[R],O=C(C(Cl)=C(Cl)S(=O)*)N(*)*,dichloro sulfinyl enamide
O=[C]([R])[N]([R])S(=O)(=O)[O][R],O=C(*)N(*)S(=O)(=O)O*,acyl sulfamate
O=[C]([R])C=C(O)[C](=O)[R],O=C(*)C=C(O)C(=O)*,13 dicarbonyl enol
[R][N][Car],*Nc,pyrrole ring
[R][I+][R],*[I&+]*,iodonium
[R][Fe][R],*[#26]*,iron coordination
C=CN(C=CC(=O)[N]([R])[R])C[O][R],C=CN(C=CC(=O)N(*)*)CO*,vinyl enaminone ether
O=P(O)(O)OP(=O)(O)[O][R],O=P(O)(O)OP(=O)(O)O*,pyrophosphate
O=C(C(=O)[N]([R])C(=O)[N]([R])[R])[N]([R])[R],O=C(C(=O)N(*)C(=O)N(*)*)N(*)*,oxamide carboxamide
O=[C]([R])C(=N[N]([R])[R])[C](=O)[R],O=C(*)C(=NN(*)*)C(=O)*,"1,3-dicarbonyl hydrazone"
C=CC=[N][Nar],C=CC=Nn,vinyl imino aromatic nitrogen
O=C([O][R])[N]([R])[S](=O)(=O)[R],O=C(O*)N(*)S(=O)(=O)*,n-sulfonylcarbamate
C#CC(=O)[O][R],C#CC(=O)O*,alkyne carboxylate
O=[S](=O)([R])C[S](=O)(=O)[R],O=S(=O)(*)CS(=O)(=O)*,bis sulfonyl methyl
O=[C]([R])[O][K],O=C(*)O[#19],potassium carboxylate
[Cl][Pt-2]([Cl])([Nar+])[Nar+],Cl[#78&-2](Cl)([n&+])[n&+],dianionic platinum with two cl and two aromatic n+
C=CC=CC(=O)[N]([R])C([C](=O)[R])=C1C=NC[N]1[R],C=CC=CC(=O)N(*)C(C(=O)*)=C1C=NCN1*,dienamido ketovinyl dihydroimidazole
C=C(Cl)C=C[C](=O)[R],C=C(Cl)C=CC(=O)*,chloro substituted conjugated dienone
O=[S](=O)([R])C(=C[N]([R])[R])[N]([R])[R],O=S(=O)(*)C(=CN(*)*)N(*)*,diamino imidazole sulfone
C=CC=N[N]([R])C(=O)[N]([R])[R],C=CC=NN(*)C(=O)N(*)*,conjugated semicarbazone
O=[C]1[R][C](=O)[N]([R])C(=S)[N]1[R],O=C1*C(=O)N(*)C(=S)N1*,sulfanylidene dione heterocycle
O=S(=O)(N=[S](=O)([R])[N]([R])[R])[N]([R])[R],O=S(=O)(N=S(=O)(*)N(*)*)N(*)*,sulfonimidoyl sulfonamide
C=C(C(=O)[N]([R])C(=C)C(=O)[N]([R])[R])[N]([R])[C](=O)[R],C=C(C(=O)N(*)C(=C)C(=O)N(*)*)N(*)C(=O)*,bis acrylamide substructure
C=C(C(=[N][R])[S][R])[N]([R])[C](=O)[R],C=C(C(=N*)S*)N(*)C(=O)*,thioimidate carbamoyl vinyl
C=CSC(=[N][R])[N]([R])[C](=O)[R],C=CSC(=N*)N(*)C(=O)*,vinyl thioamidine carbonyl
[R][S]S[S][R],*SSS*,trisulfide
C=C[N]([R])C(=O)[N]([R])[R],C=CN(*)C(=O)N(*)*,vinyl urea
C=CC(=O)[N]([R])C(=O)[O][R],C=CC(=O)N(*)C(=O)O*,n-acyl carbamate acrylamide
O=[C]([R])N(O)[C](=O)[R],O=C(*)N(O)C(=O)*,n-hydroxy imide
[R][N]=[P]([R])([R])[R],*N=P(*)(*)*,phosphine imine
O=[C]([R])N([O][R])[C](=O)[R],O=C(*)N(O*)C(=O)*,n-acyloxy-n-acylamine
O=[C]([R])O[I]([R])O[C](=O)[R],O=C(*)OI(*)OC(=O)*,diacyloxy iodane
C=CC([S][R])[S][R],C=CC(S*)S*,allylic bis(sulfide)
[R][N]1CSCSC1,*N1CSCSC1,"1,3,5 dithiazinane"
O=C([N](O)[R])[N]([R])[R],O=C(N(O)*)N(*)*,alkoxy tert amine urea
C=CC=N[N]([R])[S](=O)(=O)[R],C=CC=NN(*)S(=O)(=O)*,conjugated sulfamoyl hydrazone
O=[C]([R])[N]([R])C[N]([R])C(=O)[N]([R])[C](=O)[R],O=C(*)N(*)CN(*)C(=O)N(*)C(=O)*,amide methylene acylurea
O=[C]1[R][N]([C](=O)[R])C=C[N]1[R],O=C1*N(C(=O)*)C=CN1*,n-acyl quinoxalinone
O=C1C([N]([R])[C](=O)[R])[N]([R])C(=O)[N]1[R],O=C1C(N(*)C(=O)*)N(*)C(=O)N1*,hydantoin 4 acylurea
O=[C]([R])OC[S][R],O=C(*)OCS*,sulfanylalkyl ester
O=[C]([R])[N]([R])C(=O)[N]([R])C[N]([R])[S](=O)(=O)[R],O=C(*)N(*)C(=O)N(*)CN(*)S(=O)(=O)*,bisamide methylene sulfonamide
O=C([N]=[Car])[N]([R])[R],O=C(N=c)N(*)*,aromatic imidoyl urea
N#CC(=C[N]([R])[R])[C](=O)[R],N#CC(=CN(*)*)C(=O)*,cyano enamino carbonyl
C=NC(C(=O)[N]([R])[R])[N]([R])[C](=O)[R],C=NC(C(=O)N(*)*)N(*)C(=O)*,hydrazone diamide
C=CC=C([O][R])[N]([R])[R],C=CC=C(O*)N(*)*,hydroxypyridone
O=[C]([R])C=C[N]([R])C(=S)[N]([R])[R],O=C(*)C=CN(*)C(=S)N(*)*,thioureido enone
[R][O]C=C[O][R],*OC=CO*,enol ether
O=C(C=N[N]([R])[C](=O)[R])[O][R],O=C(C=NN(*)C(=O)*)O*,acyl hydrazone ester
O=[S](=O)([R])[N]=[Car],O=S(=O)(*)N=c,sulfonyl aromatic imine
N#CC=C[N]([R])C(=O)[N]([R])[R],N#CC=CN(*)C(=O)N(*)*,cyanovinyl urea
O=C1C=CS(=O)(=O)[N]1[R],O=C1C=CS(=O)(=O)N1*,dioxothiazolone
O=[C]([R])[N]([R])C=N[O][R],O=C(*)N(*)C=NO*,amidoxime
O=[C]([R])[N]([R])C(=O)C=C[N]([R])[N]([R])[R],O=C(*)N(*)C(=O)C=CN(*)N(*)*,hydrazinyl pyrimidinedione
C=CC=C1C(=O)C=CC1=O,C=CC=C1C(=O)C=CC1=O,cyclopentenedione with diene substituent
O=C1SC([N]([R])[C](=O)[R])C(=O)[N]1[R],O=C1SC(N(*)C(=O)*)C(=O)N1*,5-amido thiazolidinedione
O=S([O][R])[N]([R])[R],O=S(O*)N(*)*,sulfamate
O=C([N]([R])[R])[N]([R])[N]([R])[S](=O)(=O)[R],O=C(N(*)*)N(*)N(*)S(=O)(=O)*,urea hydrazine sulfonamide
S=[C]([Nar])[N]([R])[R],S=C(n)N(*)*,thioamidine
O=C([N]=[Car])[O][R],O=C(N=c)O*,azole carboxylate
O=[C]1[R][C](=O)[N]1[R],O=C1*C(=O)N1*,"azetidine 2,4 dione core"
O=C(C(=O)[N]([R])[N]([R])[C](=O)[R])[N]([R])[R],O=C(C(=O)N(*)N(*)C(=O)*)N(*)*,tertiary amino dicarbonyl hydrazide
O[N]([R])C=[N][R],ON(*)C=N*,hydroxyguanidine
[R][N]=CC=C([S][R])[N]([R])[R],*N=CC=C(S*)N(*)*,amino thioether dienamine
O=C(O)C=CC(=O)[O][R],O=C(O)C=CC(=O)O*,butenedioate
C=C(C(=O)[O][R])[N+](=O)[O-],C=C(C(=O)O*)[N&+](=O)[O&-],2-nitroacrylate
C=C([C](=O)[R])C(=O)[O][R],C=C(C(=O)*)C(=O)O*,beta keto acrylic
C=C(C(=O)[O][R])C(=O)[O][R],C=C(C(=O)O*)C(=O)O*,alkylidene malonate
O=C([O][R])C(=C[N]([R])[R])C(=[N][R])[N]([R])[C](=O)[R],O=C(O*)C(=CN(*)*)C(=N*)N(*)C(=O)*,5-oxopyrazolopyrimidine-3-carboxylic acid
O=[C]([R])C=C([C](=O)[R])C(=O)[O][R],O=C(*)C=C(C(=O)*)C(=O)O*,beta keto dicarboxylic acid
O=C([O][R])C1C[N]1[R],O=C(O*)C1CN1*,aziridine-2-carboxylate ester
C#C[O][R],C#CO*,oxy alkynes
O=[C]1[R][S]C(=S)[N]1[R],O=C1*SC(=S)N1*,rhodanine
C=CC(=O)[N]([R])[S](=O)(=O)[R],C=CC(=O)N(*)S(=O)(=O)*,acryloyl sulfonamide
O=[C]([R])P(=O)([O][R])[O][R],O=C(*)P(=O)(O*)O*,carbonyl phosphonate
O=P([O][R])([N]([R])[R])[N]([R])[R],O=P(O*)(N(*)*)N(*)*,diaminophosphinic acid
O=[C]([R])C(=CO)C(=O)[N]([R])C[N]([R])[R],O=C(*)C(=CO)C(=O)N(*)CN(*)*,ketone enol carbamate tertiary amine
O=[S]([R])[N]([R])[R],O=S(*)N(*)*,sulfinamide
O=S1(=O)N=C[N]([R])C[N]1[R],O=S1(=O)N=CN(*)CN1*,"1,2,4,6-thiatriazine 1,1-dioxide"
C=CC(=O)[N]([R])C[N]([R])C(=S)[N]([R])[R],C=CC(=O)N(*)CN(*)C(=S)N(*)*,acrylamide methylenediamine thiourea
O=[C]([R])N([C](=O)[R])[C](=O)[R],O=C(*)N(C(=O)*)C(=O)*,nitrogen tris carbonyl
O=C1C=CC(O)[N]1[R],O=C1C=CC(O)N1*,2 hydroxy pyrrolone
O=C(C1[S][R][C](=O)[N]1[R])[N]([R])[R],O=C(C1S*C(=O)N1*)N(*)*,thiazolidinedione
C1N=N1,C1N=N1,diazirines
[R][N]=C(N=C([S][R])[N]([R])[R])[N]([R])[R],*N=C(N=C(S*)N(*)*)N(*)*,thioamidine guanidine
O=[C]1[R][C](=O)[N]([R])C(=[N][R])[N]1[R],O=C1*C(=O)N(*)C(=N*)N1*,barbituric acid imine
O=C(C=CC(=O)[N]([R])[R])[N]([R])[R],O=C(C=CC(=O)N(*)*)N(*)*,but-2-enediamide
O=C[C](=O)[R],O=CC(=O)*,1.2-dicarbonyls
O=c1cc[n]([R])c(=[N][R])[n]1[R],O=c1ccn(*)c(=N*)n1*,2 oxo 4 imino pyrimidine
C=C(C(=O)[O][Na])N(C[S][R])[C](=O)[R],C=C(C(=O)O[#11])N(CS*)C(=O)*,sodium thioalkylamido acrylate carboxylate
O=C(O)C=CC(=O)O,O=C(O)C=CC(=O)O,unsaturated dicarboxylic acid
O=C(O)C=CC(=O)[N]([R])[N]([R])[C](=O)[R],O=C(O)C=CC(=O)N(*)N(*)C(=O)*,conjugated diacyl hydrazine
O=[C]([R])C=CN=c1cc[n]([R])[n]1[R],O=C(*)C=CN=c1ccn(*)n1*,pyrazole enone imine
C=C(C(=O)OCO[C](=O)[R])N(C[S][R])[C](=O)[R],C=C(C(=O)OCOC(=O)*)N(CS*)C(=O)*,cephalosporin acyloxyalkyl ester
ClC=N[O][R],ClC=NO*,chloro oxime
C=CC=C[N]([R])[R],C=CC=CN(*)*,alkyl chain with two adjacent chiral carbons
C=C(C(=O)O)N1C(=O)C([O][R])([N]([R])[C](=O)[R])C1[S][R],C=C(C(=O)O)N1C(=O)C(O*)(N(*)C(=O)*)C1S*,n-acryloyl beta-lactam
O=C(O)C1CO1,O=C(O)C1CO1,oxirane carboxylic acid
C=NC=[N+]([O-])[R],C=NC=[N&+]([O&-])*,heterocyclic n oxide
O=[S](=O)([R])N1CC1,O=S(=O)(*)N1CC1,sulfonylaziridine
C=[N+]([O-])C[N](O)[R],C=[N&+]([O&-])CN(O)*,nitrile oxide alkyl hydroxylamine
O=C1C=CC(=O)C([O][R])=C1[O][R],O=C1C=CC(=O)C(O*)=C1O*,ortho-dioxygenated p-quinone
[O][N]([R])[R],ON(*)*,hydroxylamine
[R][N]=c1cccn[n]1[R],*N=c1cccnn1*,pyrazole hydrazone
[R][N]=c1scc[n]1[R],*N=c1sccn1*,5 iminothiazole
O=[C]([R])C=C(O)C(=O)[O][R],O=C(*)C=C(O)C(=O)O*,beta-keto acid enol ester
O=C1C=CC(=O)N1[N]([R])[R],O=C1C=CC(=O)N1N(*)*,n-aminomaleimide
[R][N]1C=NOC1,*N1C=NOC1,"1,2,4-oxadiazole"
O=[P]([R])([O][R])[N]([R])[R],O=P(*)(O*)N(*)*,phosphoramidate
O=[C]([R])C(O)([O][R])C([O][R])[O][R],O=C(*)C(O)(O*)C(O*)O*,polyhydroxy carbonyl chain
O=P(O)([O][R])OP(=O)([O][Na])OP(=O)([O][Na])[O][Na],O=P(O)(O*)OP(=O)(O[#11])OP(=O)(O[#11])O[#11],sodium triphosphate
O=[P]([R])([R])[N]([R])[R],O=P(*)(*)N(*)*,phosphoramide
C=CC=CO[Si]([R])([R])[R],C=CC=CO[#14](*)(*)*,dienoxy silane
O=[C]([R])C(=C[N]([R])[R])C(=O)[O][R],O=C(*)C(=CN(*)*)C(=O)O*,"1,3-dicarbonyl enamine"
O=C(O)C=CC=CC=CC=CC(=O)[O][R],O=C(O)C=CC=CC=CC=CC(=O)O*,conjugated tetraene diacid and ester
[R][O]COCOCO[O][R],*OCOCOCOO*,trioxa peroxy
N#CC(C#N)=N[N]([R])[R],N#CC(C#N)=NN(*)*,dicyano hydrazone
O=[C]([R])C=[N][R],O=C(*)C=N*,alpha imino carbonyl
C=C([N]([R])[R])[N]([R])[N]([R])[C](=O)[R],C=C(N(*)*)N(*)N(*)C(=O)*,geminal triamino carbonyl alkene
[R][S]C[N]([R])C[S][R],*SCN(*)CS*,amino linked alkyl sulfides
O=[C]([R])C(=O)C=C[O][R],O=C(*)C(=O)C=CO*,12 dicarbonyl enol ether
O=C(O)C=N[N]([R])[R],O=C(O)C=NN(*)*,hydrazone carboxylic acid
C=CC=C(C(=O)[N]([R])[R])[N]([R])[C](=O)[R],C=CC=C(C(=O)N(*)*)N(*)C(=O)*,gem diamide butadiene
O=[S]([R])(=[N][R])[N]([R])[R],O=S(*)(=N*)N(*)*,sulfonimidamide
O=[C]([R])N=[S](=O)([R])[N]([R])[R],O=C(*)N=S(=O)(*)N(*)*,sulfondiimine amide
C=C=C[Si]([R])([R])[R],C=C=C[#14](*)(*)*,allenyl silane
C=CC1=CC([CH]=[Car])=NC1=O,C=CC1=CC([C&H1]=c)=NC1=O,vinyl methylidene pyrrolinone
C=C1C=CC(=O)[N]1[R],C=C1C=CC(=O)N1*,5-alkylidene pyrrolone
O=[C]1[R][N]([R])N(C(=O)[N]([R])[R])C[N]1[R],O=C1*N(*)N(C(=O)N(*)*)CN1*,lactam n carboxamide
C=CC=CC(=O)[N]([R])C1=CC(=O)C([N]([R])[R])=CC1=O,C=CC=CC(=O)N(*)C1=CC(=O)C(N(*)*)=CC1=O,quinone dienone amine conjugate
O=C1C=CC([S][R])([S][R])O1,O=C1C=CC(S*)(S*)O1,"α,α-dithio substituted butenolides"
O=[S](=O)([R])[N]([Na])[R],O=S(=O)(*)N([#11])*,sulfonamide sodium salt
[R][S]C(=N[N]([R])C=C1C=CC=N1)[N]([R])[R],*SC(=NN(*)C=C1C=CC=N1)N(*)*,vinyl pyridyl thiosemicarbazide derivatives
O=C1[N]([R])C[N]1[R],O=C1N(*)CN1*,diazetidinone
C=NO[S](=O)(=O)[R],C=NOS(=O)(=O)*,oxime sulfonate
O=[S](=O)([R])[N]([R])C#C[Si]([R])([R])[R],O=S(=O)(*)N(*)C#C[#14](*)(*)*,silylethynyl sulfonamide
C=C(Br)Br,C=C(Br)Br,gem-dibromo terminal alkene
[R][N]=C[N]([R])C=[N][R],*N=CN(*)C=N*,biguanide
O=C([O][R])[S][R],O=C(O*)S*,"o,s-ester"
[R][S]C([S][R])[S][R],*SC(S*)S*,polysulfide
O=C(C=C([S][R])[S][R])[O][R],O=C(C=C(S*)S*)O*,dithioacrylate
[R][N]([R])C=CC=CC=CC=CC=[N+]([R])[R],*N(*)C=CC=CC=CC=CC=[N&+](*)*,polyene chain between tertiary amine and quaternary ammonium
C=CC=CC=CC=CC=C,C=CC=CC=CC=CC=C,naphthalene core
C=CC=C1SC(=O)[N]([R])C1=O,C=CC=C1SC(=O)N(*)C1=O,butadienylidene thiazolidinedione
C=N[N]([R])C=N[S](=O)(=O)[R],C=NN(*)C=NS(=O)(=O)*,sulfonyl imine hydrazone
O=[C]([R])[Se][R],O=C(*)[#34]*,selenoester
C=CC(=O)[C](=O)[R],C=CC(=O)C(=O)*,conjugated 12 dicarbonyl
O=[C]([R])C=C([S][R])[N]([R])[R],O=C(*)C=C(S*)N(*)*,beta-amino beta-thio enone
O=C([O][R])C([N]([R])[C](=O)[R])[N]([R])[C](=O)[R],O=C(O*)C(N(*)C(=O)*)N(*)C(=O)*,"2,2-diamido carboxylic acid"
O=[C]([R])OC[N]([R])[C](=O)[R],O=C(*)OCN(*)C(=O)*,n-acyl aminomethyl ester
O=[C]([R])C(O)[N]([R])[C](=O)[R],O=C(*)C(O)N(*)C(=O)*,n acyl alpha hydroxy carbonyl
O=[C]([R])OC[N]([R])[S](=O)(=O)[R],O=C(*)OCN(*)S(=O)(=O)*,sulfonamide alkyl ester
O=C([O][R])[N]([R])C[S][R],O=C(O*)N(*)CS*,carbamate thioether
O=C(O)C1OC1C(=O)[N]([R])[R],O=C(O)C1OC1C(=O)N(*)*,2 carboxy 3 carboxamide oxirane
O=[C]([R])C(=CC=N[S](=O)(=O)[R])[S][R],O=C(*)C(=CC=NS(=O)(=O)*)S*,alpha thio sulfonylimino enone
O=[C]1N=C([N]([R])C(=O)[N]([R])[R])[O][R]1,O=C1N=C(N(*)C(=O)N(*)*)O*1,oxazetidinyl urea
O=[C]1N=C[S][R]1,O=C1N=CS*1,thiazolone
[R][N]1CN=C([N]([R])[R])[N]([R])C1,*N1CN=C(N(*)*)N(*)C1,4-amino dihydrotriazine
O=[P]([R])([R])[O][R],O=P(*)(*)O*,phosphoric ester
C=CC([O][R])OC[O][R],C=CC(O*)OCO*,allyl alkoxymethyl acetal
O=[C]1N=C([N]([R])[C](=O)[R])[S][R]1,O=C1N=C(N(*)C(=O)*)S*1,thiazolinone amide
C=NOC[O][R],C=NOCO*,oxime methylene ether
O=[C]([R])N=c1cccc[n]1[R],O=C(*)N=c1ccccn1*,n-substituted hetaryl hydrazone
C=CN1C[N]([R])C(=S)[N]1[R],C=CN1CN(*)C(=S)N1*,"vinyl 1,2,4-triazole thione"
C=C[N]([R])[N]([R])C=C,C=CN(*)N(*)C=C,divinyl diamine chain
O=C(C=C[N]([R])C=C[N+](=O)[O-])[O][R],O=C(C=CN(*)C=C[N&+](=O)[O&-])O*,nitrovinyl enamine acrylate
C=CC=CC=CC=CC=CC(=O)O,C=CC=CC=CC=CC=CC(=O)O,polyenoic acid
N#CC=C[N]([R])C=CC#N,N#CC=CN(*)C=CC#N,polycyano-substituted five-membered heterocycle
[O-][Cl+3]([O-])([O-])O,[O&-][Cl&+3]([O&-])([O&-])O,perchlorates
C=C1C=CC(=[N][R])C=C1,C=C1C=CC(=N*)C=C1,vinyl imino diene
O=C1C=CC(=NO[S](=O)(=O)[R])C=C1,O=C1C=CC(=NOS(=O)(=O)*)C=C1,cyclohexadienone oxime sulfonate
O=P(O)([O][Na])[O][R],O=P(O)(O[#11])O*,sodium alkyl hydrogen phosphate
O=C[N]([R])C=CS[C](=O)[R],O=CN(*)C=CSC(=O)*,enamide thioester vinyl sulfide
[R][N]([R])[N]=[Car],*N(*)N=c,aryl tertiary hydrazone
[R][O]C([O][R])C1CO1,*OC(O*)C1CO1,acetal epoxide
O=[C]([R])[N]([R])C1=[N][R][C](=O)[N]1[R],O=C(*)N(*)C1=N*C(=O)N1*,n-2-imidazolone amide
O=[S](=O)([R])[N]([R])[Nar],O=S(=O)(*)N(*)n,azole sulfonyl
O=C1[N]([R])C[N]([R])[N]1[R],O=C1N(*)CN(*)N1*,"1,2,4-triazolidin-3-one"
O=[S](=O)([R])N=CCl,O=S(=O)(*)N=CCl,sulfonyl imidoyl chloride
C=NN=C([S][R])[N]([R])[C](=O)[R],C=NN=C(S*)N(*)C(=O)*,thioamidine hydrazone carboxamide
O=[C]([R])C=C([C](=O)[R])[N]([R])[R],O=C(*)C=C(C(=O)*)N(*)*,conjugated dione amine
[R][S]C(=N[N]([R])[CH]=[Car])[N]([R])[R],*SC(=NN(*)[C&H1]=c)N(*)*,thioether hydrazone vinyl aromatic
O=[C]([R])[N]([R])C(=S)[N]([R])C[N]([R])[R],O=C(*)N(*)C(=S)N(*)CN(*)*,n-acyl thiourea methylene tert-amine
O=[S](=O)([R])[N][S](=O)(=O)[R],O=S(=O)(*)NS(=O)(=O)*,disulfonimide
[R][N]([R])C[N]([R])[N]([R])[R],*N(*)CN(*)N(*)*,tertiary amine methylene hydrazine
O=C([N]([R])[R])[N]([R])C[S](=O)(=O)[R],O=C(N(*)*)N(*)CS(=O)(=O)*,sulfonylalkyl urea
C=CC(C=CC(=O)[O][R])=CC(=O)[N]([R])[R],C=CC(C=CC(=O)O*)=CC(=O)N(*)*,diene with acrylate and alkylamide
S=C1[N]([R])C[N]([R])[N]1[R],S=C1N(*)CN(*)N1*,"1,2,4-triazolidinethione"
O=[C]([R])N=c1sc([S][R])n[n]1[R],O=C(*)N=c1sc(S*)nn1*,thiadiazole acyl amidine thioether
O=C([O][R])[N](O)[R],O=C(O*)N(O)*,n-hydroxy carbamate
O=C([N]([R])[R])[N]([R])C([O][R])[O][R],O=C(N(*)*)N(*)C(O*)O*,urea with geminal dioxy substituent
C=N[N]([R])C=O,C=NN(*)C=O,acyl hydrazone
O=C(C1OC1C(=O)[N]([R])[R])[N]([R])[R],O=C(C1OC1C(=O)N(*)*)N(*)*,epoxide dicarboxamide derivatives
O=C1C=C([N]([R])C([O][R])C2C[N]2[R])C(=O)C=C1[N]([R])[R],O=C1C=C(N(*)C(O*)C2CN2*)C(=O)C=C1N(*)*,bicyclomycin core
S=C(SSC(=S)[N]([R])[R])[N]([R])[R],S=C(SSC(=S)N(*)*)N(*)*,thiuram disulfide
ON=CC=NO,ON=CC=NO,vicinal dioxime
O=C(C=C1[S][R][C](=O)[N]1[R])[O][R],O=C(C=C1S*C(=O)N1*)O*,"4-oxo-1,3-thiazolidin-2-ylidene acetate ester"
C=C[N]([R])[N]([R])C(=C)C(=O)[O][R],C=CN(*)N(*)C(=C)C(=O)O*,vinyl hydrazine acrylate
O=C(C=C([O][R])[N]([R])[R])[O][R],O=C(C=C(O*)N(*)*)O*,3-amino-2-alkoxyacrylate
C=C[N]([R])[N]([R])C=CC(=O)[O][R],C=CN(*)N(*)C=CC(=O)O*,vinyl hydrazine acrylate
C=C[C](=O)[Nar],C=CC(=O)n,heteroaryl acrylamides
O=[C]([R])OCOC(=O)[O][R],O=C(*)OCOC(=O)O*,methylene dicarbonate
O=C1C=N[N]([R])C([S][R])([N]([R])[R])[N]1[R],O=C1C=NN(*)C(S*)(N(*)*)N1*,3 amino 3 thioether triazinone
N#C[C]([Nar])=C([S][R])[S][R],N#CC(n)=C(S*)S*,heteroaryl dithio acrylonitrile
O=[C]([R])[N]([R])N=C[N]([R])[R],O=C(*)N(*)N=CN(*)*,acyl hydrazone amidine
C=C1OC(=S)[N]([R])C1=O,C=C1OC(=S)N(*)C1=O,alkylidene thioxo oxazolidinone
C=CC=C1C(=O)[N]([R])C(=O)[N]([R])C1=O,C=CC=C1C(=O)N(*)C(=O)N(*)C1=O,dienylidene barbiturate
O=[C]([R])C=C1[S][R][C](=O)[N]1[R],O=C(*)C=C1S*C(=O)N1*,thiazolidinone enone
O=[C]([R])C(=C[N]([R])[N]([R])[R])[C](=O)[R],O=C(*)C(=CN(*)N(*)*)C(=O)*,beta dicarbonyl hydrazone
C=C1C(=O)C(C(=O)[O][R])=C[N]1[R],C=C1C(=O)C(C(=O)O*)=CN1*,activated fused ester
C=C1SC=NC1=O,C=C1SC=NC1=O,5-ylidene thiazol-4-one
O=P([O][R])([O][R])[S][R],O=P(O*)(O*)S*,phosphorothioate
O=S,O=S,sulfur oxygen double bond
O=[C]([R])[N]([R])C([O][R])[O][R],O=C(*)N(*)C(O*)O*,n gem-dioxy amide
C=CC=CC(=O)[N]([R])C1=CC(=O)C([O][R])=CC1=O,C=CC=CC(=O)N(*)C1=CC(=O)C(O*)=CC1=O,quinone with diene amide and ether substitution
O=[S](=O)([R])C=C[S][R],O=S(=O)(*)C=CS*,sulfonyl vinyl sulfide
C=C1N=C([S][R])SC1=O,C=C1N=C(S*)SC1=O,alkylidene thiazolone
O=S(=O)([N]([R])[R])[N]([R])C=[N][R],O=S(=O)(N(*)*)N(*)C=N*,sulfonyl amidine
O=[C]1[R][N]([R])CN(C[O][R])C[N]([R])C([N]([R])[R])[N]1[R],O=C1*N(*)CN(CO*)CN(*)C(N(*)*)N1*,hydroxyethyl polyaza lactam
C=N[N]([R])C=C[C](=O)[R],C=NN(*)C=CC(=O)*,hydrazone vinyl ketone
OC=C(C(=[N][R])[O][R])[N]([R])[R],OC=C(C(=N*)O*)N(*)*,amino enol carboximidate
N#C[N]([R])C1=NC[N]([R])C[N]1[R],N#CN(*)C1=NCN(*)CN1*,dihydrotriazine cyanamide
O=C(N=C[N]([R])[R])[N]([R])[R],O=C(N=CN(*)*)N(*)*,guanidine carbonyl
C=C1SC(=S)N(C[N]([R])[R])C1=O,C=C1SC(=S)N(CN(*)*)C1=O,n-dialkylaminomethyl rhodanine
O[N]([R])C(=[N][R])[N]([R])[R],ON(*)C(=N*)N(*)*,hydroxyguanidine
O=C(O)C(=CCl)N(C[S][R])[C](=O)[R],O=C(O)C(=CCl)N(CS*)C(=O)*,3 chlorocephem
N#CC1=C([N]([R])[R])SC[N]([R])C1=O,N#CC1=C(N(*)*)SCN(*)C1=O,cyano amino thiazinone
[R][N]=C([N]([R])[R])[N]([R])[O][R],*N=C(N(*)*)N(*)O*,n-oxyguanidine
O=C([N]([R])[R])[N]([R])OS(=O)(=O)O,O=C(N(*)*)N(*)OS(=O)(=O)O,urea sulfamate
C=N[N]([R])C1C(=O)[N]([R])C=N[N]1[R],C=NN(*)C1C(=O)N(*)C=NN1*,dihydrazone ketone ring
C1CS1,C1CS1,thiiranes
O=C(C=[P]([R])([R])[R])[O][R],O=C(C=P(*)(*)*)O*,phosphorus ylide carboxylate
C=C(Br)C=N[N]([R])[C](=O)[R],C=C(Br)C=NN(*)C(=O)*,bromovinyl acyl hydrazone
O=C(O)C=N[N]([R])[C](=O)[R],O=C(O)C=NN(*)C(=O)*,carboxylic acid hydrazone carbonyl
O=[P](O)([R])[O][Na],O=P(O)(*)O[#11],sodium phosphate
C=CC(=C)C(=O)[O][R],C=CC(=C)C(=O)O*,conjugated diene ester
O=C1C=CC([N]([R])[R])O1,O=C1C=CC(N(*)*)O1,amino furanone
C=C(Cl)[C](=O)[R],C=C(Cl)C(=O)*,beta chloro acryl carbonyl
C=N[N]([R])C=S,C=NN(*)C=S,thioacyl hydrazone
[R][N]=C([S][R])[N]([R])[N]([R])[R],*N=C(S*)N(*)N(*)*,thioimidoyl hydrazine
OC[N+]([R])=C([S][R])[N]([R])[R],OC[N&+](*)=C(S*)N(*)*,oxyalkyl thioamidinium
[R][N]([R])C=[N+]([R])[R],*N(*)C=[N&+](*)*,guanidinium ion
[R][N][R],*N*,aromatic methylamine
[Sar+],[s&+],sulfur cation
C1OCOO1,C1OCOO1,"1,2,4-trioxolane"
O=S(=O)([O][K])[O][R],O=S(=O)(O[#19])O*,potassium O-sulfate
[R][N]([R])C1=NCN=C([N]([R])[R])[N]1[R],*N(*)C1=NCN=C(N(*)*)N1*,diamidino triazine
O=[C]1[R][N]=C2C(=NC=C[N]2[R])[N]1[R],O=C1*N=C2C(=NC=CN2*)N1*,noname
[R][N]([R])C[N+]([R])([R])[R],*N(*)C[N&+](*)(*)*,tertiary amine methylene quaternary ammonium
O=P(O)(O)O[P](=O)(O)[R],O=P(O)(O)OP(=O)(O)*,diphosphoric acid
O=P(O)(OC[O][R])[N]([R])[R],O=P(O)(OCO*)N(*)*,hydroxy ether phosphoramidate
O=P(O)(O)C1CO1,O=P(O)(O)C1CO1,epoxide phosphonic acid or ester
[R][N]=C(N=C[N]([R])[R])[S][R],*N=C(N=CN(*)*)S*,amidine thioether
O=P(O)([O][R])OP(=O)(O)OP(=O)(O)OP(=O)(O)[O][R],O=P(O)(O*)OP(=O)(O)OP(=O)(O)OP(=O)(O)O*,tetraphosphate diester
[R][Pt][R],*[#78]*,platinum coordination
C=C(C(=O)[N]([R])[R])[S](=O)(=O)[R],C=C(C(=O)N(*)*)S(=O)(=O)*,geminal amide sulfone
O=C([S][R])[N](O)[R],O=C(S*)N(O)*,thiohydroxamate
O=P([O][Na])([O][R])[O][R],O=P(O[#11])(O*)O*,sodium phosphate
O=C1OC(C(=O)[O][R])N=C1[S][R],O=C1OC(C(=O)O*)N=C1S*,thiazolidinone ester
O=C([O][R])OC(=O)[N]([R])[R],O=C(O*)OC(=O)N(*)*,carbamoyl carbonate
C=NCN=C,C=NCN=C,hexasubstituted benzene
C=N[N]([R])C=[N][R],C=NN(*)C=N*,azine
O=C(N=NC(=O)[N]([R])[R])[N]([R])[R],O=C(N=NC(=O)N(*)*)N(*)*,azodicarbonamides
C=CC=C1C=CC(=O)C(O)=C1,C=CC=C1C=CC(=O)C(O)=C1,ortho hydroxy ketone
C=CC(C=C)=N[O][R],C=CC(C=C)=NO*,dialkenyl oxime ether
C=CC(=O)[O][Na],C=CC(=O)O[#11],"sodium α, β-unsaturated carboxylate"
O=[C]1[R][N](C(=O)[O][R])C[N]1[R],O=C1*N(C(=O)O*)CN1*,azolidinone carbamate
O=C(C=CC1CO1)[O][R],O=C(C=CC1CO1)O*,epoxy acrylate ester
ClC=CC=[N+]([R])[R],ClC=CC=[N&+](*)*,chloro vinyl iminium
C=CC=CC=C[N]([R])[R],C=CC=CC=CN(*)*,basic amine
O=C[N]([R])C=CS[S][R],O=CN(*)C=CSS*,disulfanylvinyl amide
C=NC(=O)[N]([R])[R],C=NC(=O)N(*)*,carbamoylamidine
C=CC=CC=CC(=O)O,C=CC=CC=CC(=O)O,conjugated trienoic acid
O=[C]([R])C(=CO)[C](=O)[R],O=C(*)C(=CO)C(=O)*,"1,3-dicarbonyl enol ether"
O=C(C=N[O][R])[O][R],O=C(C=NO*)O*,oxime carboxylate
C=CC(OC=CC(=O)[O][R])OC[O][R],C=CC(OC=CC(=O)O*)OCO*,acrylate enol ether acetal
C=CC(=O)[N]([R])C[N]([R])C(=O)[O][R],C=CC(=O)N(*)CN(*)C(=O)O*,acrylamide methylenediamine carbamate
C=CC=NN=C,C=CC=NN=C,pyridazine ring
C=N[N]([R])C(=[N][R])[N]([R])[S](=O)(=O)[R],C=NN(*)C(=N*)N(*)S(=O)(=O)*,sulfonyl guanidine with imino substituent
C=CO[O][R],C=COO*,non n-aryl aromatic amide
C=C([N]([R])[R])[N]([R])[R],C=C(N(*)*)N(*)*,gem-diamino alkene
C=C=C[N]([R])[R],C=C=CN(*)*,allenyl amine
S,S,sulfur
C=CN=CC=C(C=C)[N]([R])[C](=O)[R],C=CN=CC=C(C=C)N(*)C(=O)*,conjugated enamine amide
O=C(C=CC(=O)[N]([R])C(=O)[N]([R])[R])[O][R],O=C(C=CC(=O)N(*)C(=O)N(*)*)O*,carbamoylamino oxo butenoate
C=C1C=NOC1=O,C=C1C=NOC1=O,4-alkylidene isoxazolone
ClC(C=C[N]([R])[R])=CC=[N][R],ClC(C=CN(*)*)=CC=N*,chloro amino vinyl imine diene
[R][S]C=C[S][R],*SC=CS*,dithio vinyl
C=C1C=C(I)C=[N+]1[B-](F)(F)[Nar],C=C1C=C(I)C=[N&+]1[B&-](F)(F)n,iodo bodipy core
[R][O][B-]([R])([O][R])[N+]([R])([R])[R],*O[B&-](*)(O*)[N&+](*)(*)*,borate ammonium
C=CSC(=[N][R])[N]([R])[R],C=CSC(=N*)N(*)*,vinyl thiourea
C=C(C(=O)[O][R])C(O)[O][R],C=C(C(=O)O*)C(O)O*,gem-dioxy acrylic acid
[R][N]=[N+]=[N][R],*N=[N&+]=N*,azide
O=[S](=O)([R])[N]([R])C(Cl)=CCl,O=S(=O)(*)N(*)C(Cl)=CCl,"1,2-dichloroethenyl sulfonamide"
O=[C]([R])C([S][R])[S][R],O=C(*)C(S*)S*,alpha dithio carbonyl
C=CO[Si]([R])([R])[R],C=CO[#14](*)(*)*,silyl enol ether
O=[C]([R])OC([O][R])[O][R],O=C(*)OC(O*)O*,acetal ester
O=[C]([R])[O][Pt]1([O][C](=O)[R])([N]([R])[R])([N]([R])[R])[O]C(=O)C(=O)[O]1,O=C(*)O[#78]1(OC(=O)*)(N(*)*)(N(*)*)OC(=O)C(=O)O1,oxalatoplatinum diamine dicarboxylate
O=C(O)[O][R],O=C(O)O*,carbonate
C=C[N]([R])C(=O)[O][R],C=CN(*)C(=O)O*,vinyl carbamate
[N-]=[N+]=N[S](=O)(=O)[R],[N&-]=[N&+]=NS(=O)(=O)*,sulfonyl azide
[Cl][Ir]=[Car],Cl[#77]=c,chloroiridium carbene
[R][S][Si]([R])([R])[R],*S[#14](*)(*)*,silyl sulfide
S=C([O][R])[O][R],S=C(O*)O*,dithiocarbonate
C=CC([O][R])[N]([R])[R],C=CC(O*)N(*)*,allylic hemiaminal
O=C([O][R])C([S][R])[N]([R])[R],O=C(O*)C(S*)N(*)*,thiazolidine carboxylic acid
[R][O][Nar+],*O[n&+],aryl n-hydroxy group
[R][N]=NC=C([S][R])[S][R],*N=NC=C(S*)S*,azo ketene dithioacetal
C1N2CN3CN1CN(C2)C3,C1N2CN3CN1CN(C2)C3,tetraazadamantane
S=C([O][R])[S][R],S=C(O*)S*,dithiocarbonate
C=CC=CC=CC=CC=CC(=O)[N]([R])[R],C=CC=CC=CC=CC=CC(=O)N(*)*,fused heterocyclic nitrogen-adjacent amide
C=CC=CC=N[N]([R])[C](=O)[R],C=CC=CC=NN(*)C(=O)*,conjugated acylhydrazone
C=CC=N[N]([R])C(=[N][R])[S][R],C=CC=NN(*)C(=N*)S*,conjugated hydrazinyl iminothioether
C=CC=C([S][R])[N]([R])[R],C=CC=C(S*)N(*)*,conjugated diene sulfenamide
C=CC=C1C(=O)[N]([R])C(=S)[N]1[R],C=CC=C1C(=O)N(*)C(=S)N1*,conjugated diene substituted 2-thiohydantoin
C=C(C=CC(=O)O)C(=O)O,C=C(C=CC(=O)O)C(=O)O,conjugated diene diacid
O=[C]([R])C=CC=[N][R],O=C(*)C=CC=N*,carbonyl vinyl imine
O=[C]([R])C(=C[N]([Nar])[C](=O)[R])[S][R],O=C(*)C(=CN(n)C(=O)*)S*,triazolothiadiazine diketone
C=CC(=O)[N]([R])C(=[N][R])[S][R],C=CC(=O)N(*)C(=N*)S*,thiazole acrylamide
O=[C]([R])N=C[N]([R])[R],O=C(*)N=CN(*)*,acylamidine
O=[C]([R])C(O)O,O=C(*)C(O)O,geminal diol carbonyl
O=[C]([R])[N]([R])C1[N]([R])C[N]([R])C[N](C[O][R])[R][C](=O)[N]1[R],O=C(*)N(*)C1N(*)CN(*)CN(CO*)*C(=O)N1*,n hydroxymethyl lactam
O=[C]([R])C=CO[C](=O)[R],O=C(*)C=COC(=O)*,conjugated enol ester
C=CC=COCO[C](=O)[R],C=CC=COCOC(=O)*,dienyloxymethyl ester
O=[C]([R])OCO[P](=O)([R])OCO[C](=O)[R],O=C(*)OCOP(=O)(*)OCOC(=O)*,bis acyloxymethyl phosphate
OC[N]([R])C([S][R])=[N+]([R])[R],OCN(*)C(S*)=[N&+](*)*,thiourea derivative with carbamate and charged nitrogen
O=C(O)C=N[O][R],O=C(O)C=NO*,2-oximino carboxylates
O=[C]([R])C=C[N]([R])C(=O)[N]([R])C(=O)[N]([R])[R],O=C(*)C=CN(*)C(=O)N(*)C(=O)N(*)*,beta enamino carbonyl diamide
C1OC1C1OC1C1CO1,C1OC1C1OC1C1CO1,triepoxide chain
[N-]=[N+]=C[C](=O)[R],[N&-]=[N&+]=CC(=O)*,diazo carbonyl
O=[C]1[R][N]([R])C[N]([R])C[N]([R])C([N]([R])[R])[N]1[R],O=C1*N(*)CN(*)CN(*)C(N(*)*)N1*,nine membered tetraaza lactam
[R][N]=C[N]([R])N=C[N]([R])[R],*N=CN(*)N=CN(*)*,biguanide
O=C(C1C[N]1[R])[N]([R])[R],O=C(C1CN1*)N(*)*,aziridine tertiary carboxamide
O=[C]1[R][N](C[N]([R])[R])C(=O)[N]1[R],O=C1*N(CN(*)*)C(=O)N1*,aminomethyl hydantoin
[R][N]=CN=C[N]([R])[R],*N=CN=CN(*)*,biguanide
O=[C]1[R][N](C(=O)[N]([R])[R])C(=O)[N]1[R],O=C1*N(C(=O)N(*)*)C(=O)N1*,heterocyclic dicarbonyl n carboxamide
O=C([O][R])OCO[P](=O)([R])OCOC(=O)[O][R],O=C(O*)OCOP(=O)(*)OCOC(=O)O*,bis carbonate methylene phosphate
C=CC(=O)[N]([R])N=[N][R],C=CC(=O)N(*)N=N*,triazenyl acrylamide
C=CC1CO1,C=CC1CO1,vinyl epoxide
[R][N]([R])C1=NCN=C1,*N(*)C1=NCN=C1,amino imidazole
C#CO[O][R],C#COO*,peroxide ring linker
C=CC=CC=CC=CC=CC=CC=CC=CC=CC=CC=C,C=CC=CC=CC=CC=CC=CC=CC=CC=CC=CC=C,polyene
ClC(C=CC=C[N]([R])[R])=CC=CC=[N+]([R])[R],ClC(C=CC=CN(*)*)=CC=CC=[N&+](*)*,chloro nonamethine cyanine
OC=CC=[N][R],OC=CC=N*,six-membered heteroaryl ring
O=C([N]([R])[R])[N]([R])C(=[N][R])[O][R],O=C(N(*)*)N(*)C(=N*)O*,n-carbamoylcarbamimidate
[O-][N+](=C[N]([R])[R])CO,[O&-][N&+](=CN(*)*)CO,hydroxymethyl tertiary amine substituted iminium n-oxide
C=CC#C[Si]([R])([R])[R],C=CC#C[#14](*)(*)*,enynyl silane
O=[C]([R])[O][Ca][O][C](=O)[R],O=C(*)O[#20]OC(=O)*,calcium dicarboxylate
[R][N]1CSC=N1,*N1CSC=N1,"1,3,4-thiadiazole ring"
O=C(C=C[S][R])[O][R],O=C(C=CS*)O*,3-sulfanylacrylate
[O-][N+]1=CC=[N+]([O-])C1,[O&-][N&+]1=CC=[N&+]([O&-])C1,imidazolium dioxide
O=[C]([R])C=C[N]([R])C=CC(=O)[N]([R])[R],O=C(*)C=CN(*)C=CC(=O)N(*)*,bis(enone) amine
O=C(C=C[N]([R])C=[N][R])[N]([R])[R],O=C(C=CN(*)C=N*)N(*)*,enamine imine amide
O=[C]([R])N=C([N]([R])[R])[N]([R])C=CC(=O)[O][R],O=C(*)N=C(N(*)*)N(*)C=CC(=O)O*,beta guanidino acrylate
C=C1C=CC(=O)C=C1,C=C1C=CC(=O)C=C1,fulvenone
O=[C]([R])[N]([R])C=C[N]([R])[N]([R])[R],O=C(*)N(*)C=CN(*)N(*)*,enamide hydrazine
C=CC(=C)[C](=O)[R],C=CC(=C)C(=O)*,carbonyl with carbon or hydrogen
N#CC(C(=O)[N]([R])[R])=C1C=CC=N[N]1[R],N#CC(C(=O)N(*)*)=C1C=CC=NN1*,pyridazinylidene cyanoacetamide
O=P([O][Na])([O][R])OP(=O)([O][Na])[O][R],O=P(O[#11])(O*)OP(=O)(O[#11])O*,disodium diphosphate esters
O=C1C(=C[N]([R])[N]([R])[C](=O)[R])C=N[N]1[R],O=C1C(=CN(*)N(*)C(=O)*)C=NN1*,pyrazolopyridine dicarbonyl core
O=C1C(=CO)C=N[N]1[R],O=C1C(=CO)C=NN1*,4 enol ether pyrazolone
O=C(C1=C[N]([R])S(=O)(=O)N=C1)[N]([R])[R],O=C(C1=CN(*)S(=O)(=O)N=C1)N(*)*,thiadiazine sulfonamide carboxamide
O=[C]([R])C([O][R])[O][R],O=C(*)C(O*)O*,"1,2 dicarbonyl hydrate"
S=[P]([R])([R])[R],S=P(*)(*)*,phosphine sulfide
O=C(C(=O)[N]([R])[N]([R])[R])[N]([R])[R],O=C(C(=O)N(*)N(*)*)N(*)*,oxalamide
[O-][N+]([R])=[N][R],[O&-][N&+](*)=N*,azoxy
O=C([N]([R])[N]([R])[R])[N]([R])[S](=O)(=O)[R],O=C(N(*)N(*)*)N(*)S(=O)(=O)*,hydrazinyl sulfonylurea
O=[C]1OC[N](C(=O)[O][R])[R]1,O=C1OCN(C(=O)O*)*1,oxazolidinedione ester
[R][N]([R])[C](=[Car])[N]([R])[R],*N(*)C(=c)N(*)*,aromatic enamino amine
O=[S](=O)([R])[N]([R])[S](=O)(=O)[R],O=S(=O)(*)N(*)S(=O)(=O)*,bis sulfonyl amine
O=[C]([R])OCOCO[O][R],O=C(*)OCOCOO*,ether peroxy ester
O=[C]([R])[N][R],O=C(*)N*,amide
O=[C]([R])ON=CC(=O)[N]([R])[R],O=C(*)ON=CC(=O)N(*)*,carboxamido oxime ester
O=C(C(O)[N]([R])[R])[N]([R])[R],O=C(C(O)N(*)*)N(*)*,alpha-hydroxy amino acid amide
C=N[N]1[R][C](=O)C=C1[N]([R])[R],C=NN1*C(=O)C=C1N(*)*,hydrazone enone five amine
O=[S](=O)([R])C=N[N]([R])[R],O=S(=O)(*)C=NN(*)*,azole sulfonyl
[S][R],S*,sulfur single bond
C=CC([S][R])[N]([R])[R],C=CC(S*)N(*)*,allylic amino sulfide
O=C([O][R])C([S][R])[S][R],O=C(O*)C(S*)S*,gem dithio carboxylic acid
O=[C]1[R][S](=O)(=O)C[N]1[R],O=C1*S(=O)(=O)CN1*,thiazolidinone dioxide
F[B](F)[Nar],FB(F)n,difluoroboron aromatic nitrogen
O=P(O)([O][R])OC[O][R],O=P(O)(O*)OCO*,alkoxyalkyl phosphate
O=C1C=C[N]([R])C([S][R])([N]([R])[R])[N]1[R],O=C1C=CN(*)C(S*)(N(*)*)N1*,2 amino 2 thio pyrimidinone
[R][S]C1=NC[N]([R])[N]1[R],*SC1=NCN(*)N1*,"n1 substituted 5 thioether 1,2,4 triazole"
O=S(=O)([O-])[O][R],O=S(=O)([O&-])O*,sulfate monoanion
O=[S](=O)([R])O[O-],O=S(=O)(*)O[O&-],sulfonoperoxoate
[R][S]C=[CH][Nar],*SC=[C&H1]n,thiazole
O=[C]1[R][N](C=[N][R])C=N[N]1[R],O=C1*N(C=N*)C=NN1*,imidazole fused triazinone
C=CC(=CC=CC=[N][R])[N]([R])[R],C=CC(=CC=CC=N*)N(*)*,vinyl dienimine enamine
O=C1C(=CC=C([S][R])[N]([R])[R])C(=O)[N]([R])C(=S)[N]1[R],O=C1C(=CC=C(S*)N(*)*)C(=O)N(*)C(=S)N1*,merocyanine thiobarbiturate
[R][N]=CC=CC=C([S][R])[N]([R])[R],*N=CC=CC=C(S*)N(*)*,thioenamino imine
[R][S]C(=CC=[N+]([R])[R])[N]([R])[R],*SC(=CC=[N&+](*)*)N(*)*,thioenaminium cation
C=CC=CC=C(C=C)[N]([R])[R],C=CC=CC=C(C=C)N(*)*,amino substituted aromatic ring
[R][N]=CC=CC=CC=C[N]([R])[R],*N=CC=CC=CC=CN(*)*,polyene chain between imine and tertiary amine
[R][N]([R])C1C=CC=N[N]1[R],*N(*)C1C=CC=NN1*,tertiary amine dihydropyridazine
C#CC=CC#C,C#CC=CC#C,enediyne
C=CC=C([C](=O)[R])[N]([R])C(=O)[O][R],C=CC=C(C(=O)*)N(*)C(=O)O*,geminal acyl carbamate diene
[R][O]CO[N]([R])[R],*OCON(*)*,oo bond
N#CC(C(C#N)=C([S][R])[N]([R])[R])=C([S][R])[N]([R])[R],N#CC(C(C#N)=C(S*)N(*)*)=C(S*)N(*)*,bis amino thio methylidene butanedinitrile
O=C([O][R])C1OC1C(=O)[N]([R])[R],O=C(O*)C1OC1C(=O)N(*)*,3-carbamoyloxirane-2-carboxylate
O=C([O][R])C(=C[N]([R])[R])N(C(=O)[O][R])C(=O)[O][R],O=C(O*)C(=CN(*)*)N(C(=O)O*)C(=O)O*,tris ester enamine
O=C([O][R])C(=C[N]([R])C(=O)[O][R])N(C(=O)[O][R])C(=O)[O][R],O=C(O*)C(=CN(*)C(=O)O*)N(C(=O)O*)C(=O)O*,enamine carbamate itaconate biscarbamate
O=C([O][R])C(=N[N]([R])[R])[S](=O)(=O)[R],O=C(O*)C(=NN(*)*)S(=O)(=O)*,"thiadiazine 1,1-dioxide carboxylate"
O=C(N=C[N]([R])[R])[O][R],O=C(N=CN(*)*)O*,diaminomethylidene carbamate
N#CC=CC(=O)[O][R],N#CC=CC(=O)O*,cyano acrylate
O=C(C=CCl)[O][R],O=C(C=CCl)O*,3-chloroacrylate
C=C(C(=O)[O][R])[N]([R])[R],C=C(C(=O)O*)N(*)*,dehydroamino acid
O=C([O][R])C(C(=O)[O][R])=C1C=CC=N[N]1[R],O=C(O*)C(C(=O)O*)=C1C=CC=NN1*,vinyl triazole bis ester
C=N[N]([R])C(=O)C(=O)[O][R],C=NN(*)C(=O)C(=O)O*,hydrazone oxamate
O=[C]([R])OC(C(=O)[O][R])[N]([R])[C](=O)[R],O=C(*)OC(C(=O)O*)N(*)C(=O)*,acyloxy acylamino carboxylate
O=C(C=C[N]=[Car])[O][R],O=C(C=CN=c)O*,heteroaromatic carboxylic acid
O=C(C=CN=C1[S][R][C](=O)[N]1[R])[O][R],O=C(C=CN=C1S*C(=O)N1*)O*,thiazolopyrimidine carboxylate
O=C(O)C(O)=C(O)C(=O)O,O=C(O)C(O)=C(O)C(=O)O,dihydroxyfumarate
O=[C]([R])OC(=O)N=C([N]([R])[R])[N]([R])C(=O)O[C](=O)[R],O=C(*)OC(=O)N=C(N(*)*)N(*)C(=O)OC(=O)*,mixed anhydride guanidine
O=[C]([R])OC(=O)[N]([R])[R],O=C(*)OC(=O)N(*)*,carbamoyl anhydride
O=C([O][R])[N]([R])C(=O)[O][R],O=C(O*)N(*)C(=O)O*,dicarbamate
C=CO[N]([R])[R],C=CON(*)*,o-vinylhydroxylamine
O=[C]1[R][N]([R])C(=[N][R])[N]1[R],O=C1*N(*)C(=N*)N1*,2-iminoimidazolidinone
[Cl][Zn][Cl],Cl[#30]Cl,zinc chloride
ClC=C[O][R],ClC=CO*,chlorovinyl ether
[R][S]C1=NC[N]([R])C[N]1[R],*SC1=NCN(*)CN1*,di n substituted s triazinyl thioether
C#CI,C#CI,terminal iodoalkyne
C=C1C(=O)[N]([R])N=C[N]1[R],C=C1C(=O)N(*)N=CN1*,pyrazolone ring
O=[C]([R])C=CC=C[N]([R])[R],O=C(*)C=CC=CN(*)*,dienone enamines
O=C[N]([R])C(=O)C=C[N]([R])[R],O=CN(*)C(=O)C=CN(*)*,enamino imide
O=[C]1N=C([N]([R])[R])[O][R]1,O=C1N=C(N(*)*)O*1,substituted oxadiazolone ring
O=C(O)C=CC=N[N]([R])[R],O=C(O)C=CC=NN(*)*,carboxylic acid conjugated hydrazone
[R][S][C](=[Car])[N]([R])[R],*SC(=c)N(*)*,amino thiophene with exocyclic substituents
OCO,OCO,oxygen carbon oxygen
O=C1C=CC(=C([N]([R])[R])[N]([R])[R])C=C1,O=C1C=CC(=C(N(*)*)N(*)*)C=C1,para quinone guanidine
O=C(C=N[N]([R])C(=S)[N]([R])[R])[N]([R])[R],O=C(C=NN(*)C(=S)N(*)*)N(*)*,thiosemicarbazone amide
O=[C]([R])[CH]=[Car],O=C(*)[C&H1]=c,arylidene carbonyl
O=[C]1N=C([N]([R])C(=O)[N]([R])[R])[N]([R])[R]1,O=C1N=C(N(*)C(=O)N(*)*)N(*)*1,substituted hydantoin
C=C(F)C(=O)[N]([R])[R],C=C(F)C(=O)N(*)*,alpha fluoro acrylamides
O=C(OC[N]([R])[C](=O)[R])[N]([R])[R],O=C(OCN(*)C(=O)*)N(*)*,amidomethyl carbamate
[Car]=[N]C[N]=[Car],c=NCN=c,imidazole ring
C=CC([O][R])=C1C(=O)C=CC1=O,C=CC(O*)=C1C(=O)C=CC1=O,"alkylidene substituted 1,3-dione with exocyclic enol ether"
O=C([O][R])C(=C[N]([R])[R])[N+](=O)[O-],O=C(O*)C(=CN(*)*)[N&+](=O)[O&-],beta-amino-alpha-nitro acrylate
C=C[N]([R])[N]([R])C(=CC(=O)[O][R])C(=O)[O][R],C=CN(*)N(*)C(=CC(=O)O*)C(=O)O*,vinyl hydrazine dicarboxylate
C=CC1=CC(=C[C](=O)[R])OCO1,C=CC1=CC(=CC(=O)*)OCO1,dioxin enone
O=[C]([R])C([O][R])=C([C](=O)[R])[N]([R])[R],O=C(*)C(O*)=C(C(=O)*)N(*)*,2-carboxy-3-hydroxy-4-pyridone
O=[C]([R])[N]([R])COP(=O)([O][Na])[O][Na],O=C(*)N(*)COP(=O)(O[#11])O[#11],n phosphooxymethyl amide
O=[S](=O)([R])[O][K],O=S(=O)(*)O[#19],potassium sulfonate
ON=CCl,ON=CCl,hydroximoyl chloride
O=[C]([R])C=CC1CO1,O=C(*)C=CC1CO1,"β-epoxy α,β-unsaturated carbonyl"
O=[C]([R])C(O)[O][R],O=C(*)C(O)O*,alpha peroxy carbonyl
C=CC(=O)[N]([R])C(=O)C=C,C=CC(=O)N(*)C(=O)C=C,bis-acrylamide
C=NN=C([N]([R])[R])[N]([R])[R],C=NN=C(N(*)*)N(*)*,biguanide
C=CC=CC=CC=CC(=O)O,C=CC=CC=CC=CC(=O)O,polyene carboxylic acid
C#CC(=O)O,C#CC(=O)O,propiolic acid
C=NN=C[N]([R])[R],C=NN=CN(*)*,amidrazone
C=CC(=O)[N]([R])[N]([R])[R],C=CC(=O)N(*)N(*)*,acryloyl hydrazide
C=CC(=O)C(=O)O,C=CC(=O)C(=O)O,vinyl keto carboxylic acid
C=CC1=NC(=C)C(=O)[N]1[R],C=CC1=NC(=C)C(=O)N1*,vinyl imidazolone methylidene
C=C1N=C([S][R])[N]([R])C1=O,C=C1N=C(S*)N(*)C1=O,4 alkylidene 2 thio imidazolone
O=C(C(=[N][R])[N]([R])[R])[N]([R])[R],O=C(C(=N*)N(*)*)N(*)*,heterocyclic carboxamide
O=[C]([R])C=C[N]([Nar])[C](=O)[R],O=C(*)C=CN(n)C(=O)*,acylpyrazole enone hydrazone
O=[C]([R])[N]([R])C[N]([R])C(=O)[O][R],O=C(*)N(*)CN(*)C(=O)O*,methylenebiscarbamate
S=C[N]([R])N=C[N]([R])[R],S=CN(*)N=CN(*)*,amidine thiosemicarbazone
O=C([N]([R])[R])[N]([R])C=C[N+](=O)[O-],O=C(N(*)*)N(*)C=C[N&+](=O)[O&-],nitrovinyl urea
S=C(C=C[N]([R])[R])[N]([R])[R],S=C(C=CN(*)*)N(*)*,tertiary enaminothioamide
C=CC1N=C([N]([R])[R])N=C([N]([R])[R])[N]1[R],C=CC1N=C(N(*)*)N=C(N(*)*)N1*,n-allyl pyrazolotriazine diamine
O=[C]([R])[N]([R])C(=[N][R])[N]([R])C=[N][R],O=C(*)N(*)C(=N*)N(*)C=N*,carbamoyl biguanide
O=[C]([R])[N]([R])[N]=[Car],O=C(*)N(*)N=c,heteroaromatic carbonyl
C=CC(=O)[N]([R])[N]([R])[C](=O)[R],C=CC(=O)N(*)N(*)C(=O)*,acryloyl diacyl hydrazide
O=C(ON=C[N]([R])[R])[N]([R])[R],O=C(ON=CN(*)*)N(*)*,diaminomethylideneamino carbamate
OC1=NN=CC=[C]([Nar])C1=C[N]([R])[R],OC1=NN=CC=C(n)C1=CN(*)*,hydroxy pyridazine enamine with heteroaryl
O=S([O][R])[O][R],O=S(O*)O*,sulfite
O=C(N1CSC=N1)[N]([R])[O][R],O=C(N1CSC=N1)N(*)O*,"n-1,3,4-thiadiazolyl n-alkoxy amide"
N#CN=C([S][R])[N]([R])[R],N#CN=C(S*)N(*)*,cyanocarbamimidothioate
[R][S]C=NN=C[N]([R])[R],*SC=NN=CN(*)*,thioether amino heteroaryl amine
O=P([O][Na])([O][Na])OP(=O)([O][Na])[O][R],O=P(O[#11])(O[#11])OP(=O)(O[#11])O*,trisodium pyrophosphate monoester
S=C([N]([R])[R])[N]([R])[N]([R])[R],S=C(N(*)*)N(*)N(*)*,thiocarbonic triamide
C=C1C=CC(=O)C(C(=O)O)=C1,C=C1C=CC(=O)C(C(=O)O)=C1,3-alkylidene-6-oxocyclohexadiene-1-carboxylic acid
O=[C]1[O][Pt]([N]([R])[R])([N]([R])[R])[O][C](=O)[R]1,O=C1O[#78](N(*)*)(N(*)*)OC(=O)*1,platinum dicarboxylate complex
C=C(C#N)C(=S)[N]([R])[R],C=C(C#N)C(=S)N(*)*,cyano vinyl thiourea
N#CC=C[C](=O)[R],N#CC=CC(=O)*,nitrile michael acceptor
N#CC(=N[N]([R])[R])[C](=O)[R],N#CC(=NN(*)*)C(=O)*,alpha cyano hydrazone carbonyl
N#CC([C](=O)[R])=C([N]([R])[R])[N]([R])[C](=O)[R],N#CC(C(=O)*)=C(N(*)*)N(*)C(=O)*,beta diamino carbonyl acrylonitrile
N#CC=C[S](=O)(=O)[R],N#CC=CS(=O)(=O)*,cyano vinyl sulfone
N#CN=C([O][R])[N]([R])[R],N#CN=C(O*)N(*)*,n-cyanocarbamimidates
O=[C]1[R][N]=CN1C(=[N][R])[S][R],O=C1*N=CN1C(=N*)S*,triazolone thioimidate
[R][N]=C[N]([R])[O][R],*N=CN(*)O*,n-oxyamidine
O=[C]([R])N(C[O][R])C(=O)[N]([R])C[O][R],O=C(*)N(CO*)C(=O)N(*)CO*,bis n-alkoxymethyl dicarbonyl
O=C(C=CC(=CO)C(=O)[N]([R])[R])[N]([R])[R],O=C(C=CC(=CO)C(=O)N(*)*)N(*)*,conjugated enol diamide
O=P([O-])(O)[O][R],O=P([O&-])(O)O*,phosphoric acid monoester anion
C=C(C(=N[N]([R])[R])[C](=O)[R])S(=O)(=O)O,C=C(C(=NN(*)*)C(=O)*)S(=O)(=O)O,vinyl hydrazone ketone sulfonic acid
O=[C]1[R][N](C[O][R])C[N]([R])C[N]([R])C([N]([R])[R])[N]1[R],O=C1*N(CO*)CN(*)CN(*)C(N(*)*)N1*,n-alkoxyalkyl polyazamacrocycle with carbonyl
O=C(C(=C[N]([R])C(=O)[N]([R])[R])[N]([R])[C](=O)[R])[N]([R])[R],O=C(C(=CN(*)C(=O)N(*)*)N(*)C(=O)*)N(*)*,diurea core
C=C1SC(=S)N([N]([R])[R])C1=O,C=C1SC(=S)N(N(*)*)C1=O,rhodanine n tertiary amine
OC=N[N]([R])[R],OC=NN(*)*,hydrazonic acid
[OH][Hg][R],[O&H1][#80]*,mercury hydroxyl
O=C1C(O)=C(O)C(=O)C(O)=C1O,O=C1C(O)=C(O)C(=O)C(O)=C1O,tetrahydroxy quinone
O=C(O)C=COCOC[O][R],O=C(O)C=COCOCO*,beta allyl ether with short polyether chain 
C=NOCO,C=NOCO,alpha oxygenated oxime ether
C=COC[N]([R])[C](=O)[R],C=COCN(*)C(=O)*,vinyl ether alkyl amide
C=CC(=O)C=C1C=CC(=O)O1,C=CC(=O)C=C1C=CC(=O)O1,5-(3-oxopropenylidene)furan-2-one
O=C1C=CC(=NO[C](=O)[R])C=C1,O=C1C=CC(=NOC(=O)*)C=C1,quinone oxime ester
O=[C]1N=C[N]([R])[R]1,O=C1N=CN(*)*1,imidazolone core
C=N[N]([R])C(=O)[N]([R])N=C,C=NN(*)C(=O)N(*)N=C,bis-iminohydrazide
C=N[N]([R])C(=O)C(=O)[N]([R])N=C,C=NN(*)C(=O)C(=O)N(*)N=C,oxamide bis-hydrazone
O=C(ON([C](=O)[R])[C](=O)[R])[N]([R])[R],O=C(ON(C(=O)*)C(=O)*)N(*)*,imide carbamate
O=[C]([R])O[N]([R])C[S][R],O=C(*)ON(*)CS*,thiocarbamoyl carbamate
O=C(C=C[N]([R])[C](=O)[R])C1CO1,O=C(C=CN(*)C(=O)*)C1CO1,epoxy enamide ketone
O=[C]([R])[N]([R])C[N]([R])C(=O)[N]([R])[R],O=C(*)N(*)CN(*)C(=O)N(*)*,methylene diamide
O=[S](=O)([R])[N](O)[R],O=S(=O)(*)N(O)*,oxy sulfonamide
O=[C]([R])C=C(C(=O)O)[N]([R])[R],O=C(*)C=C(C(=O)O)N(*)*,beta amino beta carboxy enone
C=C([S][R])C(=O)O,C=C(S*)C(=O)O,α-thioacrylic
O=C(O)C=CC=CC(=O)O,O=C(O)C=CC=CC(=O)O,conjugated diene diacid
C=NC=[N][R],C=NC=N*,purine core
O=C(O)C(=O)O,O=C(O)C(=O)O,oxalate
C=C(Cl)C=C1SC(=S)[N]([R])C1=O,C=C(Cl)C=C1SC(=S)N(*)C1=O,chloropropenylidene rhodanine
O=[C]([R])OCOCOCO[O][R],O=C(*)OCOCOCOO*,polyether peroxide ester
O=[C]([R])C(Br)=C[N]([R])[R],O=C(*)C(Br)=CN(*)*,alpha bromo enaminone
C=C(C(=O)O)[N]([R])C(=O)[O][R],C=C(C(=O)O)N(*)C(=O)O*,acrylamido carboxylate
O=[C]([R])[O][Nar],O=C(*)On,heteroaryl ester
C=CC=C([C](=O)[R])[C](=O)[R],C=CC=C(C(=O)*)C(=O)*,geminal dicarbonyl diene
O=[C]([R])[C]([Nar])=C([C](=O)[R])[N]([R])[R],O=C(*)C(n)=C(C(=O)*)N(*)*,imidazole dicarbonyl
C=C(C(=O)C=N[N]([R])[R])S(=O)(=O)O,C=C(C(=O)C=NN(*)*)S(=O)(=O)O,sulfonated vinyl hydrazone ketone
C=CC(=O)C=N[N]([R])[R],C=CC(=O)C=NN(*)*,enone hydrazone
O=[C]([R])C=C([O][R])[C](=O)[R],O=C(*)C=C(O*)C(=O)*,beta-acyloxy enone
C=NN(C[N]([R])[R])[C](=O)[R],C=NN(CN(*)*)C(=O)*,n-carbonylhydrazone
O=C(C(=CO)[S][R])[N]([R])[R],O=C(C(=CO)S*)N(*)*,thiophene carboxamide
O=C[N]([R])C=O,O=CN(*)C=O,n alkyl imide spacer
O=N[N]([R])[N]([R])[C](=O)[R],O=NN(*)N(*)C(=O)*,nitroso hydrazinyl carboxamide
O=N[S][R],O=NS*,s-nitroso
O=C([N]([R])[R])[N]([R])OS(=O)(=O)[O][Na],O=C(N(*)*)N(*)OS(=O)(=O)O[#11],n acyl sulfamate
O=[S](=O)([R])C=C[N]([R])[R],O=S(=O)(*)C=CN(*)*,benzenesulfonamide
O=C1OCN=C1[S][R],O=C1OCN=C1S*,thiazolidinone n thiocarbamoyl
S=C1[N]([R])C[N]([R])C[N]1[R],S=C1N(*)CN(*)CN1*,"1,3,5-triazinane-2-thione"
S=P([O][R])([O][R])[S][R],S=P(O*)(O*)S*,phosphorodithioate
[C-]#[N+][R],[C&-]#[N&+]*,isocyanides
*[N]([R])[Ru]([O][Ru]([O][Ru]([N](*)[R])([N]([R])[R])([N]([R])[R])([N]([R])[R])[N]([R])[R])([N]([R])[R])([N]([R])[R])([N]([R])[R])[N]([R])[R])([N]([R])[R])([N]([R])[R])([N]([R])[R])[N]([R])[R],*N(*)[#44](O[#44](O[#44](N(*)*)(N(*)*)(N(*)*)(N(*)*)N(*)*)(N(*)*)(N(*)*)(N(*)*)N(*)*)(N(*)*)(N(*)*)(N(*)*)N(*)*,polynuclear ruthenium oxo amine
[R][S]C([N]([R])[R])=[N+]([R])[R],*SC(N(*)*)=[N&+](*)*,thioamidinium
[R][N]([R])C=N[N+]([R])([R])[R],*N(*)C=N[N&+](*)(*)*,n-alkylamidinium
O=C(O)C=C[N]([R])C=CC(=O)O,O=C(O)C=CN(*)C=CC(=O)O,bis(acrylic acid) enamine
[Li][Cl],[#3]Cl,lithium chloride
O=P([O][Na])([O][R])[S][R],O=P(O[#11])(O*)S*,sodium alkoxy alkylthio phosphinate
O=C(O)C1=CSCN1[C](=O)[R],O=C(O)C1=CSCN1C(=O)*,thiazolidinone carboxylic acid n acyl
O=[P](O)([R])OP(=O)(O)[O][R],O=P(O)(*)OP(=O)(O)O*,disubstituted diphosphate
O=C(O)C([O][R])([O][R])C(=O)O,O=C(O)C(O*)(O*)C(=O)O,geminal dioxy propanedioate
O=[S](=O)([R])[N]([R])C[N]([R])[S](=O)(=O)[R],O=S(=O)(*)N(*)CN(*)S(=O)(=O)*,methylene bis sulfonamide
C=C(C(=O)O)N1C(=O)C([O][R])([N]([R])[C](=O)[R])C1[O][R],C=C(C(=O)O)N1C(=O)C(O*)(N(*)C(=O)*)C1O*,7-oxy-7-acylamido cephalosporin
O=[S](O)([R])=[N][R],O=S(O)(*)=N*,sulfonimidoyl
[R][B-]([R])([R])[R],*[B&-](*)(*)*,borate anion
O=S(=O)(O)CO,O=S(=O)(O)CO,hydroxymethyl sulfonic acid
O=S(=O)(O)C[N]([R])[R],O=S(=O)(O)CN(*)*,alpha amino sulfonic acids
O=C([N]([R])[R])[N]([R])C(=O)[N]([R])[R],O=C(N(*)*)N(*)C(=O)N(*)*,dicarbamoylamine
O=[C]1N=C(O)[N]([R])[R]1,O=C1N=C(O)N(*)*1,hydantoin enol
C=N[N]1[R][C](=O)N=C1O,C=NN1*C(=O)N=C1O,hydrazone five dione
[R][N][Cal],*NC,amine
O=[N+]([O-])C=CO[N]([R])[R],O=[N&+]([O&-])C=CON(*)*,nitrovinyl hydroxylamine
C=CC=N[N]1[R][C](=O)[N]([R])C1=O,C=CC=NN1*C(=O)N(*)C1=O,allylideneimino hydantoin
O=C([N]([R])[R])[N]([R])[N+](=O)[O-],O=C(N(*)*)N(*)[N&+](=O)[O&-],nitrourea
[R][S][Zn][S][R],*S[#30]S*,zinc sulfur bond
C=CC=[N+]([O-])[R],C=CC=[N&+]([O&-])*,conjugated n-oxide
O=C(O)N=NC(=O)O,O=C(O)N=NC(=O)O,azodicarboxylates
O=C(O)C(=O)C(=O)O,O=C(O)C(=O)C(=O)O,oxomalonic acid
C=C[P](=O)(O)[R],C=CP(=O)(O)*,vinylphosphonates and similar
C#[C][Pt][C]#C,C#C[#78]C#C,bis acetylene platinum
[Cl][Pt][R],Cl[#78]*,chloroplatinum
[Cl][Pt][Cl],Cl[#78]Cl,dichloroplatinum
[I][Pt][I],I[#78]I,diiodoplatinum
*[Si]([R])([R])[Rh]([Cl])([S+]([R])[R])([S+]([R])[R])[Si]([R])([R])[R],*[#14](*)(*)[#45](Cl)([S&+](*)*)([S&+](*)*)[#14](*)(*)*,disulfonium disilyl rhodium chloride
[Cl][Rh]([R])([S+]([R])[R])([Si]([R])([R])[R])[P+]([R])([R])[R],Cl[#45](*)([S&+](*)*)([#14](*)(*)*)[P&+](*)(*)*,chloro rhodium sulfonium phosphonium
C=NN=c1cccc[n]1[R],C=NN=c1ccccn1*,diazenyl pyridinium
OC[N]([R])C(=[N][R])[S][R],OCN(*)C(=N*)S*,carbamimidothioate
O=C(C=CBr)[O][R],O=C(C=CBr)O*,3-bromoacrylate
C=C(Br)C=N[N]([R])[R],C=C(Br)C=NN(*)*,bromo substituted vinyl hydrazone
C=CC=C[S][R],C=CC=CS*,dienyl sulfanyl
C=C(Br)[C](=O)[R],C=C(Br)C(=O)*,bromo acryl carbonyl
[R][Se][Se][R],*[#34][#34]*,diselenide bond
Cl[Se](Cl)([R])[R],Cl[#34](Cl)(*)*,dichloroselenium
O=C(C=N[N]([R])[S](=O)(=O)[R])[N]([R])[R],O=C(C=NN(*)S(=O)(=O)*)N(*)*,sulfonyl hydrazinylidene amide
C=C([O][R])[N]([R])[R],C=C(O*)N(*)*,amino enol ether
O=[N+]([O-])C[N+](=O)[O-],O=[N&+]([O&-])C[N&+](=O)[O&-],"1,1-dinitro"
[R][O]Br,*OBr,hypobromite
II,II,diiodine
[R][Si]([R])([R])C#CBr,*[#14](*)(*)C#CBr,bromoethynyl-substituted silanes
C#CC#CC(=O)O,C#CC#CC(=O)O,diynoic acid
C#CC#C[Si]([R])([R])[R],C#CC#C[#14](*)(*)*,butadiynyl silane
O=C(N=NC(=O)[O][R])[O][R],O=C(N=NC(=O)O*)O*,azodicarboxylate
O=C([O][Na])C(=CC=CC(=O)[N]([R])[R])N(C[S][R])[C](=O)[R],O=C(O[#11])C(=CC=CC(=O)N(*)*)N(CS*)C(=O)*,cephalosporin sodium salt
C=CC=CC=CC=N[O][R],C=CC=CC=CC=NO*,amide
N#CC=C(O)C1CO1,N#CC=C(O)C1CO1,cyano enol epoxide
O=[C]([R])C=C1OCOC1[O][R],O=C(*)C=C1OCOC1O*,dioxolyl enone
C=CC(O)(C=C)[O][R],C=CC(O)(C=C)O*,divinyl acetal
O=[C]([R])N(COC=[N][R])[C](=O)[R],O=C(*)N(COC=N*)C(=O)*,oxadiazole substituted imide
O=[C]([R])OCOC(=O)C(=C[S][R])[N]([R])[C](=O)[R],O=C(*)OCOC(=O)C(=CS*)N(*)C(=O)*,carbonate thioenol amide
O=P([O][Na])([O][Na])C1CO1,O=P(O[#11])(O[#11])C1CO1,disodium epoxide phosphonate
C=CC=CC=CC=CC=CC=CC=C,C=CC=CC=CC=CC=CC=CC=C,polyene
O=C(c1nc(=N[S](=O)(=O)[R])[n]([R])[n]1[R])[N]([R])[R],O=C(c1nc(=NS(=O)(=O)*)n(*)n1*)N(*)*,triazole sulfonylimine carboxamide
[R][O]OCOCOC[N]([R])[R],*OOCOCOCN(*)*,peroxy diether amine
O=[C]([R])[N]([R])S(=O)(=O)O,O=C(*)N(*)S(=O)(=O)O,acyl sulfamate
O=C(C=C[S](=O)(=O)[R])[N]([R])[R],O=C(C=CS(=O)(=O)*)N(*)*,aromatic sulfonamide
O=C=O,O=C=O,carbon dioxide
[R][Cr]([R])[R],*[#24](*)*,chromium complex
O=[C]([R])[N]([R])[N+]([R])([R])[R],O=C(*)N(*)[N&+](*)(*)*,carboxamide quaternary ammonium
[R][N]([R])[N+]([R])([R])[R],*N(*)[N&+](*)(*)*,hydrazinium ion
[R][N+]1=C[N+]([R])(I)C=C1,*[N&+]1=C[N&+](*)(I)C=C1,n-iodo imidazolium
C=CC=CC=C[NH][R],C=CC=CC=C[N&H1]*,polyenylamine
[R][S]C([S][R])[Si]([R])([R])[R],*SC(S*)[#14](*)(*)*,silyl dithioether
C=NOCON=C,C=NOCON=C,bis-imino formal
N#CN=C[N]([R])[R],N#CN=CN(*)*,cyanoamidine
C=NN1C[N]([R])[R][C]1=O,C=NN1CN(*)*C1=O,pyrazole fused oxadiazolone
O=CC=CC=C[N]([R])[R],O=CC=CC=CN(*)*,conjugated carbonyl amine
O=C[N]([R])C=CSSC=C[N]([R])C=O,O=CN(*)C=CSSC=CN(*)C=O,enamide disulfide
C=CC#CC#CC=C,C=CC#CC#CC=C,diene diyne
C=CC(=C)[N]([R])[C](=O)[R],C=CC(=C)N(*)C(=O)*,carbamoyl diene
O=C1C=CC([CH]=[Car])=N1,O=C1C=CC([C&H1]=c)=N1,pyrrolizinone with vinyl substituent
C#CC1CO1,C#CC1CO1,ethynyl oxirane
C=C[N]([R])O[C](=O)[R],C=CN(*)OC(=O)*,vinyl carbamate ester
C=C(OP(=O)(O)O)C(=O)O,C=C(OP(=O)(O)O)C(=O)O,phosphonooxy acrylate
C=CC(=COCOC[O][R])C(=O)[O][R],C=CC(=COCOCO*)C(=O)O*,biaryl bond
O=C(C=COCOC[O][R])[N]([R])[R],O=C(C=COCOCO*)N(*)*,trioxa vinyl ether amide
O=C(C=CO)[S][R],O=C(C=CO)S*,3 oxygenated thiophenone
C=C=CN([C](=O)[R])[C](=O)[R],C=C=CN(C(=O)*)C(=O)*,allene diamide
O=[C]([R])O[N]([R])N=[N][R],O=C(*)ON(*)N=N*,triazene ester
C=C(C=[CH][Nar])[N]([R])[R],C=C(C=[C&H1]n)N(*)*,heteroaryl vinyl enamine
C=CC1=CC(=CC(=O)[N]([R])[R])[N]([R])C1=O,C=CC1=CC(=CC(=O)N(*)*)N(*)C1=O,vinyl pyrrolylidene acetamide
C=CC1=CC(=O)[N]([R])C1=CC(C=C)=[N][R],C=CC1=CC(=O)N(*)C1=CC(C=C)=N*,hetarylidene isoindolinone
C=CC1=CC(=O)[N]([R])C1=CC(=O)[N]([R])[R],C=CC1=CC(=O)N(*)C1=CC(=O)N(*)*,vinyl dihydropyridinedione
C=CC1=CC2=NC1=CC1=NC(=CC3=CC(=CO)C(=N3)C=C[N]([R])C=C2)C=C1,C=CC1=CC2=NC1=CC1=NC(=CC3=CC(=CO)C(=N3)C=CN(*)C=C2)C=C1,porphyrin vinyl aldehyde
[O-]C([O-])=C1C=C(C=C2C=CC([CH]=[Car])=N2)N=C1C=CN=C[CH]=[Car],[O&-]C([O&-])=C1C=C(C=C2C=CC([C&H1]=c)=N2)N=C1C=CN=C[C&H1]=c,carboxylate enamine diazine
O=C1C=CC(=C([O][R])[N]([R])[R])C=C1F,O=C1C=CC(=C(O*)N(*)*)C=C1F,noname
O=[C]([R])C(C=N[O][R])=C[N]([R])[R],O=C(*)C(C=NO*)=CN(*)*,oximino enaminone
O=[S]([R])[S][R],O=S(*)S*,sulfinyl sulfide
O=C1C=C(Cl)C(=O)C(Cl)=C1,O=C1C=C(Cl)C(=O)C(Cl)=C1,chlorinated para quinone
N#CC(C#N)=C(C(F)=CF)C(F)=CF,N#CC(C#N)=C(C(F)=CF)C(F)=CF,bis(difluorovinyl) dicyanoethene
O=C([O][R])[N]([R])C=C[O][R],O=C(O*)N(*)C=CO*,n enol ether carbamate
O=C1C=CC([S][R])([S](=O)[R])O1,O=C1C=CC(S*)(S(=O)*)O1,3-sulfenyl sulfonyl benzofuranone
O=C1C2SSC(C(=O)[N]2[R])[N]1[R],O=C1C2SSC(C(=O)N2*)N1*,bicyclic disulfide diamide
O=C(C=N[P](=O)([R])[R])[O][R],O=C(C=NP(=O)(*)*)O*,phosphorylimino carboxylate
O=[C]([R])OC([O][R])C(=O)[O][R],O=C(*)OC(O*)C(=O)O*,alpha acyloxy carboxylic acid
O=C([O][R])C1=C[N]([R])[R][C]1=O,O=C(O*)C1=CN(*)*C1=O,azolone-4-carboxylic acid
O=[C]([R])[O][Eu]([O][C](=O)[R])[O][C](=O)[R],O=C(*)O[#63](OC(=O)*)OC(=O)*,europium triester
O=[C]([R])[O][Gd]([O][C](=O)[R])[O][C](=O)[R],O=C(*)O[#64](OC(=O)*)OC(=O)*,gadolinium tris carboxylate
O=[C]([R])O[B]([R])O[C](=O)[R],O=C(*)OB(*)OC(=O)*,boron diacyloxy ester
O=[S](=O)([R])[N]([R])Br,O=S(=O)(*)N(*)Br,n bromo sulfonamide
C=[N+]([R])[B-](F)(F)[O][R],C=[N&+](*)[B&-](F)(F)O*,difluoro oxa azonia boranuid
O=[C]([R])OCOC(=O)[N]([R])[R],O=C(*)OCOC(=O)N(*)*,geminal carbamate ester
C=N[N]([R])[S](=O)[R],C=NN(*)S(=O)*,sulfonylamino hydrazone
O=C1OC[N]([R])C1[S][R],O=C1OCN(*)C1S*,4-thio oxazolidinone
[Cl][Au][S+]([R])[R],Cl[#79][S&+](*)*,chlorogold sulfonium
O=[C]([R])C(=C[N]([R])C(=O)[O][R])C(=O)[O][R],O=C(*)C(=CN(*)C(=O)O*)C(=O)O*,carbamoylmethylene malonate
[R][N]([R])N=NC1=NCOC=C1,*N(*)N=NC1=NCOC=C1,diazenyl isoxazole
[R][N]=C(N=C([N]([R])[R])[N]([R])[R])[N]([R])[R],*N=C(N=C(N(*)*)N(*)*)N(*)*,biguanide
O=C1C=CC([O][R])([O][R])C=C1,O=C1C=CC(O*)(O*)C=C1,"4,4 dioxygenated cyclohexadienone"
C1=CC=CC=CC=C1,C1=CC=CC=CC=C1,cyclooctatetraene
[R][N]=c1nccc[n]1[R],*N=c1ncccn1*,pyrimidine imino group
O=C1C([S][R])[N]([R])C(=O)C([S][R])[N]1[R],O=C1C(S*)N(*)C(=O)C(S*)N1*,bis thio diketopiperazine
C=CC(=O)C([S][R])[S][R],C=CC(=O)C(S*)S*,gem-dithio enone
[R][N]=C([S][R])[N]([R])C(=[N][R])[S][R],*N=C(S*)N(*)C(=N*)S*,bis isothiourea amine
C=CC(O)[O][R],C=CC(O)O*,vinyl hemiacetal
O=C(C=NO)[O][R],O=C(C=NO)O*,hydroxyimino carboxylate ester
O=[C]([R])C=C[S][R],O=C(*)C=CS*,carbonyl vinyl sulfide
O=CC=C[N]([R])C(=O)[O][R],O=CC=CN(*)C(=O)O*,trimethylene glycol
O=C(Cl)[C](=O)[R],O=C(Cl)C(=O)*,2 oxo acid chloride
O=C(C=C[S](=O)[R])[N]([R])[R],O=C(C=CS(=O)*)N(*)*,beta sulfinyl acrylamide
O[B]([R])[B]([R])[R],OB(*)B(*)*,boryl borane
C#CC=O,C#CC=O,michael acceptor sp1
O=C(C#C[N]([R])[S](=O)(=O)[R])[O][R],O=C(C#CN(*)S(=O)(=O)*)O*,sulfonamido propynoate
O=[N+](O)[R],O=[N&+](O)*,nitro group
[R][N+]([R])[R],*[N&+](*)*,tertiary ammonium
[Cl][Pd]([Cl])([N+]([R])([R])[R])[N+]([R])([R])[R],Cl[#46](Cl)([N&+](*)(*)*)[N&+](*)(*)*,dichloro diquaternary ammonium palladium
O=[N+]([O-])[O][Pd]([O][N+](=O)[O-])([N+]([R])([R])[R])[N+]([R])([R])[R],O=[N&+]([O&-])O[#46](O[N&+](=O)[O&-])([N&+](*)(*)*)[N&+](*)(*)*,palladium nitrito nitrato diammonium
[Nar+][Ru]([Nar+])([Nar+])([Nar+])([Nar+])[Nar+],[n&+][#44]([n&+])([n&+])([n&+])([n&+])[n&+],ruthenium charged nitrogen ligands
O=[C]([R])[N]([R])C=[N+]([R])[R],O=C(*)N(*)C=[N&+](*)*,acyl guanidinium
C=C[O][Gd]([OH])([OH])([O][C](=O)[R])[O][C](=O)[R],C=CO[#64]([O&H1])([O&H1])(OC(=O)*)OC(=O)*,gadolinium enol complex
O=[C]([R])[O][Nar+],O=C(*)O[n&+],heteroaromatic onium ester
BrC=CBr,BrC=CBr,"1,2-dibromo alkene"
O=[C]1[R][N]([R])C(=O)[N]([R])[N]1[R],O=C1*N(*)C(=O)N(*)N1*,triazine diimide
[R][O]C(C([O][R])[N]([R])[R])[N]([R])[R],*OC(C(O*)N(*)*)N(*)*,"1,2-diamino-1,2-diol"
[R][N]([R])C[N]([R])C[N]([R])[R],*N(*)CN(*)CN(*)*,dimethylenetriamine
[R][N]1C=NN=C[N]1[R],*N1C=NN=CN1*,"1,2,4,5-tetrazine"
O=[C]([R])C(Br)=C(Br)[C](=O)[R],O=C(*)C(Br)=C(Br)C(=O)*,"2,3-dibromo 14 dicarbonyl"
C=C(C(=O)[O][R])C(O)[N]([R])[R],C=C(C(=O)O*)C(O)N(*)*,beta hydroxy amino acrylate
O=C[N]([R])CS(=O)(=O)[S](=O)(=O)[R],O=CN(*)CS(=O)(=O)S(=O)(=O)*,disulfonylalkyl amide
F[B-](F)([R])[Nar+],F[B&-](F)(*)[n&+],heteroaromatic trifluoroborate
O=C(O)C(=O)[N]([R])[C](=O)[R],O=C(O)C(=O)N(*)C(=O)*,n acyl oxamic acid
[R][S]=[Car],*S=c,heteroaromatic ring sulfur
[R][O]P([O][R])[O][R],*OP(O*)O*,phosphate backbone
C=CC([N]([R])C=O)[S](=O)(=O)[R],C=CC(N(*)C=O)S(=O)(=O)*,beta-amino sulfone acceptor
O=C([O][R])[N]([R])C[S](=O)(=O)[R],O=C(O*)N(*)CS(=O)(=O)*,sulfonylalkyl carbamate
C=CO[S](=O)(=O)[R],C=COS(=O)(=O)*,aromatic sulfonate
O=[C]([R])O[I]([R])[R],O=C(*)OI(*)*,iodanyl carboxylate
*[P+]([R])([R])[Rh]([Cl])([R])([S+]([R])[R])([S+]([R])[R])[Si]([R])([R])[R],*[P&+](*)(*)[#45](Cl)(*)([S&+](*)*)([S&+](*)*)[#14](*)(*)*,rhodium phosphonium sulfonium complex
O=[C]([R])C=C([C](=O)[R])[C](=O)[R],O=C(*)C=C(C(=O)*)C(=O)*,"vinyl 1,1-dicarbonyl"
[Cl][Pt]([Cl])([N]([R])[R])[N]([R])[R],Cl[#78](Cl)(N(*)*)N(*)*,diamine dichloroplatinum
O=[N+]([O-])[O][Pt]([O][N+](=O)[O-])([N]([R])[R])[N]([R])[R],O=[N&+]([O&-])O[#78](O[N&+](=O)[O&-])(N(*)*)N(*)*,bis(nitrato)bis(amine)platinum
[R][N]=c1ccc(=[N][R])[n]([R])[n]1[R],*N=c1ccc(=N*)n(*)n1*,diimino pyridazine
[R][N]([R])CN(C[N]([R])[R])C[N]([R])[R],*N(*)CN(CN(*)*)CN(*)*,tris aminomethyl tertiary amine
O=C([O][R])C(C=C([S][R])[S][R])=CC([S][R])[S][R],O=C(O*)C(C=C(S*)S*)=CC(S*)S*,dithiolanyl acrylate ester
C=CC=CC(=O)[N](O)[R],C=CC=CC(=O)N(O)*,dienyl hydroxamic acids
C=CC=CC(O)=C1[C](=O)[R][N]([R])C1=O,C=CC=CC(O)=C1C(=O)*N(*)C1=O,hydroxy polyene conjugated diketone nitrogen ring
O=[C]1[R][O]C([O][R])C2OC12,O=C1*OC(O*)C2OC12,bridged oxa-ketone
C=CC=CC=CC=C[C](=O)[R],C=CC=CC=CC=CC(=O)*,polyene carbonyl
[R][N]=C([N]([R])[R])[N]([R])N=CC=N[N]([R])C(=[N][R])[N]([R])[R],*N=C(N(*)*)N(*)N=CC=NN(*)C(=N*)N(*)*,bisguanyl hydrazone
O=[C]([R])C=CC=C([S][R])[S][R],O=C(*)C=CC=C(S*)S*,conjugated ketene dithioacetal
C=C(C(=O)O)[C](=O)[R],C=C(C(=O)O)C(=O)*,"1,1-dicarbonyl alkene"
C=C([C](=O)[R])[N+](=O)[O-],C=C(C(=O)*)[N&+](=O)[O&-],beta nitro enone
O=[C]([R])C(=C[N]([R])[R])C(=S)[N]([R])[R],O=C(*)C(=CN(*)*)C(=S)N(*)*,enaminone thioamide conjugation
O=[C]([R])C=CC(=O)[N]([R])[R],O=C(*)C=CC(=O)N(*)*,beta carbonyl acrylamide
C=N[C](=O)[R],C=NC(=O)*,acyl imine
C=C1SC(=N[C](=O)[R])[N]([R])C1=O,C=C1SC(=NC(=O)*)N(*)C1=O,thiazolidinone imine methylene
O=[C]([R])C1=N[N]([R])C[N]1[R],O=C(*)C1=NN(*)CN1*,1 2 4 triazoline 3 carbonyl
O=C(C(C=[N][R])=N[N]([R])[R])[N]([R])[R],O=C(C(C=N*)=NN(*)*)N(*)*,substituted hydrazone imine amide
C=CC(=C1C=C(Cl)C(=O)C(Cl)=C1)[N]([R])[R],C=CC(=C1C=C(Cl)C(=O)C(Cl)=C1)N(*)*,vinyl enamine chloroquinone
O=[C]([R])C(Cl)=C([C](=O)[R])[N]([R])[C](=O)[R],O=C(*)C(Cl)=C(C(=O)*)N(*)C(=O)*,chloro dioxo amide
O=[C]([R])C([N]([R])[C](=O)[R])[S](=O)(=O)[R],O=C(*)C(N(*)C(=O)*)S(=O)(=O)*,alpha sulfonyl alpha acylamino carboxylic acid
O=[C]([R])[N]([R])N=C[S][R],O=C(*)N(*)N=CS*,sulfanyl imine amide
O=[C]([R])[N]([R])C1SC=NC1O,O=C(*)N(*)C1SC=NC1O,hydroxy dihydrothiazolyl amide
O=[C]([R])N1CN([C](=O)[R])CN([C](=O)[R])C1,O=C(*)N1CN(C(=O)*)CN(C(=O)*)C1,"1,3,5-triazinane tricarbonyl"
O=[C]([R])[N]([R])C[N]([R])C[N]([R])[C](=O)[R],O=C(*)N(*)CN(*)CN(*)C(=O)*,tertiary amine bridged diamide
O=[C]([R])[N]([R])Br,O=C(*)N(*)Br,n-bromo amide
O=[C]([R])C([S][R])[N]([R])[C](=O)[R],O=C(*)C(S*)N(*)C(=O)*,thio ether amine dicarbonyl
O=[C]([R])C=C([S][R])[N]([R])[C](=O)[R],O=C(*)C=C(S*)N(*)C(=O)*,beta enone sulfenamide carbonyl
O=[S](=O)([R])N=[S]([R])[R],O=S(=O)(*)N=S(*)*,sulfonyl sulfilimine
O=[As]([R])([R])[R],O=[#33](*)(*)*,arsenic oxo group
O=[S]([R])C[O][R],O=S(*)CO*,hydroxyalkyl sulfonate sulfinate
[N-]=[N+]=N[C](=O)[R],[N&-]=[N&+]=NC(=O)*,acyl azide
O=[C]([R])ON=CC(=CC(=O)[N]([R])[R])[N]([R])[R],O=C(*)ON=CC(=CC(=O)N(*)*)N(*)*,azole activated ester
C=C(OC[O][R])[C](=O)[R],C=C(OCO*)C(=O)*,vinyl carbonate ester
O=[C]([R])OCOC[O][R],O=C(*)OCOCO*,trioxa ester
C=CC=CO[C](=O)[R],C=CC=COC(=O)*,dienol ester
O=[C]([R])OC=N[O][R],O=C(*)OC=NO*,isoxazole ester
OC1CO1,OC1CO1,hydroxy epoxide
O=[C]([R])OC1CO1,O=C(*)OC1CO1,oxiranyl ester
OCO[N]([R])[R],OCON(*)*,hydroxylamine methylene ethers
O=[C]([R])[O][Mg][Cl],O=C(*)O[#12]Cl,magnesium carboxylate chloride
C=CC=N[S](=O)[R],C=CC=NS(=O)*,conjugated sulfonyl imine
C=[C]([Nar])[C](=O)[R],C=C(n)C(=O)*,heteroaryl enaminone
O=[C]([R])C(=[N][R])[N]([R])[N]([R])[R],O=C(*)C(=N*)N(*)N(*)*,carbonyl hydrazinyl imine
O=[C]([R])[C]([Nar+])=C([S-])[N]([R])[R],O=C(*)C([n&+])=C([S&-])N(*)*,pyridinium thiolate enaminone
O=C([N]([R])[R])P(=O)([O][R])[O][R],O=C(N(*)*)P(=O)(O*)O*,carbamoyl phosphonate
O=[S](=O)([R])N=c1scc[n]1[R],O=S(=O)(*)N=c1sccn1*,sulfonyl imine n-substituted thiazole
O=C1C([N]([R])[R])=CS(=O)(=O)[N]1[R],O=C1C(N(*)*)=CS(=O)(=O)N1*,aminothiazolone dioxide
C=C(F)F,C=C(F)F,gem-difluoroalkene
[R][S][N]([R])[R],*SN(*)*,sulfonate or sulfamate
O=C(O)C=C[N]([R])[C](=O)[R],O=C(O)C=CN(*)C(=O)*,carboxy enaminone
C=CC=N[N]([R])C(=O)C(=C)[N]([R])[C](=O)[R],C=CC=NN(*)C(=O)C(=C)N(*)C(=O)*,vinyl hydrazone diamide
C=C([C](=O)[R])C([O][R])[N]([R])[R],C=C(C(=O)*)C(O*)N(*)*,beta amino alcohol enone
O=[C]([R])C1=COC([N]([R])[R])C=C1,O=C(*)C1=COC(N(*)*)C=C1,2-amino pyran carbonyl
C=COCO[C](=O)[R],C=COCOC(=O)*,vinyloxymethyl ester
O=C1C(=CC=[N+]([R])[R])C([O-])=C1C=C[N]([R])[R],O=C1C(=CC=[N&+](*)*)C([O&-])=C1C=CN(*)*,squaraine
O=C(C=NC(=O)[N]([R])[N]([R])[R])[N]([R])[R],O=C(C=NC(=O)N(*)N(*)*)N(*)*,hydrazone hydrazide amide
[R][N]=CC=C1[N]([R])N=C([S][R])[N]1[R],*N=CC=C1N(*)N=C(S*)N1*,triazoline thioether
O=C([O][R])OCN([C](=O)[R])[C](=O)[R],O=C(O*)OCN(C(=O)*)C(=O)*,diacylaminoalkyl carbamate
O=C([O][R])[N]([R])C(=O)[N]([R])[S](=O)(=O)[R],O=C(O*)N(*)C(=O)N(*)S(=O)(=O)*,sulfonylcarbamoyl carbamate
O=[C]([Nar])C=N[N]([R])[C](=O)[R],O=C(n)C=NN(*)C(=O)*,benzoxazole oxadiazolone
[R][N]([R])[N]([R])C=C([CH]=[Car])[N]=[Car],*N(*)N(*)C=C([C&H1]=c)N=c,heterocyclic hydrazinyl conjugated diene
O=P(OP(=O)([N]([R])[R])[N]([R])[R])([N]([R])[R])[N]([R])[R],O=P(OP(=O)(N(*)*)N(*)*)(N(*)*)N(*)*,trisamino phosphate diaminophosphate
O=[C]([R])[N]([R])C=N[S](=O)(=O)[R],O=C(*)N(*)C=NS(=O)(=O)*,sulfonylamidine amide
O=C(C(=C[N]([R])[R])N=[N][R])[N]([R])[R],O=C(C(=CN(*)*)N=N*)N(*)*,amino diazenyl carbonyl amide
C=CC=NN=CC=C,C=CC=NN=CC=C,conjugated hydrazo diimine
C=CC1OC1[C](=O)[R],C=CC1OC1C(=O)*,vinyl epoxide carbonyl
C1OC1C1CO1,C1OC1C1CO1,diepoxide
O=[C]([R])C(=C([C](=O)[R])[N]([R])[C](=O)[R])[N]([R])[R],O=C(*)C(=C(C(=O)*)N(*)C(=O)*)N(*)*,alpha keto enaminone
O=C(ON([C](=O)[R])C(=O)[N]([R])[R])[N]([R])[R],O=C(ON(C(=O)*)C(=O)N(*)*)N(*)*,diacylamino carbamate
O=S(=O)(C(Cl)=CCl)[N]([R])[R],O=S(=O)(C(Cl)=CCl)N(*)*,dichloroalkenyl sulfonamide
O=C1[N]([R])C(=C[N]([R])[R])[N]([R])[N]1[R],O=C1N(*)C(=CN(*)*)N(*)N1*,5-enamine triazolone
O=[C]1[R][N]([R])C(=O)N1[N]([R])[S](=O)(=O)[R],O=C1*N(*)C(=O)N1N(*)S(=O)(=O)*,hydantoin sulfamoylamino
C=[C]([Nar])C(=O)O,C=C(n)C(=O)O,cinnamic acid derivative
O=[C]([R])N(C[N]([R])[R])C(=O)[N]([R])[R],O=C(*)N(CN(*)*)C(=O)N(*)*,methylene diurea
[R][O]C[N+]([R])([R])[R],*OC[N&+](*)(*)*,beta hydroxy quaternary ammonium
C#CC=N[O][R],C#CC=NO*,alkynylidene hydroxylamine
C#CC#CC#CC#CC#CC#CC#CO[P](=O)([R])[O][R],C#CC#CC#CC#CC#CC#CC#COP(=O)(*)O*,heptayne phosphate
O=C([O][R])OC[S][R],O=C(O*)OCS*,carbonate thioethers
O=[C]1N=C([N]([R])[C](=O)[R])[O][R]1,O=C1N=C(N(*)C(=O)*)O*1,oxazolone carboxamide
C=C1C(=C[O][R])[N]([R])[N]([R])C([N]([R])[R])=C1C#N,C=C1C(=CO*)N(*)N(*)C(N(*)*)=C1C#N,cyano diazole ester
C=CC(=O)C(=C)[C](=O)[R],C=CC(=O)C(=C)C(=O)*,cross-conjugated dienedione
C=CC(=[N][R])[S][R],C=CC(=N*)S*,vinyl thioimidate
[O-][N+]1=CC(C=NO)=NC1,[O&-][N&+]1=CC(C=NO)=NC1,imidazole n-oxide oxime
O=[C]([R])C([N]([R])[R])=[N+]([O-])CO,O=C(*)C(N(*)*)=[N&+]([O&-])CO,zwitterionic nitro enamine
C=CC=C1C(=O)OCOC1=O,C=CC=C1C(=O)OCOC1=O,butadienylidene meldrums acid
O=C1C=C(O)OCO1,O=C1C=C(O)OCO1,"6-hydroxy-1,3-dioxin-4-one"
[O-][N+]([R])=CC=[N+]([O-])[R],[O&-][N&+](*)=CC=[N&+]([O&-])*,diimine dioxide
O=C(O)C=CC=CC=CC=CC=C[C](=O)[R],O=C(O)C=CC=CC=CC=CC=CC(=O)*,conjugated pentaene dicarboxylic acid
O=C(C=CN=C1[S][R][C](=O)[N]1[R])[N]([R])[R],O=C(C=CN=C1S*C(=O)N1*)N(*)*,3-oxo thiazolopyrimidine carboxamide
O=[C]([R])ON=C1C=CC(=O)C(Br)=C1,O=C(*)ON=C1C=CC(=O)C(Br)=C1,bromo quinone imide ester
O=[C]1C=CC(=O)[N]([R])[N]([R])[R]1,O=C1C=CC(=O)N(*)N(*)*1,dihydro pyridazine dione
C#CC1=CC(=C)[N+]([B-](F)(F)[Nar])=C1,C#CC1=CC(=C)[N&+]([B&-](F)(F)n)=C1,alkynyl boron difluoride aza ring
C=C(Cl)[N]([R])C([N]([R])[R])[N]([R])[R],C=C(Cl)N(*)C(N(*)*)N(*)*,chlorovinyl tertiary amine with geminal diamino
C=C([N]([R])[R])[N]([R])C(Cl)[N]([R])[R],C=C(N(*)*)N(*)C(Cl)N(*)*,chloroalkyl substituted enamino tertiary amine
O=C(C=C[N]([R])C=CP(=O)([O][R])[O][R])[O][R],O=C(C=CN(*)C=CP(=O)(O*)O*)O*,phosphono enamine ester
C=CN=c1nc([N]([R])[R])[n]([R])[n]1[R],C=CN=c1nc(N(*)*)n(*)n1*,vinylamino triazolopyrimidine
C=CC(C=C)=NO,C=CC(C=C)=NO,vinyl nitroso compounds
[R][NH][CH]=[Car],*[N&H1][C&H1]=c,pyrrole
C=CC(=O)[CH]=[Car],C=CC(=O)[C&H1]=c,"1,1-disubstituted vinyl furan"
O=[C]([R])C([C](=O)[R])=C1C=C[N]([R])C=C1,O=C(*)C(C(=O)*)=C1C=CN(*)C=C1,"heteroarylidene 1,3-dione"
C=CC=CC=S,C=CC=CC=S,conjugated thiocarbonyl
O=C1C=CC(=NO)C=C1,O=C1C=CC(=NO)C=C1,oxyiminoquinone
C=CN(O)C[N]([R])[R],C=CN(O)CN(*)*,vinyl n-oxide methylene tertiary amine
C=CSCN=C[N]([R])[C](=O)[R],C=CSCN=CN(*)C(=O)*,vinyl sulfide imino amide
OC(N=C([N]=[Car])[N]=[Car])=C1N=C[N]([R])[N]1[R],OC(N=C(N=c)N=c)=C1N=CN(*)N1*,diaryl amidine triazolyl enone
ON=CC=[N][R],ON=CC=N*,hydroxyimino imine
O=C1C(=C[N](O)[R])C=N[N]1[R],O=C1C(=CN(O)*)C=NN1*,hydroxyaminomethylenepyrazolone
O=C1C(=C[N]([R])[Nar])C=N[N]1[R],O=C1C(=CN(*)n)C=NN1*,triazolyl enaminone
S=C1C(=C[N]([R])[R])C=N[N]1[R],S=C1C(=CN(*)*)C=NN1*,4 enamine pyrazole 3 thione
O=[C]([R])N=c1ccc(C=CC(=O)[N]([R])[R])c[n]1[R],O=C(*)N=c1ccc(C=CC(=O)N(*)*)cn1*,n-substituted 2-acylimino-5-acrylamido pyridine
O=[S](=O)([R])N=C[N]([R])C=[N][R],O=S(=O)(*)N=CN(*)C=N*,sulfonyl biguanide
O=[C]([R])C(=N[N]([R])[R])C(=O)[N]([R])[R],O=C(*)C(=NN(*)*)C(=O)N(*)*,triazine carboxamide hydrazone
O=C(N=C([N]([R])[R])[N]([R])[R])[N]([R])[R],O=C(N=C(N(*)*)N(*)*)N(*)*,guanylurea
O=C([N]([R])[R])[N]([R])C(=[N][R])[N]([R])[R],O=C(N(*)*)N(*)C(=N*)N(*)*,guanylurea
[R][O]N=CBr,*ON=CBr,n-hydroxy imidoyl bromide
O=[C]1C=C([N]([R])[R])[N]([N]([R])[R])[R]1,O=C1C=C(N(*)*)N(N(*)*)*1,amino pyrazolone
O=C1C=CC=CC1=N[N]([R])[R],O=C1C=CC=CC1=NN(*)*,cyclohexadienone hydrazone
O=[C]([R])OC=C[N+](=O)[O-],O=C(*)OC=C[N&+](=O)[O&-],2-nitrovinyl ester
N#CC=C(N=C[S][R])[N]([R])[R],N#CC=C(N=CS*)N(*)*,cyanovinyl amino thioimidate
C=C1C(Cl)=C(Cl)C(Cl)=C1Cl,C=C1C(Cl)=C(Cl)C(Cl)=C1Cl,tetrachloro fulvene
O=C([O][R])[N]([R])C[N]([R])[S](=O)(=O)[R],O=C(O*)N(*)CN(*)S(=O)(=O)*,carbamate methylene sulfonamide
O=[S](=O)([R])O[S](=O)(=O)[R],O=S(=O)(*)OS(=O)(=O)*,sulfate
[O-][S+]([R])[N]([R])[R],[O&-][S&+](*)N(*)*,oxido amino sulfonium
N#CSC1=CC(=[N][R])C=C(SC#N)C1=O,N#CSC1=CC(=N*)C=C(SC#N)C1=O,dithiocyanato imino cyclohexadienone
O=[C]([R])C=C([N]([R])[R])[N]([R])[C](=O)[R],O=C(*)C=C(N(*)*)N(*)C(=O)*,dicarbonyl ene hydrazine
O=[S](=O)([R])N=c1sc([S][R])n[n]1[R],O=S(=O)(*)N=c1sc(S*)nn1*,sulfonamidine thiadiazole thioether
C=C([N]([R])[C](=O)[R])[N]([R])[C](=O)[R],C=C(N(*)C(=O)*)N(*)C(=O)*,bis-amide substituted alkene
O=[C]([R])[N]([R])C(=O)C=C[N]([R])[N]([R])[C](=O)[R],O=C(*)N(*)C(=O)C=CN(*)N(*)C(=O)*,imide ene hydrazide
O=C([N]([R])[R])[N]([R])C=N[S](=O)(=O)[R],O=C(N(*)*)N(*)C=NS(=O)(=O)*,urea sulfonamidine
O=[S](=O)([R])C([CH]=[Car])[N]=[Car],O=S(=O)(*)C([C&H1]=c)N=c,sulfonyl diaryl vinyl imine
O=C1C(Br)=CC(=N[S](=O)(=O)[R])C=C1Br,O=C1C(Br)=CC(=NS(=O)(=O)*)C=C1Br,quinone sulfonimide
O=[S](=O)([R])N=C1C=CC(=N[S](=O)(=O)[R])C=C1,O=S(=O)(*)N=C1C=CC(=NS(=O)(=O)*)C=C1,disulfonyliminoquinone
O=[S](=O)([R])N=C1[N]([R])C[N]([R])C[N]1[R],O=S(=O)(*)N=C1N(*)CN(*)CN1*,sulfonyl triazinyl imine
O=[S](=O)([R])N1CN2CN(C1)CN([S](=O)(=O)[R])C2,O=S(=O)(*)N1CN2CN(C1)CN(S(=O)(=O)*)C2,bicyclic disulfonamide
O=C([N]([R])C[N]([R])[S](=O)(=O)[R])[N]([R])C[N]([R])[S](=O)(=O)[R],O=C(N(*)CN(*)S(=O)(=O)*)N(*)CN(*)S(=O)(=O)*,gte 2 sulfonic acid
O=[S]([R])[Nar],O=S(*)n,sulfinamide aromatic nitrogen
O=[C]([R])C1=C(C(=O)[O][R])[N]([R])C(=O)C1=O,O=C(*)C1=C(C(=O)O*)N(*)C(=O)C1=O,"pyrrole-4,5-dione with 2-acyl and 3-ester"
O=C(C(=C[N]([R])[R])C(=N[O][R])[N]([R])[R])[N]([R])[R],O=C(C(=CN(*)*)C(=NO*)N(*)*)N(*)*,enaminone amidoxime
[R][N]([R])C=NC=N[N]([R])[R],*N(*)C=NC=NN(*)*,biguanide
N#CC=C([S][R])[N]([R])C=[N][R],N#CC=C(S*)N(*)C=N*,cyano vinyl thioether amidine
O=[C]1N=CC=[N][R]1,O=C1N=CC=N*1,pyrazinone
C=C([S][R])C(=O)[N]([R])[R],C=C(S*)C(=O)N(*)*,sulfanyl acrylamide
C=CC(=C)[N+](=O)[O-],C=CC(=C)[N&+](=O)[O&-],conjugated nitro group
O=[C]([R])[N]([R])[C]([Nar])=[N][R],O=C(*)N(*)C(n)=N*,n-heteroaryl amide
C=C1[S][R][C](=O)[N]1[R],C=C1S*C(=O)N1*,2-ylidene-4-thiazolidinone
O=C([N]=[Car])C(=C[O][R])[O][R],O=C(N=c)C(=CO*)O*,amidine enol ester
O=[C]1[R][S]C(=N[S](=O)(=O)[R])[N]1[R],O=C1*SC(=NS(=O)(=O)*)N1*,thiazolidinone sulfonylimine
O=C1C(Cl)=C([N]([R])[C](=O)[R])C(=O)C(Cl)=C1[N]([R])[C](=O)[R],O=C1C(Cl)=C(N(*)C(=O)*)C(=O)C(Cl)=C1N(*)C(=O)*,"2,5-dichloro-3,6-dioxocyclohexa-1,4-diene-1,4-bisamide"
N#CC(C#N)=C([N-][R])[C]([Nar+])=[N][R],N#CC(C#N)=C([N&-]*)C([n&+])=N*,dicyanovinyl zwitterion
O=[C]([R])OCO[P](=O)([R])[R],O=C(*)OCOP(=O)(*)*,acyloxymethyl phosphate
O=[C]([R])OCN1C(=O)C=CC1=O,O=C(*)OCN1C(=O)C=CC1=O,maleimide ester
O=[C]([R])OC=CC(=O)[O][R],O=C(*)OC=CC(=O)O*,beta acyloxy acrylate
O=[C]1N=C[N]([R])[C](=O)[R]1,O=C1N=CN(*)C(=O)*1,n-substituted dione
O=S(=O)([N]([R])[R])[N]([R])C[S][R],O=S(=O)(N(*)*)N(*)CS*,sulfonamide thioether linkage
O=[C]([R])N(C[O][R])C(=O)[N]([R])[R],O=C(*)N(CO*)C(=O)N(*)*,hydroxyalkyl imide amide
C=CC1=CC(=C)OC1=O,C=CC1=CC(=C)OC1=O,vinylidene furanone
O=[C]1[R][C](=O)[N]([R])C[N]1[R],O=C1*C(=O)N(*)CN1*,six-membered diamide
[Car]=[N]CO[N]=[Car],c=NCON=c,bis aryl imino methyl ether
O=[C]1C=C[N]([R])[C](=O)[R]1,O=C1C=CN(*)C(=O)*1,"pyrimidine-2,4-diones"
C=CC(=O)[N]([R])C(=O)[N]([R])[R],C=CC(=O)N(*)C(=O)N(*)*,n-acryloyl imide
O=[S](=O)([R])N=c1scn[n]1[R],O=S(=O)(*)N=c1scnn1*,sulfonimine thiadiazole
O=[C]1OC[N]([N]([R])[C](=O)[R])[R]1,O=C1OCN(N(*)C(=O)*)*1,fused oxazolidinone urea
[R][N]=c1cc([N]([R])[R])nc[n]1[R],*N=c1cc(N(*)*)ncn1*,6-imino-3-alkylpurinium
[R][N]1CN=CSC1,*N1CN=CSC1,thiazolidines
O=[C]1N=C([N]([R])C(=O)[N]([R])[R])[S][R]1,O=C1N=C(N(*)C(=O)N(*)*)S*1,thiadiazolone urea
C=CC(=CC(=O)[N]([R])[R])C(=O)[O][R],C=CC(=CC(=O)N(*)*)C(=O)O*,bis-activated diene
O=C1C=CC(=C2C=C[N]([R])[N]2[R])C=C1,O=C1C=CC(=C2C=CN(*)N2*)C=C1,indazolone
O=[C]1[R][C](=O)N(C(=[N][R])[N]([R])[R])[N]1[R],O=C1*C(=O)N(C(=N*)N(*)*)N1*,n-amidino cyclic urea
C=CC=C(C=CC(=O)[O][R])C(=O)[O][R],C=CC=C(C=CC(=O)O*)C(=O)O*,conjugated geminal diesters
C=CC(C=CC(=O)O)=CC(=O)[N]([R])[R],C=CC(C=CC(=O)O)=CC(=O)N(*)*,acrylic enamide diene
O=C(O)C=CC1=CC(=O)C([O][R])=C([O][R])C1=O,O=C(O)C=CC1=CC(=O)C(O*)=C(O*)C1=O,quinone acrylic acid
C=CC=CC=CC=CC=CC=CC(=O)[O][R],C=CC=CC=CC=CC=CC=CC(=O)O*,polyene carboxylic acid
O=C1C=C(O)C(=O)C=C1O,O=C1C=C(O)C(=O)C=C1O,"quinones with 2,5-dihydroxy substitution"
O=C(C=C([C](=O)[R])[N]([R])[R])[O][R],O=C(C=C(C(=O)*)N(*)*)O*,3-amino-3-carbonyl acrylate
O=C(C=C(C(=O)[N]([R])[R])[N]([R])[R])[O][R],O=C(C=C(C(=O)N(*)*)N(*)*)O*,beta-amino-beta-carbamoyl acrylate
C=CC=N[N]([R])C(=O)[O][R],C=CC=NN(*)C(=O)O*,alkenylideneamino carbamate
[R][N]=CC=C1OC([S][R])=N[N]1[R],*N=CC=C1OC(S*)=NN1*,azo vinyl oxadiazole thioether
O=CC=CC=C([S][R])[N]([R])[R],O=CC=CC=C(S*)N(*)*,conjugated aldehyde with amino thioether
O=C1C(=CC=C([Se][R])[N]([R])[R])C(=O)[N]([R])C(=S)[N]1[R],O=C1C(=CC=C([#34]*)N(*)*)C(=O)N(*)C(=S)N1*,selenazole thiobarbiturate
O=C1C(=CC=C[N]([R])[R])C(=O)[N]([R])C(=S)[N]1[R],O=C1C(=CC=CN(*)*)C(=O)N(*)C(=S)N1*,thiobarbiturate enamine diene
C=CC(=CC=C1C(=O)[N]([R])C(=S)[N]([R])C1=O)[N]([R])[R],C=CC(=CC=C1C(=O)N(*)C(=S)N(*)C1=O)N(*)*,enamine thiobarbiturate
O=C1C(=CC=C([O][R])[N]([R])[R])C(=O)[N]([R])C(=S)[N]1[R],O=C1C(=CC=C(O*)N(*)*)C(=O)N(*)C(=S)N1*,thiobarbiturate merocyanine
[R][N]=CC=C[N]([R])[R],*N=CC=CN(*)*,divinylogous amidine
[R][N]=CC=C([O][R])[N]([R])[R],*N=CC=C(O*)N(*)*,beta-amino beta-alkoxy imine
[R][O]C(=CC=[N+]([R])[R])[N]([R])[R],*OC(=CC=[N&+](*)*)N(*)*,enol ether enamine iminium
O=C1C(=CC=CC=C[N]([R])[R])C(=O)[N]([R])C(=S)[N]1[R],O=C1C(=CC=CC=CN(*)*)C(=O)N(*)C(=S)N1*,amino ene thiobarb
O=C([N]([R])[R])[N]([R])C=NO,O=C(N(*)*)N(*)C=NO,oxime urea
C=N[N]([R])C(=[N][R])[N]([R])C#N,C=NN(*)C(=N*)N(*)C#N,hydrazone amidine cyanamide
O=C([N]([R])C(=NO)[N]([R])[R])[N]([R])[S](=O)(=O)[R],O=C(N(*)C(=NO)N(*)*)N(*)S(=O)(=O)*,hydroxycarbamimidoyl sulfonylurea
O=[P]([R])([R])[S][R],O=P(*)(*)S*,phosphine oxide thioether
C=CC=[N+]([R])[R],C=CC=[N&+](*)*,eniminium
C=CC1=[N+]([B-](F)(F)[Nar])C(=C)C=C1,C=CC1=[N&+]([B&-](F)(F)n)C(=C)C=C1,vinyl bf2 n-heteroaryl azete cation
F[B-](F)([Nar])[N+]1=CC=CC1=C[N]([R])[R],F[B&-](F)(n)[N&+]1=CC=CC1=CN(*)*,difluoroboranuidate pyridinium enamine
C=CC(=C)[N]([R])[R],C=CC(=C)N(*)*,"3-amino-1,3-diene"
O=C(C1N=C([N]([R])[R])N=C([N]([R])[R])[N]1[R])[N]([R])[R],O=C(C1N=C(N(*)*)N=C(N(*)*)N1*)N(*)*,melamine carboxamide
O=C(C1[N]([R])[R][C](=O)[N]1[R])[N]([R])[R],O=C(C1N(*)*C(=O)N1*)N(*)*,heterocyclic diamide carboxamide
[Car]=[N][N]=[Car],c=NN=c,aromatic diimine hydrazine
C=CC=C(C=C)[N]([R])[R],C=CC=C(C=C)N(*)*,monosubstituted benzene
O=C1[N]([R])C2C([N]1[R])N(CO)C(=O)[N]2[R],O=C1N(*)C2C(N1*)N(CO)C(=O)N2*,hydroxymethyl hydantoin
O=C1C=CC=CC1=C(O)[N]([R])[R],O=C1C=CC=CC1=C(O)N(*)*,dienone hydroxamate
[R][S]C(=CC=CC([S][R])=[N+]([R])[R])[N]([R])[R],*SC(=CC=CC(S*)=[N&+](*)*)N(*)*,thiadicarbocyanine
O=C1C=C(O)C=CC1=C1C=C(C(=O)[N]([R])[R])[N]([R])O1,O=C1C=C(O)C=CC1=C1C=C(C(=O)N(*)*)N(*)O1,quinone fused oxazole amide
O=C([N]([R])[R])[N]([R])C1C([N]([R])C(=O)[N]([R])[R])[N]([R])C(=O)[N]1[R],O=C(N(*)*)N(*)C1C(N(*)C(=O)N(*)*)N(*)C(=O)N1*,imidazolidinone diureas
[R][N]=C(SC[O][R])[N]([R])[R],*N=C(SCO*)N(*)*,thioether alkoxyamidine
O=C1C(=C[O][R])C=N[N]1[R],O=C1C(=CO*)C=NN1*,4oxymethylidene pyrazol3one
[R][O]C=N[O][R],*OC=NO*,imidate
O=[C]1[R][N]([R])C(=O)OC[N]([R])C1=O,O=C1*N(*)C(=O)OCN(*)C1=O,diazepine trione
O=C([N-][R])[O][R],O=C([N&-]*)O*,carbamate anion
O=C(O)C=CC=CC(=O)[O][R],O=C(O)C=CC=CC(=O)O*,"hexa-2,4-dienedioate"
C=C(N=[N][R])C(=O)[O][R],C=C(N=N*)C(=O)O*,diazo acrylate
O=C([O][R])C(=N[N]([R])[R])C(=O)[O][R],O=C(O*)C(=NN(*)*)C(=O)O*,malonyl hydrazone
O=[C]([R])C(=NO)C(=O)[O][R],O=C(*)C(=NO)C(=O)O*,hydroxyimino malonate
O=C([O][R])C(C=[N][R])=NO,O=C(O*)C(C=N*)=NO,heterocyclic n-oxide carboxylate
O=[C]([R])ON=C([C](=O)[R])C(=O)[O][R],O=C(*)ON=C(C(=O)*)C(=O)O*,acyloxyimino dicarboxylate
O=C([O][R])C(=C[N]([R])[R])C(=O)[N]([R])[R],O=C(O*)C(=CN(*)*)C(=O)N(*)*,3-amino-2-carbamoylpropenoate
N#CC(C(=O)[O][R])=C1SSC(=C(C#N)C(=O)[O][R])S1,N#CC(C(=O)O*)=C1SSC(=C(C#N)C(=O)O*)S1,cyano carboxylate trithiolane
O=C([O][R])C(=C[N]([R])[R])[N]([R])C(=O)[O][R],O=C(O*)C(=CN(*)*)N(*)C(=O)O*,alpha-carbamate beta-enamino acrylic acid
O=C(C=C[N]([R])[N]([R])[R])[O][R],O=C(C=CN(*)N(*)*)O*,beta hydrazino acrylate
C=CC=CC=CC=CC(=O)[O][R],C=CC=CC=CC=CC(=O)O*,hobt ester
O=C(C=C[N]([R])C[N]([R])C(=O)[O][R])[O][R],O=C(C=CN(*)CN(*)C(=O)O*)O*,vinyl methylenediamine diester
O=[C]([R])C(C(=O)[O][R])=C([N]([R])[R])[N]([R])[R],O=C(*)C(C(=O)O*)=C(N(*)*)N(*)*,diaminomethylidene beta keto ester
O=[C]([R])OC=C(C(=O)[O][R])C(=O)[O][R],O=C(*)OC=C(C(=O)O*)C(=O)O*,acyloxyalkylidene malonate
O=[C]([Nar])C(=O)[O][R],O=C(n)C(=O)O*,heterocyclic carboxylic acid ester
N#CC(=N[N]([R])[R])C(=O)[O][R],N#CC(=NN(*)*)C(=O)O*,cyano hydrazinylidene acetate ester
O=C([CH]=[Car])[O][R],O=C([C&H1]=c)O*,arylidene ester
O=C([O][R])[N]([R])C(=[N][R])[N]([R])[R],O=C(O*)N(*)C(=N*)N(*)*,carbamoylguanidine
O=C(O)C=C[N]([R])C=CC(=O)[O][R],O=C(O)C=CN(*)C=CC(=O)O*,diacrylic acid tertiary amine
N#CC=C([S][R])[N]([R])C=CC(=O)[O][R],N#CC=C(S*)N(*)C=CC(=O)O*,cyano vinyl sulfide enamine acrylate
C=C1SC([N]([R])[R])=C(C(=O)[O][R])C1=O,C=C1SC(N(*)*)=C(C(=O)O*)C1=O,5-alkylidene-4-oxo-2-aminothiophene-3-carboxylate
O=[C]([R])OC(=CC(=O)[O][R])C(=O)[O][R],O=C(*)OC(=CC(=O)O*)C(=O)O*,2-acyloxy butenedioate
C=[C]([Nar])C(=O)[O][R],C=C(n)C(=O)O*,2-phenylpyrrole
O=C([O][R])C1=C[N]([R])C(=O)C1=O,O=C(O*)C1=CN(*)C(=O)C1=O,dioxopyrrole carboxylate
C=CC(=C)[N]([R])N=C,C=CC(=C)N(*)N=C,dienyl hydrazone
O=S([N]=[Car])[O][R],O=S(N=c)O*,sulfonimidate ester
S=C([N]([R])[R])[N]([R])C[O][R],S=C(N(*)*)N(*)CO*,hydroxyalkyl thiourea
N#CC(=C[N]([R])[R])C(=O)[O][R],N#CC(=CN(*)*)C(=O)O*,3-amino-2-cyanoacrylate
C=[S][R],C=S*,thiophene
OCN=c1ccc(Cl)c[n]1[R],OCN=c1ccc(Cl)cn1*,chloro aryl imino ether
O=C(C(=O)[N]([R])[Nar])[N]([R])[R],O=C(C(=O)N(*)n)N(*)*,heterocyclic oxamide
O=C(C(Cl)=C(Cl)Cl)[N]([R])[R],O=C(C(Cl)=C(Cl)Cl)N(*)*,"2,3,3-trichloroprop-2-enamide"
O=C[CH]=[Car],O=C[C&H1]=c,beta furyl carbonyl
O=P(Cl)(Cl)[O][R],O=P(Cl)(Cl)O*,dichlorophosphate
O=[C]1N=C([S][R])[S][R]1,O=C1N=C(S*)S*1,thiazol-4-one dithio
O=[C]([R])C=C1C(=O)[N]([R])[R][C](=O)[N]1[R],O=C(*)C=C1C(=O)N(*)*C(=O)N1*,unsaturated diketopiperazine
O=C(C(=C[N]([R])[R])[N]([R])[R])[N]([R])[R],O=C(C(=CN(*)*)N(*)*)N(*)*,aminomethylene malonamide
[S-][R],[S&-]*,thiolate
O=C(C=N[N]([R])C(=O)[O][R])[N]([R])[R],O=C(C=NN(*)C(=O)O*)N(*)*,acyl hydrazone ester
O=C(N=[S](=O)([R])[N]([R])[R])[O][R],O=C(N=S(=O)(*)N(*)*)O*,sulfoximine carbamate
O=[C]([R])N([C](=O)[R])C(=O)[O][R],O=C(*)N(C(=O)*)C(=O)O*,diacyl carbamate
C=CN(C=CC(=O)[O][R])C(=O)[O][R],C=CN(C=CC(=O)O*)C(=O)O*,n-vinyl-n-acrylate-n-carboxylate
O=C([O][R])N1CN(C(=O)[O][R])CN(C(=O)[O][R])C1,O=C(O*)N1CN(C(=O)O*)CN(C(=O)O*)C1,triazinane tricarboxylic acid
C=C(C#N)C(=O)[N]([R])C(=O)[O][R],C=C(C#N)C(=O)N(*)C(=O)O*,cyanopropenoyl carbamate
O=C([O][R])[N]([R])C(=[N][R])[S][R],O=C(O*)N(*)C(=N*)S*,n-thiocarbonimidoyl carbamate
O=C([O][R])OCOC=C(C(=O)[N]([R])[R])[N]([R])[S](=O)(=O)[R],O=C(O*)OCOC=C(C(=O)N(*)*)N(*)S(=O)(=O)*,vinyl sulfonamide carbonate ester
C=C1N=C(SC(=O)[O][R])SC1=O,C=C1N=C(SC(=O)O*)SC1=O,thioester alkylidene thiazolone
O=[P]([R])([R])C([O][R])[O][R],O=P(*)(*)C(O*)O*,phosphonic acid geminal dioxy
S=C([O][R])SSC(=S)[O][R],S=C(O*)SSC(=S)O*,xanthogen disulfide
[R][O]CN=C[N]([R])[R],*OCN=CN(*)*,n-alkoxymethylamidine
[R][O]C1C=CC=CO1,*OC1C=CC=CO1,dioxole
C=C1SC(=S)N([N]([R])[S](=O)(=O)[R])C1=O,C=C1SC(=S)N(N(*)S(=O)(=O)*)C1=O,rhodanine sulfonylhydrazine
OC[N+]([R])=C[N]([R])[R],OC[N&+](*)=CN(*)*,n-hydroxyalkylamidinium
O=C([N]([R])CO)[N]([R])CO,O=C(N(*)CO)N(*)CO,bis hydroxymethyl urea
O=[C]1[R][N]=C([S][R])[N]1[R],O=C1*N=C(S*)N1*,thioether substituted azolone
OC(C=N[O][R])=[N][R],OC(C=NO*)=N*,hydroxy imino oxime ether
O=[C]([R])[N]([R])N=CC(=O)[N]([R])[O][R],O=C(*)N(*)N=CC(=O)N(*)O*,heterocyclic hydroxamic acid
C=CC=N[N]([R])P(=O)([O][R])[O][R],C=CC=NN(*)P(=O)(O*)O*,vinyl hydrazone phosphonate
O=[C]([R])[N]([R])C(=C[N]([R])[R])P(=O)([O][R])[O][R],O=C(*)N(*)C(=CN(*)*)P(=O)(O*)O*,enaminophosphonate amide
C=C(P(=O)([O][R])[O][R])P(=O)([O][R])[O][R],C=C(P(=O)(O*)O*)P(=O)(O*)O*,vinylidene bisphosphonate
O=P([O][R])([O][R])[N]([R])[N]([R])[R],O=P(O*)(O*)N(*)N(*)*,phosphonic hydrazide
[R][O]C[S][Au]=[P]([R])([R])[R],*OCS[#79]=P(*)(*)*,gold phosphinidene complex
O=[C]([R])[N]([R])[N]([R])C(=S)[S][R],O=C(*)N(*)N(*)C(=S)S*,acyl hydrazine dithiocarbamate
O=[C]([R])N=C([N]([R])[R])[N]([R])[C](=O)[R],O=C(*)N=C(N(*)*)N(*)C(=O)*,dicarbonyl guanidine
[R][N-][Car],*[N&-]c,aromatic azanide
O[N]([R])C=C1C=NC=N1,ON(*)C=C1C=NC=N1,hydroxyamino imidazole alkylidene
[R][N]([R])C1([N]([R])[R])[N]([R])N=C2C=CC=NN21,*N(*)C1(N(*)*)N(*)N=C2C=CC=NN12,triazolopyrimidine
[R][N]=C(C([O][R])[O][R])[N]([R])[R],*N=C(C(O*)O*)N(*)*,amidine acetal
O[Si]([R])([R])[R],O[#14](*)(*)*,silicon bonded oxygen
C=CC=CC=CN=NC=N[N]([R])[R],C=CC=CC=CN=NC=NN(*)*,polyene azo compound
O=C(C(=C[N]([R])[R])C(=O)[N]([R])[R])[N]([R])[R],O=C(C(=CN(*)*)C(=O)N(*)*)N(*)*,enamino malonamide
C=NC[N]([R])[R],C=NCN(*)*,n aminomethyl imine
[Cl][Hg][R],Cl[#80]*,chloromercury
[Cl][Mn][Cl],Cl[#25]Cl,manganese dichloride
[Cl][Ni][Cl],Cl[#28]Cl,dichloronickel
[Cl][Pt-2]([Cl])([N+]([R])([R])[R])[N+]([R])([R])[R],Cl[#78&-2](Cl)([N&+](*)(*)*)[N&+](*)(*)*,dichloro diammonium platinum
[Cl][Pt+2][Cl],Cl[#78&+2]Cl,dichloroplatinum(2+)
[R][N-][R],*[N&-]*,azanide
[Cl][Ti]([Cl])[Cl],Cl[#22](Cl)Cl,titanium trichloride
ClC=[CH][Nar],ClC=[C&H1]n,chlorovinyl aromatic nitrogen
O=[N+]([O-])C(C(Cl)=C(Cl)Cl)=C([N]([R])[R])[N]([R])[R],O=[N&+]([O&-])C(C(Cl)=C(Cl)Cl)=C(N(*)*)N(*)*,nitro diamino trichloro butadiene
C=CC(=O)N=C,C=CC(=O)N=C,vinyl carbonyl imine
C=CC=C1C(Cl)=C(Cl)C(Cl)=C1Cl,C=CC=C1C(Cl)=C(Cl)C(Cl)=C1Cl,tetrachlorocyclopentadienylidene conjugated diene
C=N[N]=[Car],C=NN=c,arylazo imine
[R][S]C1=N[N]([R])C(=C2C=CC=N2)O1,*SC1=NN(*)C(=C2C=CC=N2)O1,"2-pyrrol-2-ylidene-5-thio-1,3,4-oxadiazole"
O=[S](=O)([R])[S][R],O=S(=O)(*)S*,thiosulfonate
O=[C]1[R][N](CN2C[N]([R])[R][C]2=O)C[N]1[R],O=C1*N(CN2CN(*)*C2=O)CN1*,bis imide methylene bridge
O=P(O)([O][R])[N]([R])[R],O=P(O)(O*)N(*)*,phosphoramidate
C=NC(O)C(=O)[N]([R])[R],C=NC(O)C(=O)N(*)*,hydroxy imino carboxamide
O=[C]([R])[N]([R])C([N]([R])[R])[N]([R])[R],O=C(*)N(*)C(N(*)*)N(*)*,diaminoalkyl amide
O=[S](=O)([R])N=[S](=O)([R])[N]([R])[R],O=S(=O)(*)N=S(=O)(*)N(*)*,sulfonyl sulfonimidamide
O=[C]1[R][N]([R])CN(C[O][R])C[N]([R])C(N=C[N]([R])[R])[N]1[R],O=C1*N(*)CN(CO*)CN(*)C(N=CN(*)*)N1*,amidine-containing nucleoside-like macrocycle
O=C1C=CN([N]([R])[R])C1=CC=N[N]([R])[R],O=C1C=CN(N(*)*)C1=CC=NN(*)*,pyrrolinone vinyl hydrazone
N#CC(C#N)=CC=N[N]([R])[R],N#CC(C#N)=CC=NN(*)*,azolylmethylene malononitrile
C=NN=CC=NO,C=NN=CC=NO,azine oxime
C=[S]([R])[R],C=S(*)*,sulfonium ylide
C=NC(=[N][R])[N]([R])[R],C=NC(=N*)N(*)*,biguanide
[R][O]N=CC=N[O][R],*ON=CC=NO*,vicinal dioxime
O=N[CH]=[Car],O=N[C&H1]=c,nitrone
[Car]=[C]1C=CNC=C1,c=C1C=CNC=C1,1 arylidene 1 4 dihydropyridine
O=[C]([R])C=CC=N[N]([R])[R],O=C(*)C=CC=NN(*)*,beta-hydrazone enone
[R][N]([R])[N]([R])C=CC=[N+]([R])[R],*N(*)N(*)C=CC=[N&+](*)*,hydrazinyl vinyl iminium
O=S(=O)(N=C1C=CC(=NS(=O)(=O)[N]([R])[R])C=C1)[N]([R])[R],O=S(=O)(N=C1C=CC(=NS(=O)(=O)N(*)*)C=C1)N(*)*,disulfamoyliminocyclohexadiene
[R][N+100]([R])([R])[R],*[N&+100](*)(*)*,quaternary nitrogen
O=[C]1[R][N]([R])C(=O)N1C[N]([R])[S](=O)(=O)[R],O=C1*N(*)C(=O)N1CN(*)S(=O)(=O)*,hydantoin sulfonamide
S=C1C(=C[N]([R])[R])C(=C[N]([R])[R])C(=S)[N]1[R],S=C1C(=CN(*)*)C(=CN(*)*)C(=S)N1*,bis enamine pyrrolidine dithione
C=C([S][R])[N]([R])[R],C=C(S*)N(*)*,gem-amino thioether alkene
O=C(C=C1SC(=[N][R])[N]([R])C1=O)[N]([R])[R],O=C(C=C1SC(=N*)N(*)C1=O)N(*)*,thiazolidinone imine amide
O=C(C1N=C([N]([R])[R])[N]([R])C([N]([R])[R])=N1)[N]([R])[R],O=C(C1N=C(N(*)*)N(*)C(N(*)*)=N1)N(*)*,spiro triazine oxindole
O=C1[N]([R])C2N=C3[S][R][C](=O)N3[N]([R])C2[N]1[R],O=C1N(*)C2N=C3S*C(=O)N3N(*)C2N1*,thia pentaza tricyclic dione
O=[C]1C=C([N]([R])[R])[N](C[S][R])[R]1,O=C1C=C(N(*)*)N(CS*)*1,1-thiomethylpyrazol-5-one
OC1=C2N=C[N]([R])C2N(C[O][R])C=N1,OC1=C2N=CN(*)C2N(CO*)C=N1,n-glycosyl purine
O=[C]([R])[N]([R])[N]([R])C=CC=[N][R],O=C(*)N(*)N(*)C=CC=N*,hydrazine aza-diene carbonyl
C1=NCN=C1,C1=NCN=C1,imidazole
O=[C]([R])ON=C1SC(=[N][R])C=C1[N]([R])[R],O=C(*)ON=C1SC(=N*)C=C1N(*)*,dihydrothienopyrrole ester
O[S](O)([R])[R],OS(O)(*)*,dihydroxy sulfane
C=C(C=O)[S][R],C=C(C=O)S*,alpha oxo vinyl sulfide
C=CC(=O)[N]=[Car],C=CC(=O)N=c,vinyl ketone aromatic imine
[R][N]1C=C[N]([R])C1,*N1C=CN(*)C1,imidazole ring
O=[C]([R])[N]([R])[N]([R])[CH]=[Car],O=C(*)N(*)N(*)[C&H1]=c,heterocyclic hydrazide carbonyls
S=C([N]([R])[R])[N]([R])CN=C[O][R],S=C(N(*)*)N(*)CN=CO*,alkoxy imino methyl thiourea
N#C[N]([R])CN([C](=O)[R])[S](=O)(=O)[R],N#CN(*)CN(C(=O)*)S(=O)(=O)*,n cyano n alkyl amidosulfonamide
C=C(C(=O)O)N1C(=O)C([O][R])([N]([R])C(=O)C2SC(=C(C(=O)O)C(=O)[N]([R])[R])S2)C1[S][R],C=C(C(=O)O)N1C(=O)C(O*)(N(*)C(=O)C2SC(=C(C(=O)O)C(=O)N(*)*)S2)C1S*,cephalosporanic acid core
O=C([O][R])OCSP(=O)([O][R])[O][R],O=C(O*)OCSP(=O)(O*)O*,carbonate sulfanylmethyl phosphate
O=[S](=O)([R])N=[S]([R])[O][R],O=S(=O)(*)N=S(*)O*,sulfonimidate ester
C=CC(=O)C1CO1,C=CC(=O)C1CO1,vinyl epoxy ketone
O=[C]([R])C(=CC=C[N]([R])[R])C(=O)[O][R],O=C(*)C(=CC=CN(*)*)C(=O)O*,"1,3-dicarbonyl dienamine"
O=C(C=[CH][Nar])[O][R],O=C(C=[C&H1]n)O*,heterocyclic enol carboxylate ester
C=CC=C(C(=O)[O][R])C(=O)[O][R],C=CC=C(C(=O)O*)C(=O)O*,butadienylidene malonate
O=C([O][R])C(=CC=C[N]([R])[R])C(=O)[O][R],O=C(O*)C(=CC=CN(*)*)C(=O)O*,dienaminylidene malonate
O=[C]([R])C=C(C(=O)[O][R])C(=O)[O][R],O=C(*)C=C(C(=O)O*)C(=O)O*,citraconate esters
O=C(C=C[N]([R])C(=O)[N]([R])[C](=O)[R])[O][R],O=C(C=CN(*)C(=O)N(*)C(=O)*)O*,beta peptidoamino acrylate ester
N#CC(=CC(=O)[O][R])[N]([R])C=CC(=O)[O][R],N#CC(=CC(=O)O*)N(*)C=CC(=O)O*,n-alkyl amino cyanoacrylate acrylate
O=C([O][R])C1=C(C(=O)[O][R])[N]([R])CO1,O=C(O*)C1=C(C(=O)O*)N(*)CO1,oxazole dicarboxylate
O=C(C=NN(CO)[C](=O)[R])[O][R],O=C(C=NN(CO)C(=O)*)O*,activated hydrazone ester
O=[C]([R])C=CC1=CC(=C[C](=O)[R])OCO1,O=C(*)C=CC1=CC(=CC(=O)*)OCO1,benzodioxin dienone
O=[N+]([OH+126])[O][R],O=[N&+]([O&H1&+126])O*,nitrate ester
[R][N]([R])[CH]=[Car],*N(*)[C&H1]=c,aromatic enamine
C=C1SC([N]([R])[C](=O)[R])=NC1=O,C=C1SC(N(*)C(=O)*)=NC1=O,2-acylamino-4-oxo-thiazol-5-ylidene
[O-][N+](O)([R])[R],[O&-][N&+](O)(*)*,nitro
C=CC(=O)[N]([R])S(=O)(=O)[N]([R])[R],C=CC(=O)N(*)S(=O)(=O)N(*)*,acrylamide sulfonylurea
O=[C]([R])C=CC=N[O][R],O=C(*)C=CC=NO*,enone oxime
ON=C1C=CC(=NO)C([O][R])=C1,ON=C1C=CC(=NO)C(O*)=C1,hydroxy furoxan
O=C([O][R])[N]1[R][C](=O)N1C(=O)[O][R],O=C(O*)N1*C(=O)N1C(=O)O*,"3-oxodiazetidine-1,2-dicarboxylic"
O=C1[O][R][C](=O)C1=CO,O=C1O*C(=O)C1=CO,maleimide derivative with exocyclic enol
O=[C]([R])[N]([R])C(=S)[N]([R])[N]([R])C(=O)[O][R],O=C(*)N(*)C(=S)N(*)N(*)C(=O)O*,carbamothioyl hydrazine carbamate
O=C([O][R])[N]([R])[N]([R])[S](=O)(=O)[R],O=C(O*)N(*)N(*)S(=O)(=O)*,sulfonyl carbazate
O=C([O][R])[N]([R])[O][R],O=C(O*)N(*)O*,n-oxycarbamate
O=C(O)C([O][R])[N]([R])[C](=O)[R],O=C(O)C(O*)N(*)C(=O)*,alpha-hydroxy acid n-acyl amino acid
O=C([O][R])[N]([R])C(=S)[N]([R])[R],O=C(O*)N(*)C(=S)N(*)*,carbamothioylcarbamate
O=C(C([O][R])[S][R])[N]([R])[R],O=C(C(O*)S*)N(*)*,alpha hydroxy alpha sulfanyl amide
C=C[CH]=[Car],C=C[C&H1]=c,conjugated aryl diene
[R][O]CO[O][R],*OCOO*,peroxy acetal
[R][O]C([O][R])C([O][R])[N]([R])[R],*OC(O*)C(O*)N(*)*,aminopolyol fragment
OC=C[O][R],OC=CO*,"1,2-dioxyethene"
O=[C]([R])C([O][R])=C([O][R])[C](=O)[R],O=C(*)C(O*)=C(O*)C(=O)*,14 dicarbonyl enediol
C=C1N=CC=C1[O][R],C=C1N=CC=C1O*,5-vinyl-4-oxy pyrrole
O=[C]([R])[N]([R])COP(=O)(O)O,O=C(*)N(*)COP(=O)(O)O,amide methyl phosphate
O[N]([R])C=CC(=[N][R])[O][R],ON(*)C=CC(=N*)O*,hydroxyamino vinyl imidate
C=NC=[S][R],C=NC=S*,thiazole ring
C=C1SC([S][R])=NC1=O,C=C1SC(S*)=NC1=O,rhodanine analogue
O=[C]([R])[N]([R])N(CO)C(=O)[O][R],O=C(*)N(*)N(CO)C(=O)O*,hydroxymethyl hydrazine ester
C#CBr,C#CBr,bromo alkyne
O=[C]([R])C(C=[N][R])=C[N]([R])[R],O=C(*)C(C=N*)=CN(*)*,carbonyl amidine
O=C(O)C=S,O=C(O)C=S,thioacetic acid derivative
O=C(C([S][R])[S][R])[N]([R])[R],O=C(C(S*)S*)N(*)*,alpha dithio amide
O=C(SC(=[N][R])[S][R])[N]([R])[R],O=C(SC(=N*)S*)N(*)*,thioimidate carbamothioate
C=Nc1c[n]([R])[n]([R])c1=[N][R],C=Nc1cn(*)n(*)c1=N*,bis(imino)azolium n substituents
O=CC=CCl,O=CC=CCl,beta chloro vinyl carbonyl
C=C(Br)[N+](=O)[O-],C=C(Br)[N&+](=O)[O&-],bromo nitro alkene
C=CC(=O)[N]([R])C(=S)[N]([R])[N]([R])[C](=O)[R],C=CC(=O)N(*)C(=S)N(*)N(*)C(=O)*,acrylamide thiocarbamoyl hydrazide
C=CC(=O)[N]([R])C(=S)[N]([R])[N]([R])C(=O)[O][R],C=CC(=O)N(*)C(=S)N(*)N(*)C(=O)O*,acrylamide thiourea hydrazine carbamate
C=CC=NN=C[N]([R])[R],C=CC=NN=CN(*)*,vinyl diazadienyl amine
C=C1SC(=O)N=C1O,C=C1SC(=O)N=C1O,thiazolone alkylidene enol
O=[C]([R])N(C[N]([R])[R])[N]([R])[R],O=C(*)N(CN(*)*)N(*)*,n-2-aminoethyl-n-amino amide
O=[C]([R])C=C[N]([R])N([C](=O)[R])[C](=O)[R],O=C(*)C=CN(*)N(C(=O)*)C(=O)*,vinyl diacyl hydrazine
C=C(C=C[O][R])C(=O)[N]([R])[R],C=C(C=CO*)C(=O)N(*)*,push-pull diene
C=C1C(=O)OCOC1=O,C=C1C(=O)OCOC1=O,"alkylidene 1,3-dioxane-4,6-dione"
O=C([CH]=[Car])[N]([R])[R],O=C([C&H1]=c)N(*)*,arylidene amide
O=C1C=CC([O][R])O1,O=C1C=CC(O*)O1,gamma lactone oxygen substituted
C=CN=CC=CN=C[N]([R])[R],C=CN=CC=CN=CN(*)*,diimine polyene amine
C1=NCOCS1,C1=NCOCS1,"1,3,5-oxathiazine"
N#CC=C(OC=C[C](=O)[R])[N]([R])[R],N#CC=C(OC=CC(=O)*)N(*)*,beta-keto enol ether cyanoenamine
O=C(C=CN=C([S][R])[N]([R])[R])[N]([R])[R],O=C(C=CN=C(S*)N(*)*)N(*)*,thiazolo carboxamide core
N#CN=C([N]([R])[R])[N]([R])C[N]([R])[C](=O)[R],N#CN=C(N(*)*)N(*)CN(*)C(=O)*,cyanocarbamimidoyl methylenediamino ureas
O=C(O)[N]([R])[C](=O)[R],O=C(O)N(*)C(=O)*,carbamoylcarbamate
O=C1C=CC(=O)O1,O=C1C=CC(=O)O1,maleic anhydride
C=CC(=C)F,C=CC(=C)F,vinyl fluoroalkene
O=[C]([R])C=C1SC=C[N]1[R],O=C(*)C=C1SC=CN1*,thiazolylidene carbonyl
O=[C]([R])C(Cl)=N[N]([R])[R],O=C(*)C(Cl)=NN(*)*,acyl hydrazonoyl chloride
O=[C]([R])O[N]([R])[C](=O)[R],O=C(*)ON(*)C(=O)*,acyl carbamate
O=C1[N]([R])C[N]([R])C[N]1[Nar],O=C1N(*)CN(*)CN1n,fused triazinones
C=C([O][R])n1c(=[N][R])nc[n]1[R],C=C(O*)n1c(=N*)ncn1*,alkenyloxy triazole imine
O=[C]([R])[N]([R])C(=O)C=C[N]([R])[Nar],O=C(*)N(*)C(=O)C=CN(*)n,azolopyrimidinedione
O=C1C=N[N]([R])C([S][R])[N]1[R],O=C1C=NN(*)C(S*)N1*,thiotriazinone
O=S(=O)(O)[N]([R])[N]([R])[R],O=S(=O)(O)N(*)N(*)*,sulfonyl hydrazide
O=[S](=O)([R])N=C[N]([R])[O][R],O=S(=O)(*)N=CN(*)O*,sulfonyl amidoxime
C=C[N]([R])C=[N][R],C=CN(*)C=N*,enamine imine
S=P([O][R])([N]([R])[R])[N]([R])[R],S=P(O*)(N(*)*)N(*)*,phosphorodiamidothioate
C=C([N]([R])[R])[N]([R])[C](=O)[R],C=C(N(*)*)N(*)C(=O)*,amino pyrimidinone core
O=[C]([R])C(=N[N]([R])[C](=O)[R])[S][R],O=C(*)C(=NN(*)C(=O)*)S*,sulfanyl acyl hydrazone
O=[C]([R])[N]([R])C(=O)C1N=C([N]([R])[R])[N]([R])C([N]([R])[R])=N1,O=C(*)N(*)C(=O)C1N=C(N(*)*)N(*)C(N(*)*)=N1,triazine di tertiary amino amide ketone
C=C(C(=O)OCOC(=O)[O][R])N(C[S][R])[C](=O)[R],C=C(C(=O)OCOC(=O)O*)N(CS*)C(=O)*,mixed carbonate vinyl amino thioester
C=C(C(=O)[N]([R])CO)[N]([R])[C](=O)[R],C=C(C(=O)N(*)CO)N(*)C(=O)*,bis-activated vinyl system
O=[C]([R])O[O][R],O=C(*)OO*,peroxy acid
O=S(=O)(O)ON=CSC[O][R],O=S(=O)(O)ON=CSCO*,sulfate linked to imino thioalkyl alcohol
O=[S](=O)([R])N=C[N]([R])C(=[N][R])[S][R],O=S(=O)(*)N=CN(*)C(=N*)S*,sulfonamide nitrogen bond
O=[C]([R])[N]([R])C(=O)[N]([R])C(=O)[S][R],O=C(*)N(*)C(=O)N(*)C(=O)S*,amide urea thioester
ClC(C=C[N]([R])[R])=C(C=[N+]([R])[R])C=[N+]([R])[R],ClC(C=CN(*)*)=C(C=[N&+](*)*)C=[N&+](*)*,alpha chloro enaminyl gem bis iminium
FC=C(F)F,FC=C(F)F,trifluoroalkene
[R][N]([R])N=CC=N[N]([R])[R],*N(*)N=CC=NN(*)*,"1,2-dihydrazonoethane"
N#CC1=C2C=CC=CN2CN=C1[S][R],N#CC1=C2C=CC=CN2CN=C1S*,4 cyano 3 thioether pyridopyrimidine
O=C(C=[CH][Nar])[N]([R])[R],O=C(C=[C&H1]n)N(*)*,beta heteroaryl acrylamide
C=CC=CC=NC(=S)[N]([R])[C](=O)[R],C=CC=CC=NC(=S)N(*)C(=O)*,conjugated imino n-acylthiourea
O=[C]1[O][Pt][O][C](=O)[R]1,O=C1O[#78]OC(=O)*1,platinum oxalate
O=S(=O)([N]([R])[R])[N]([R])C(Cl)=CCl,O=S(=O)(N(*)*)N(*)C(Cl)=CCl,"n-1,2-dichloroethenyl sulfonamide"
O=C(O)C(=CCl)[N]([R])[C](=O)[R],O=C(O)C(=CCl)N(*)C(=O)*,3-chloro-2-acylaminoacrylate
ClC=C(Cl)[S][R],ClC=C(Cl)S*,"1,2-dichloro vinyl sulfide"
[R][S]C=N[N]([R])[R],*SC=NN(*)*,thioether imine hydrazine
N#[N+][N-][S](=O)(=O)[R],N#[N&+][N&-]S(=O)(=O)*,sulfonyl azide
O=[C]([R])N=CC=C[N]([R])[R],O=C(*)N=CC=CN(*)*,pyrimidin-2-one
N#[C][Fe-2]([C]#N)([C]#N)([C]#N)([C]#N)[N]=O,N#C[#26&-2](C#N)(C#N)(C#N)(C#N)N=O,pentacyanonitrosylferrate
N#CC=C([S][R])[N]([R])[R],N#CC=C(S*)N(*)*,aminothiophene carbonitrile precursor
C=CC=CC#N,C=CC=CC#N,diene nitriles
C=C(C#N)C(=C(C#N)C#N)[N]([R])[R],C=C(C#N)C(=C(C#N)C#N)N(*)*,amino tricyano diene
C=C(C#N)[S](=O)(=O)[R],C=C(C#N)S(=O)(=O)*,cyano sulfone alkene
N#CC=NO,N#CC=NO,cyanoxime
N#CC=C([S][R])[N]([R])[C](=O)[R],N#CC=C(S*)N(*)C(=O)*,beta sulfanyl beta enamido acrylonitrile
N#CC=C1C=CC=N[N]1[R],N#CC=C1C=CC=NN1*,cyano vinyl diazole
N#C[C](=[Car])C#N,N#CC(=c)C#N,michael acceptor 6
N#CC(C#N)=C1C=CC=N[N]1[R],N#CC(C#N)=C1C=CC=NN1*,6 dicyanomethylidene 1 2 dihydropyridazine
N#CC(=CN=C[N]([R])[R])C(=O)[N]([R])[R],N#CC(=CN=CN(*)*)C(=O)N(*)*,alpha cyano beta amidino acrylamide
N#CC=C(C=C(C#N)C#N)[N]([R])[R],N#CC=C(C=C(C#N)C#N)N(*)*,tertiary amino tricyanobutadiene
N#CC=C([N]([R])[R])[N]([R])[C](=O)[R],N#CC=C(N(*)*)N(*)C(=O)*,cyano enamine amide chain
[R][N]([R])C=NC[N]([R])[R],*N(*)C=NCN(*)*,tertiary amine imino methyl tertiary amine
C=CC(=O)[N]([R])[Nar],C=CC(=O)N(*)n,heterocyclic acrylamide
O=[C]([R])N(C[O][R])[C](=O)[R],O=C(*)N(CO*)C(=O)*,hydroxymethyl imide
[R][N]([R])C1N=CC=C[N]1[R],*N(*)C1N=CC=CN1*,1 tertiary amino dihydropyrazine
N#C[N]([R])C=[N][R],N#CN(*)C=N*,cyanoguanidine
C=N[N]([R])C(=[N][R])[N]([R])N=C,C=NN(*)C(=N*)N(*)N=C,amidrazone dihydrazone
C=C1C(=O)SC(=[N][R])[N]1[R],C=C1C(=O)SC(=N*)N1*,imino thiazolidinones
[R][N]=CN=c1nccc[n]1[R],*N=CN=c1ncccn1*,pyrazinylamidine
OC=C(O)C(=[N][R])[O][R],OC=C(O)C(=N*)O*,hydroxy imino enol ester
[R][N]=C[N]([R])C(=[N][R])[S][R],*N=CN(*)C(=N*)S*,thioimidate amidine
O=[S](=O)([R])[N]([R])C=C[S][R],O=S(=O)(*)N(*)C=CS*,sulfonamide vinyl sulfide
[R][B]([N]([R])[R])[N]([R])[R],*B(N(*)*)N(*)*,diamino borane
O=C1[N]([R])C2C([N]1[R])[N]([R])C(=O)[N]2[R],O=C1N(*)C2C(N1*)N(*)C(=O)N2*,imidazo imidazole dione
C=C([N]([R])[R])[N]([R])O[C](=O)[R],C=C(N(*)*)N(*)OC(=O)*,vinyl carbamate enamine
[R][N]=[C]([Nar])[N]([R])[R],*N=C(n)N(*)*,heterocyclic guanidine
S=C([N]([R])[R])[N]([R])C(=[N][R])[N]([R])[R],S=C(N(*)*)N(*)C(=N*)N(*)*,carbamimidoylthiourea
O=[C]([R])N=C([N]=[Car])[N]([R])[R],O=C(*)N=C(N=c)N(*)*,azole carboxamide
O=C(C=C([S][R])[N]([R])[C](=O)[R])[N]([R])[R],O=C(C=C(S*)N(*)C(=O)*)N(*)*,"thiophene-2,3-dicarboxamide"
O=C(C=N[N]([R])[R])[N]([R])C(=[N][R])[S][R],O=C(C=NN(*)*)N(*)C(=N*)S*,thiazol-2-yl heteroaryl carboxamide
O=[C]1[R][N](C(=O)[O][R])C=C[N]1[R],O=C1*N(C(=O)O*)C=CN1*,pyrazinone carbamate ester
O=C([N]([R])[R])[N]([R])N=CC=NO,O=C(N(*)*)N(*)N=CC=NO,oxime hydrazine urea
C=CC=CC=N[N]([R])C(=O)[N]([R])[R],C=CC=CC=NN(*)C(=O)N(*)*,conjugated semicarbazone
O=C(C=CO)[N]([R])C(=O)[N]([R])[R],O=C(C=CO)N(*)C(=O)N(*)*,acyl urea
O=C1C([N]([R])C(=O)[N]([R])[R])[N]([R])C(=O)[N]1[R],O=C1C(N(*)C(=O)N(*)*)N(*)C(=O)N1*,cyclic triureides
S=C(N=C[N]([R])[R])[N]([R])[R],S=C(N=CN(*)*)N(*)*,thiourea amidine
[R][S]C[N+]([R])=C[N]([R])[R],*SC[N&+](*)=CN(*)*,thioalkyl amidinium
O=C(O)C=N[N]([R])C[N]([R])[R],O=C(O)C=NN(*)CN(*)*,aminoalkyl hydrazone acid
O=C(O)C([N]([R])C(=O)[N]([R])[R])[N]([R])C(=O)[N]([R])[R],O=C(O)C(N(*)C(=O)N(*)*)N(*)C(=O)N(*)*,bis carbamoylamino acetic acid
[R][N]=C([N]([R])[R])[N]([R])C[O][R],*N=C(N(*)*)N(*)CO*,n-alkoxymethylguanidine
O=[C]([R])[N]([R])[N]([R])C(=[N][R])[N]([R])[R],O=C(*)N(*)N(*)C(=N*)N(*)*,amidinyl hydrazide
O=[C]([R])C(=C[N]([R])[R])C(=C[N]([R])[R])[C](=O)[R],O=C(*)C(=CN(*)*)C(=CN(*)*)C(=O)*,"1,4-diketone dienamine"
[R][O]C1=NC([N]([R])[R])=NC[N]1[R],*OC1=NC(N(*)*)=NCN1*,amino alkoxy triazine
O=S(=O)(O)[O][Nar],O=S(=O)(O)On,heteroaryl hydrogen sulfate
C=CN=C([S][R])[N]([R])[R],C=CN=C(S*)N(*)*,benzazole nitrogen
[R][N]=C(C(=[N][R])[N]([R])[R])[N]([R])[R],*N=C(C(=N*)N(*)*)N(*)*,biguanide
O=P(O)([O][Na])OP(=O)([O][Na])[O][R],O=P(O)(O[#11])OP(=O)(O[#11])O*,disodium diphosphate monoester
O=[C]1[R][N]([R])C(Br)N(C[O][R])C[N]([R])C([N]([R])[R])[N]1[R],O=C1*N(*)C(Br)N(CO*)CN(*)C(N(*)*)N1*,8-bromo-2-amino-9-glycosyl-purin-6-one
O=[P+](O)[O][R],O=[P&+](O)O*,oxo phosphanium
[R][N]=NC[N]([R])[R],*N=NCN(*)*,azo tertiary alkylamine
O=[C]([Nar])C(=C[O][R])[O][R],O=C(n)C(=CO*)O*,aromatic amide enol ether ester
ON=[CH][Nar],ON=[C&H1]n,aromatic amidoxime
OCN=C([N]([R])[R])[N]([R])[R],OCN=C(N(*)*)N(*)*,oxyalkyl guanidine
O=[C]([R])C=NC(C(=O)[O][R])[N]([R])[R],O=C(*)C=NC(C(=O)O*)N(*)*,amino acid ester enol imine
O=P(O)(O)[S][R],O=P(O)(O)S*,phosphonothioate
O=[S](=O)([R])[N]([R])C=C[O][R],O=S(=O)(*)N(*)C=CO*,enol ether sulfonamide
[R][O][B]([R])[R],*OB(*)*,boronate
O=[C]1[R][S]C(=[N][R])N1[N]([R])[R],O=C1*SC(=N*)N1N(*)*,3-amino-2-iminothiazolidin-4-one
O=[C]1[R][N]([R])C(=O)N1[N]([R])[R],O=C1*N(*)C(=O)N1N(*)*,"1-amino 2,4-diketohydantoins"
C=CC=C(C(=O)[N]([R])[N]([R])[R])[N]([R])[C](=O)[R],C=CC=C(C(=O)N(*)N(*)*)N(*)C(=O)*,geminal dienyl hydrazide and amide
S=C[N]([R])[N]([R])[R],S=CN(*)N(*)*,substituted thiosemicarbazide
C#CS(=O)(=O)[N]([R])[R],C#CS(=O)(=O)N(*)*,alkynyl sulfonamide
O=NC(=C1C([N]([R])[R])=NO[N]1[R])[N]([R])[R],O=NC(=C1C(N(*)*)=NON1*)N(*)*,4-amino-3-amidoxime furoxan
[Cl][Ru]([Cl])([Nar+])([Nar+])([Nar+])[Nar+],Cl[#44](Cl)([n&+])([n&+])([n&+])[n&+],ruthenium bipyridine dichloride
O=[C]([R])C(C=CS(=O)(=O)O)=N[N]([R])[R],O=C(*)C(C=CS(=O)(=O)O)=NN(*)*,vinyl sulfonate hydrazone
[R][Hg],*[#80],mercury
N#CC(=NO)C(=O)[O][R],N#CC(=NO)C(=O)O*,cyano oximino carboxylate
O=[C]([R])[N]([R])C[N]([R])[Nar],O=C(*)N(*)CN(*)n,azolopyrimidinone
O=C([O][R])OC[O][R],O=C(O*)OCO*,geminal diol carbonate
O=C(O)C(O)[O][R],O=C(O)C(O)O*,alpha-hydroxy acid ester
O=P([O-])(O)OP(=O)([O][R])[O][R],O=P([O&-])(O)OP(=O)(O*)O*,diphosphate monoanion phosphodiester
O=P([O][Na])([O][Na])OP(=O)([O][Na])OP(=O)([O][Na])[O][R],O=P(O[#11])(O[#11])OP(=O)(O[#11])OP(=O)(O[#11])O*,tetrasodium triphosphate ester
O=P([O][Na])([O][Na])OP(=O)([O][R])[O][R],O=P(O[#11])(O[#11])OP(=O)(O*)O*,disodium pyrophosphate diester
O=C(C=CC=CC=CC=CC=CC=CC=CC(=O)OC[O][R])OC[O][R],O=C(C=CC=CC=CC=CC=CC=CC=CC(=O)OCO*)OCO*,conjugated heptaene bis glycolate
O=C([O][R])C(=C[O][Na])OP(=O)([O][Na])[O][Na],O=C(O*)C(=CO[#11])OP(=O)(O[#11])O[#11],sodium enol phosphate carboxylate
O=S(=O)([O][K])ON=CSC[O][R],O=S(=O)(O[#19])ON=CSCO*,alkylthio alkoxy imino potassium sulfonate
OCOCOCO[O][R],OCOCOCOO*,polyether peroxide
OCO[N+]([R])([R])[R],OCO[N&+](*)(*)*,alpha oxy alkoxy ammonium
C=CC1(O)C(=O)[N]([R])C([O][R])C(=O)[N]1[R],C=CC1(O)C(=O)N(*)C(O*)C(=O)N1*,allylic alcohol cyclic diamide
O=S(=O)([O][Na])[N]([R])[R],O=S(=O)(O[#11])N(*)*,sodium sulfamate
O=C(O)C=CC=CC=CC=CC=CC=CC=CC(=O)O,O=C(O)C=CC=CC=CC=CC=CC=CC=CC(=O)O,conjugated polyene diacid
[R][O]CSC[O][R],*OCSCO*,beta hydroxy thioether
O=P(O)([O][R])OP(=O)([O][Na])[O][R],O=P(O)(O*)OP(=O)(O[#11])O*,sodium pyrophosphate diester
O=P([O][Na])([O][Na])OC[O][R],O=P(O[#11])(O[#11])OCO*,disodium sugar phosphate
O=P([O-])([O][R])OP(=O)([O][Na])[O][R],O=P([O&-])(O*)OP(=O)(O[#11])O*,sodium pyrophosphate diester
OCOCOCOCO,OCOCOCOCO,polyoxymethylene
O=[Si](O)O,O=[#14](O)O,silicic acid
O=[As]O,O=[#33]O,arsonic acid
O=[As]([R])O[As](=O)[R],O=[#33](*)O[#33](=O)*,arsonic anhydride
O=[N+]([O-])C(C(Cl)=C(Cl)Cl)=C([S][R])[N]([R])[R],O=[N&+]([O&-])C(C(Cl)=C(Cl)Cl)=C(S*)N(*)*,nitrotrichloro allylidene thioamine
O=[N+]([O-])C(C(Cl)=C(Cl)Cl)=[C]([Nar])[N]([R])[R],O=[N&+]([O&-])C(C(Cl)=C(Cl)Cl)=C(n)N(*)*,trichloronitro vinyl heterocycle
O=[N+]([O-])N=C([N]([R])[R])[N]([R])[R],O=[N&+]([O&-])N=C(N(*)*)N(*)*,nitroguanidine
O=[N+]([O-])N=C1[N]([R])COC[N]1[R],O=[N&+]([O&-])N=C1N(*)COCN1*,"1,3,5-oxadiazinan-4-ylidene nitramide"
[R][N][N]([R])[R],*NN(*)*,beta-substituted hydrazine
O=P([O][R])([N]([R])[R])[N]([R])C[S][R],O=P(O*)(N(*)*)N(*)CS*,alkylthioalkylamino phosphorodiamidate
[O]=[Nar]([O][R])([O][R])[O][Nar](=[O])([O][R])[O][R],O=n(O*)(O*)On(=O)(O*)O*,dinitrogen pentoxide moiety
O=C1C2OC2C2OC2C12CO2,O=C1C2OC2C2OC2C12CO2,spiro oxirane lactone
O=C([O-])[C](=O)[R],O=C([O&-])C(=O)*,2-oxo carboxylate
O=C([O-])O,O=C([O&-])O,carbonate monoanion
O=C(O)P(=O)(O)O,O=C(O)P(=O)(O)O,acylphosphonate
C=C=CC=CC=CC=CC=CC=CC=CC=C[C](=O)[R],C=C=CC=CC=CC=CC=CC=CC=CC=CC(=O)*,allene polyene carbonyl
C=CC(O)=C[C](=O)[R],C=CC(O)=CC(=O)*,ortho-hydroxy carbonyl
C=CC(=O)C=C(O)C=C,C=CC(=O)C=C(O)C=C,enone with enol vinyl
C=CC(=O)C(=O)C=C,C=CC(=O)C(=O)C=C,divinyl diketone
[R][N]1N=N1,*N1N=N1,triazirine
C=CC=C1C(=O)[N]([R])[N]([R])C1=O,C=CC=C1C(=O)N(*)N(*)C1=O,4-alkylidenepyrazolidinedione
O=C1C=C(O)C(=O)[N]1[R],O=C1C=C(O)C(=O)N1*,unsaturated hydroxy imide
O=[C]([R])[N]([R])C1([O][R])C(=O)[N]([R])C1[S][R],O=C(*)N(*)C1(O*)C(=O)N(*)C1S*,3-n-amido-3-oxy-4-thio beta-lactam
[R][O]C[N]([R])[Nar],*OCN(*)n,meta-azaaryl hydroxymethyl
C=CC=C(C(=O)OCO[C](=O)[R])N(C[S][R])[C](=O)[R],C=CC=C(C(=O)OCOC(=O)*)N(CS*)C(=O)*,prodrug formal-linked diester with thioamide
C=CC([O][R])=C([O][R])[C](=O)[R],C=CC(O*)=C(O*)C(=O)*,dihydroxy diene carbonyl
O=C1C=CS(=O)[N]1[R],O=C1C=CS(=O)N1*,sulfonyl thiazolone
C=CC(=O)[N]([R])[N]([R])C(=O)[N]([R])[R],C=CC(=O)N(*)N(*)C(=O)N(*)*,acryloyl hydrazino urea
C=CC(=O)C=C[N]([R])[R],C=CC(=O)C=CN(*)*,ortho diamides
OO[N]([R])[R],OON(*)*,amine peroxides
O=C(C(=C[N]([R])[C](=O)[R])[N]([R])[R])[N]([R])[R],O=C(C(=CN(*)C(=O)*)N(*)*)N(*)*,enamine-bridged diamide
O=C(C=CN=C[N]([R])[R])[O][R],O=C(C=CN=CN(*)*)O*,enamidine acrylate
O=[C]([R])OCOC(=O)C=C[N]([R])C=CC(=O)[O][R],O=C(*)OCOC(=O)C=CN(*)C=CC(=O)O*,acyloxymethyl ester amino dienoate
O=C(C=C[N]([R])C(=CC(=O)[O][R])[N]([R])[R])[O][R],O=C(C=CN(*)C(=CC(=O)O*)N(*)*)O*,pyrrole dicarboxylate
[OH][Sear]([O][R])[O][R],[O&H1][#34](O*)O*,selenite
O=[C]([R])S[S](=O)(=O)[R],O=C(*)SS(=O)(=O)*,sulfosulfanyl carbonyl
C=NC=C(C(=O)O)[C](=O)[R],C=NC=C(C(=O)O)C(=O)*,beta dicarbonyl imine
O=C(C=COCO)[O][R],O=C(C=COCO)O*,carboxylic acid enol ester
O=C1C=CN([C](=O)[R])C[N]1[R],O=C1C=CN(C(=O)*)CN1*,1-acyl uracil
O=[C]([R])C(O)([O][R])[C](=O)[R],O=C(*)C(O)(O*)C(=O)*,beta dicarbonyl hemiacetal
O=C(C1=COC=CN1[C](=O)[R])[N]([R])[R],O=C(C1=COC=CN1C(=O)*)N(*)*,"2-carbonyl-3,6-dihydro-2h-1,2-oxazin-6-yl carbamate"
O=[C]([R])C1=C(O)N=C[N]([R])[N]1[R],O=C(*)C1=C(O)N=CN(*)N1*,hydroxy carboxylic acid diazine fragment
O=[C]([R])[N]([R])CS(=O)(=O)O,O=C(*)N(*)CS(=O)(=O)O,amidomethanesulfonic acid
O=C1C=COC1O,O=C1C=COC1O,gamma hydroxy butenolide
O=C1C([N]([R])[C](=O)[R])N=C([S][R])[N]1[R],O=C1C(N(*)C(=O)*)N=C(S*)N1*,thioether substituted amide hydantoin
O=[C]1N=C([N]([R])[N]([R])[R])[S][R]1,O=C1N=C(N(*)N(*)*)S*1,thiazol-4-one 2-amino
O=[S](=O)([R])N=c1nc[n]([R])[n]1[R],O=S(=O)(*)N=c1ncn(*)n1*,sulfonamidine triazole
O=C([O][R])C([S][R])[N]([R])[C](=O)[R],O=C(O*)C(S*)N(*)C(=O)*,acylamino thioacetic ester
O=S1(=O)N=C([N]([R])[R])C([N]([R])[R])=N1,O=S1(=O)N=C(N(*)*)C(N(*)*)=N1,sulfamoyl aminothiadiazole
N#C[N]([R])[S](=O)(=O)[R],N#CN(*)S(=O)(=O)*,cyanoguanidine sulfonamide
O=C(C=CC(=O)[N]([R])[N]([R])[C](=O)[R])[O][R],O=C(C=CC(=O)N(*)N(*)C(=O)*)O*,acylhydrazino butenoate
O=C[N](O)[R],O=CN(O)*,n-hydroxy amide
O=[C]([R])[C]([Nar+])=C([S-])[N]([R])[C](=O)[R],O=C(*)C([n&+])=C([S&-])N(*)C(=O)*,dicarbonyl pyridinium thiolate
O=[C]([R])[N]([R])C=C[S](=O)(=O)[R],O=C(*)N(*)C=CS(=O)(=O)*,sulfonyl enamine
C=N[N]([R])C(=O)C([O][R])[O][R],C=NN(*)C(=O)C(O*)O*,dihydroxypyrazolone
C=C=NC(=O)C(=O)C=C=[N][R],C=C=NC(=O)C(=O)C=C=N*,bis-ketenimine alpha-diketone
O=C1C(=O)[N]([R])C[N]1[R],O=C1C(=O)N(*)CN1*,"azetidine-2,3-dione"
O=C([O][R])C1=CSCN1[C](=O)[R],O=C(O*)C1=CSCN1C(=O)*,penem ester
O=C([S][R])[N]([R])C(=O)[N]([R])[R],O=C(S*)N(*)C(=O)N(*)*,thiocarbamate urea
C=C1SC([N]([R])[N]([R])[R])=NC1=O,C=C1SC(N(*)N(*)*)=NC1=O,5-alkylidene-2-hydrazinylthiazol-4-one
O=[C]([R])[N]([R])C(=O)C=[N][R],O=C(*)N(*)C(=O)C=N*,n-acyl alpha-imino carbonyl
N#CC(=N[O][R])C(=O)[N]([R])C(=O)[N]([R])[R],N#CC(=NO*)C(=O)N(*)C(=O)N(*)*,alpha cyano oxime acyl ureas
O=C(c1c[n]([R])c(=N[S](=O)(=O)[R])s1)[N]([R])[R],O=C(c1cn(*)c(=NS(=O)(=O)*)s1)N(*)*,thiazole amide sulfonylimine
N#CC(=NO)C(=O)[N]([R])[R],N#CC(=NO)C(=O)N(*)*,2-cyano-2-hydroxyimino acetamides
O=C(c1ccc(=N[S](=O)(=O)[R])[n]([R])c1)[N]([R])C(=[N][R])[S][R],O=C(c1ccc(=NS(=O)(=O)*)n(*)c1)N(*)C(=N*)S*,sulfonylimino pyridine thioamidine amide
O=[C]([R])[N]([R])C=N[N]([R])[C](=O)[R],O=C(*)N(*)C=NN(*)C(=O)*,amide hydrazone amide
C=CC=C[N]([R])C(=O)[N]([R])[R],C=CC=CN(*)C(=O)N(*)*,dienyl urea
ON=C[O][R],ON=CO*,hydroxyimino ether
O=C([N]([R])[R])[N]([R])C[S][R],O=C(N(*)*)N(*)CS*,thioether urea substituent
C=C(C(=O)C(=O)[N]([R])[R])[N]([R])[C](=O)[R],C=C(C(=O)C(=O)N(*)*)N(*)C(=O)*,oxomalonamoyl acylamino vinyl
O=C1C(N(CO)C(=O)[N]([R])CO)N(CO)C(=O)N1CO,O=C1C(N(CO)C(=O)N(*)CO)N(CO)C(=O)N1CO,imidazolidinyl urea
O=[C]([R])[N]([R])CSC(=[N][R])[S][R],O=C(*)N(*)CSC(=N*)S*,thiadiazolyl amide with sulfur substituent
O=[C]([R])[N]([R])N=CC(=O)[N]([R])[N]([R])[C](=O)[R],O=C(*)N(*)N=CC(=O)N(*)N(*)C(=O)*,heterocyclic ketone carbohydrazide
O=C(C(=C[O][R])[O][R])[N]([R])[Nar],O=C(C(=CO*)O*)N(*)n,carboxamide with alpha enol ether and ether on aromatic nitrogen
O=C([N]([R])[R])[N]([R])[N]([R])C(=O)[N]([R])[R],O=C(N(*)*)N(*)N(*)C(=O)N(*)*,hydrazine diamide
O=C([O][R])[N]([R])[N]([R])C=S,O=C(O*)N(*)N(*)C=S,thioacyl hydrazine carbamate
O=C([N]([R])[R])[N]([R])[N]([R])C(=S)[N]([R])[R],O=C(N(*)*)N(*)N(*)C(=S)N(*)*,carbamothioylamino urea
O=C(C=[CH][Nar])[N]([R])[N]([R])[R],O=C(C=[C&H1]n)N(*)N(*)*,enone carbohydrazide heterocycle
C#CC=CC(=O)[N](O)[R],C#CC=CC(=O)N(O)*,enynoic hydroxamic acid
O=[C]([R])[N]([R])OCO[N]([R])[C](=O)[R],O=C(*)N(*)OCON(*)C(=O)*,bis amide carbonate
O=[C]([R])[N]([R])P(=O)([N]([R])[R])[N]([R])[R],O=C(*)N(*)P(=O)(N(*)*)N(*)*,n-diaminophosphoryl carbonyl
O=C(O)C=NO,O=C(O)C=NO,hydroxyimino carboxylic acid
C=N[N]([R])C(=O)C=CC(=O)O,C=NN(*)C(=O)C=CC(=O)O,β-keto acrylic acid hydrazone
O=C(O)C=CO[C](=O)[R],O=C(O)C=COC(=O)*,beta acyloxy acrylic acid
O=C(O)C([C](=O)[R])=C([N]([R])[R])[N]([R])[R],O=C(O)C(C(=O)*)=C(N(*)*)N(*)*,diamino vinyl ketone carboxylic acid
O=CC(=O)O,O=CC(=O)O,alpha keto acid
O=C(O)c1c[n]([R])c(=N[S](=O)(=O)[R])s1,O=C(O)c1cn(*)c(=NS(=O)(=O)*)s1,sulfonylimine carboxy thiazole
O=C(O)C1=C([N]([R])[R])[O][R][C]1=O,O=C(O)C1=C(N(*)*)O*C1=O,2-amino-4-oxofuran-3-carboxylic acid
O=C(O)C1=NCN=N1,O=C(O)C1=NCN=N1,"1,2,4-triazole carboxylic acid"
O=[C]([R])[N]([R])c1ccccccccccccc1,O=C(*)N(*)c1ccccccccccccc1,polycyclic aryl amide
O=[C]1O[B]([R])[O][R]1,O=C1OB(*)O*1,dioxaborolanone
O=P([O][Na])([O][Na])[N]([R])C(=[N][R])[N]([R])[R],O=P(O[#11])(O[#11])N(*)C(=N*)N(*)*,sodium phosphono guanidine
O=C(C(=CO)C(=O)[N]([R])[R])[N]([R])[R],O=C(C(=CO)C(=O)N(*)*)N(*)*,4-hydroxy-2-oxo-3-carboxamide
O=[C]([R])C(O)[S][R],O=C(*)C(O)S*,alpha hydroxy sulfanyl carbonyl
O=[C]([R])OC=C[S][R],O=C(*)OC=CS*,vinyl sulfide ester
O=[C]([R])[O][Eu]([OH])([OH])([O][C](=O)[R])[O][C](=O)[R],O=C(*)O[#63]([O&H1])([O&H1])(OC(=O)*)OC(=O)*,europium tricarboxylate dihydroxide
O=[C]([R])[O][Lu]([OH])([OH])([O][C](=O)[R])[O][C](=O)[R],O=C(*)O[#71]([O&H1])([O&H1])(OC(=O)*)OC(=O)*,lutetium ester hydroxyl complex
O=[C]([R])[O][Tb]([O][C](=O)[R])[O][C](=O)[R],O=C(*)O[#65](OC(=O)*)OC(=O)*,terbium tricarboxylate
C=COC(=O)C=C,C=COC(=O)C=C,vinyl acrylate
C=CC1=NC(=C)C(=O)O1,C=CC1=NC(=C)C(=O)O1,4-alkylidene-2-vinyl oxazolone
O=C([O][R])C(C(=O)[O][R])=C1SC=CS1,O=C(O*)C(C(=O)O*)=C1SC=CS1,dithiolylidene malonate
O=C(C=CN=C([N]([R])[R])[N]([R])[R])[O][R],O=C(C=CN=C(N(*)*)N(*)*)O*,enaminamidine ester
C=CC(=O)[S][R],C=CC(=O)S*,enoyl thioester
O=C(C=CC(=O)C(O)([O][R])C(O)O)[O][R],O=C(C=CC(=O)C(O)(O*)C(O)O)O*,beta keto diacid ester
O=C(OC=C[O][R])[N]([R])[R],O=C(OC=CO*)N(*)*,enol ether carbamate
O=C([O][R])[N]([R])S[N]([R])[R],O=C(O*)N(*)SN(*)*,sulfamoyl carbamate
O=C([O][R])C(=O)[O][R],O=C(O*)C(=O)O*,oxalate
O=C([O][R])C(=C[N]([R])[R])[S][R],O=C(O*)C(=CN(*)*)S*,3-aminothiophene-2-carboxylate
O=C([O][R])c1ccc(=N[S](=O)(=O)[R])[n]([R])c1,O=C(O*)c1ccc(=NS(=O)(=O)*)n(*)c1,1-substituted-5-sulfonyliminopyridine-2-carboxylate
O=[C]([R])ON=C([S][R])[C](=O)[R],O=C(*)ON=C(S*)C(=O)*,acyloxy imidothioate
O=C(O)C(=C[S][R])N(C[S][R])[C](=O)[R],O=C(O)C(=CS*)N(CS*)C(=O)*,dithiomalonate
O=P(O)(O)[N]([R])[R],O=P(O)(O)N(*)*,phosphoramidate
O=C1C=COS(=O)(=O)[N]1[R],O=C1C=COS(=O)(=O)N1*,oxathiazinone sulfone
C=CC=C([O][R])[C](=O)[R],C=CC=C(O*)C(=O)*,beta-hydroxy enone
O=[C]([R])C(=C[N]([R])[R])[S][R],O=C(*)C(=CN(*)*)S*,thiophene enaminone
C=C1N=CN(O)C1=O,C=C1N=CN(O)C1=O,n oxide imidazolone
O=C1C=C([N]([R])[R])C=CC1=N[N]([R])C(=O)[N]([R])[R],O=C1C=C(N(*)*)C=CC1=NN(*)C(=O)N(*)*,ortho hydroxy aryl semicarbazone
C=CC(=O)C(O)=CC(=C[N]([R])[R])C(=O)[O][R],C=CC(=O)C(O)=CC(=CN(*)*)C(=O)O*,conjugated enaminone carboxylate
C=CC(O)=C([C](=O)[R])[C](=O)[R],C=CC(O)=C(C(=O)*)C(=O)*,hydroxy oxo heterocycle
O=[C]([R])C(=O)[N]([R])C[N]([R])[R],O=C(*)C(=O)N(*)CN(*)*,oxalyl amide methyl amine
C=C1OC([N]([R])[R])=C(C(=O)[O][R])C1=O,C=C1OC(N(*)*)=C(C(=O)O*)C1=O,5-alkylidene-2-amino-4-oxofuran-3-carboxylate
O=C(C=CO)[N]([R])[R],O=C(C=CO)N(*)*,1-hydroxyvinyl amide
O=C1C(Cl)=C(Cl)C(=O)C(Cl)=C1Cl,O=C1C(Cl)=C(Cl)C(=O)C(Cl)=C1Cl,perchloroquinone
O=[C]([Nar])C=[N][R],O=C(n)C=N*,heteroaryl carbonyl imine
O=[C]([R])C(O)(O)[C](=O)[R],O=C(*)C(O)(O)C(=O)*,geminal diol dicarbonyl
O=C1C=C([N]([R])[R])C(=O)C=C1O,O=C1C=C(N(*)*)C(=O)C=C1O,"3-amino-6-oxy-1,4-cyclohexadienedione"
O=[C]([R])N=CC=C(O)[C](=O)[R],O=C(*)N=CC=C(O)C(=O)*,acyl imine enol carbonyl
O=C(C(O)[O][R])[N](O)[R],O=C(C(O)O*)N(O)*,gem dioxy n-oxy amide
O=[C]([R])N=c1cc[n]([R])[n]1[R],O=C(*)N=c1ccn(*)n1*,imidazole amidine
C=C1CO1,C=C1CO1,alkylidene oxirane
O=[C]([R])C(=O)C=C[N]([R])[R],O=C(*)C(=O)C=CN(*)*,12 dicarbonyl enamine
O=C1C=CC(=N[N]([R])[R])C(O)=C1,O=C1C=CC(=NN(*)*)C(O)=C1,hydrazinylidene hydroxyquinone
C=C1C=CC(=O)C(O)=C1,C=C1C=CC(=O)C(O)=C1,hydroxy quinone with exocyclic methylene
O=C1C=CC(=C2C=C[N]([R])C=C2)C=C1,O=C1C=CC(=C2C=CN(*)C=C2)C=C1,quinone pyridinylidene
O=C1C=CC(=CC=C2C=C[N]([R])C=C2)C=C1,O=C1C=CC(=CC=C2C=CN(*)C=C2)C=C1,quinone vinyl pyridinium
O=[C]([R])OC1OC=CC1=O,O=C(*)OC1OC=CC1=O,3-oxofuran-2-yl ester
C=CC=CC(=O)[N]([R])C(=C[C](=O)[R])[C](=O)[R],C=CC=CC(=O)N(*)C(=CC(=O)*)C(=O)*,"n-(1,1-dicarbonylvinyl) dienamide"
O=[C]([R])C(=C[S][R])[C](=O)[R],O=C(*)C(=CS*)C(=O)*,"1,1-dicarbonyl vinyl sulfide"
O=[C]([R])N([C](=O)[R])N([C](=O)[R])[C](=O)[R],O=C(*)N(C(=O)*)N(C(=O)*)C(=O)*,tetracarbonyl diamide
O=[C]([R])N([C](=O)[R])S(=O)(=O)[N]([R])[R],O=C(*)N(C(=O)*)S(=O)(=O)N(*)*,diacylamino sulfonamide
O=C(C([N]([R])[R])[N]([R])[R])[N]([R])[R],O=C(C(N(*)*)N(*)*)N(*)*,diamino carbonyl
[R][N]=CO[O][R],*N=COO*,six membered aromatic ring
O=C(C([S][R])[N]([R])[C](=O)[R])[N]([R])C(=[N][R])[S][R],O=C(C(S*)N(*)C(=O)*)N(*)C(=N*)S*,amide with thioamidine
O=C([O][R])ON([C](=O)[R])[C](=O)[R],O=C(O*)ON(C(=O)*)C(=O)*,hydroxyimide ester
C=CS[C](=O)[R],C=CSC(=O)*,vinyl thioester
O=C(C=COC([O][R])[O][R])[O][R],O=C(C=COC(O*)O*)O*,dialkoxymethoxy acrylate
O=[C]([R])C=C[N]([R])C(=[N][R])[N]([R])[R],O=C(*)C=CN(*)C(=N*)N(*)*,triazolopyrimidine carbonyl
O=C(C=N[O][R])[N]([R])C1=[N][R][C](=O)[N]1[R],O=C(C=NO*)N(*)C1=N*C(=O)N1*,n dihydroazolyl oximino acetamide
O=[C]([R])[N]([R])N1[C](=O)[R][S]C1=S,O=C(*)N(*)N1C(=O)*SC1=S,rhodanine-3-amide
C=C(C=C([S][R])[S][R])N=C1[S][R][C](=O)[N]1[R],C=C(C=C(S*)S*)N=C1S*C(=O)N1*,dithio vinyl thiazetidinone
O=[C]1[R][S]C2=NC[N]([R])CN12,O=C1*SC2=NCN(*)CN12,thiazolotriazinone
O=[C]([R])N([C](=O)[R])C(=[N][R])[S][R],O=C(*)N(C(=O)*)C(=N*)S*,thioimidoyl imide
C=CC([N]([R])[R])[N]([R])[C](=O)[R],C=CC(N(*)*)N(*)C(=O)*,vinyl amino amide
O=C([N]([R])C[N]([R])[R])[N]([R])C[N]([R])[R],O=C(N(*)CN(*)*)N(*)CN(*)*,urea methylene diamines
O=[C]1[R][N]([R])C(=O)N1COP(=O)([O][Na])[O][Na],O=C1*N(*)C(=O)N1COP(=O)(O[#11])O[#11],disodium phosphomethyl hydantoin
O=[C]([R])N(C[O][R])[O][R],O=C(*)N(CO*)O*,alkoxyalkyl alkoxy amino carbonyl
O=[C]([R])N([S][R])[C](=O)[R],O=C(*)N(S*)C(=O)*,n sulfanyl diacylamine
O=C1[N]([R])COC(=[N][R])[N]1[R],O=C1N(*)COC(=N*)N1*,oxyimino oxadiazinanedione
C=C1C(=O)OC(=O)[N]1[R],C=C1C(=O)OC(=O)N1*,4 alkylidene oxazolidinedione
C=C1SC([N]([R])[S](=O)(=O)[R])=NC1=O,C=C1SC(N(*)S(=O)(=O)*)=NC1=O,sulfonamido alkylidene thiazolone
O=[C]1N=C2C=CC=C[N]2[R]1,O=C1N=C2C=CC=CN2*1,fused pyridone
O=C([N]=[Car])C([C](=[Car])[N]([R])[R])=C([N]([R])[R])[N]([R])[R],O=C(N=c)C(C(=c)N(*)*)=C(N(*)*)N(*)*,amido enamino amidine
O=C([O-])C(=C[S][R])[N]([R])[C](=O)[R],O=C([O&-])C(=CS*)N(*)C(=O)*,penem carboxylate core
[R][S][C](=[Car])[S][R],*SC(=c)S*,thiophene-2-sulfur substituent
C=C[N]=[Car],C=CN=c,aromatic vinylimine
O=[C]([R])[C](=O)[Nar],O=C(*)C(=O)n,aromatic alpha keto amide
O=[C]([R])[N]([R])C(=O)C=C[N]([R])[R],O=C(*)N(*)C(=O)C=CN(*)*,enaminone imide
O=[C]([R])[N]([R])C(=O)C=C[N]([R])[N]([R])[S](=O)(=O)[R],O=C(*)N(*)C(=O)C=CN(*)N(*)S(=O)(=O)*,imide vinyl sulfonohydrazide
[R][N]=c1cncc[n]1[R],*N=c1cnccn1*,2 iminoimidazole
C=NN=[N][R],C=NN=N*,triazole
O=C1C2=C[N]([R])[N]([R])C2=NC[N]1[R],O=C1C2=CN(*)N(*)C2=NCN1*,pyrazolopyrimidinone core
O=C1C=COC[N]1[R],O=C1C=COCN1*,"1,3-oxazin-4-one"
O=C(C1SC=N[N]1[R])[N]([R])[R],O=C(C1SC=NN1*)N(*)*,thiadiazoline carboxamide
O=[C]([R])C(=CC(=O)[N]([R])[R])[N]([R])[R],O=C(*)C(=CC(=O)N(*)*)N(*)*,vicinal dicarboxamide
O=C(C=C([N]=[Car])[C](=[Car])[N](O)[R])[N]([R])[R],O=C(C=C(N=c)C(=c)N(O)*)N(*)*,aryl enaminone aryl imine N-oxide
O=C(C=C[N]([R])[N]([R])[R])[N]([R])[R],O=C(C=CN(*)N(*)*)N(*)*,beta hydrazino acrylamide
O=C([O][R])[N]([R])C(=O)[N]([R])[R],O=C(O*)N(*)C(=O)N(*)*,carbamoyl carbamate
O=[C]([R])C=C(C(=O)[N]([R])[R])[N]([R])[R],O=C(*)C=C(C(=O)N(*)*)N(*)*,maleimide-like
C=N[N]([R])C(=O)C=N[N]([R])[C](=O)[R],C=NN(*)C(=O)C=NN(*)C(=O)*,hydrazone dicarbonyl chain
O=[C]1[R][N]([R])[C]([Nar])=N[N]1[R],O=C1*N(*)C(n)=NN1*,fused triazinone
O=C1[N]([R])[N]([R])C(O)=CC1([O][R])[O][R],O=C1N(*)N(*)C(O)=CC1(O*)O*,pyrimidine hydroxy trione
O=[C]([R])OC=CBr,O=C(*)OC=CBr,bromovinyl ester
C=CC=C1C=CC(=O)O1,C=CC=C1C=CC(=O)O1,5 alkylidenefuran 2 one
C=CC=C1C=COC1=O,C=CC=C1C=COC1=O,benzylidene furanone
O=C1OC=NC1=C[N]([R])[R],O=C1OC=NC1=CN(*)*,oxazolone enamines
O=C1CO1,O=C1CO1,oxiranones
C=C1OC(=O)C=C1C(O)[O][R],C=C1OC(=O)C=C1C(O)O*,hydroxyalkyl alkylidene butenolide
O=[C]([R])C=C(C(=O)[O][R])[N]([R])[R],O=C(*)C=C(C(=O)O*)N(*)*,beta enamino ester ketone
O=[C]1OC[N]([C](=O)[R])[R]1,O=C1OCN(C(=O)*)*1,n-acyl oxazolidinone
O=C1SC=CC1=C[N]([R])[R],O=C1SC=CC1=CN(*)*,enaminylidene dihydrothiophenone
C=CC=CC=O,C=CC=CC=O,conjugated diene carbonyl
O=CC=CO,O=CC=CO,conjugated enol carbonyl
O=CC=C[O][R],O=CC=CO*,vinylogous ester
C=C[N]([R])C=O,C=CN(*)C=O,tertiary anilide
C=CC(=O)[N]([R])C=O,C=CC(=O)N(*)C=O,vinyl imide
O=C[N]([R])C(=O)N=C[N]([R])[R],O=CN(*)C(=O)N=CN(*)*,amidinyl imide
O=NC(=C[N]([R])[R])[S][R],O=NC(=CN(*)*)S*,nitroso enamine thioether
O=N[N](O)[R],O=NN(O)*,n-nitroso-n-oxyamine
O=[C]([R])OP(=O)(O)O,O=C(*)OP(=O)(O)O,acyl phosphate
O=[P]([R])([O][Na])OP(=O)([O][Na])[O][R],O=P(*)(O[#11])OP(=O)(O[#11])O*,disodium pyrophosphate diester
O=[P]([R])([O][Na])[O][Na],O=P(*)(O[#11])O[#11],disodium phosphate
O=[P](O)([R])C([O][R])[O][R],O=P(O)(*)C(O*)O*,geminal dioxyalkyl phosphonate
O=P(O)([N]([R])[R])[N]([R])[R],O=P(O)(N(*)*)N(*)*,phosphoramidate
C=CP(=O)(O)C=C,C=CP(=O)(O)C=C,divinylphosphinic acid or ester
O=P([O][K])([O][K])[O][R],O=P(O[#19])(O[#19])O*,dipotassium phosphate ester
O=P([O][K])([O][K])OC[O][R],O=P(O[#19])(O[#19])OCO*,dipotassium glycol phosphate
O=P([O][R])([N]([R])[R])[N]([R])COO,O=P(O*)(N(*)*)N(*)COO,alkyl carboxyalkylamino phosphorodiamidate
O=S(=O)([O-])[O-],O=S(=O)([O&-])[O&-],sulfate dianion
C=C[S](=O)[R],C=CS(=O)*,vinyl sulfoxides sulfones derivatives
O=S(=O)(O)C=CO,O=S(=O)(O)C=CO,enol sulfonic acid
C=CS(=O)(=O)O,C=CS(=O)(=O)O,alkene sulfonic acid
C=CS(=O)(=O)[O][R],C=CS(=O)(=O)O*,vinyl sulfonate
O=[S](=O)([R])N=C[S][R],O=S(=O)(*)N=CS*,sulfonyl imino thioether
O=S(=O)(N=[S](=O)([R])[R])[N]([R])[O][R],O=S(=O)(N=S(=O)(*)*)N(*)O*,sulfonyl sulfoximine hydroxylamine
O=S(=O)([N]([R])[R])[N]([R])[O][R],O=S(=O)(N(*)*)N(*)O*,sulfamoyl hydroxylamine
O=S(=O)(O)O,O=S(=O)(O)O,sulfuric acid
O=[S](=O)([R])[N]([Na])Cl,O=S(=O)(*)N([#11])Cl,sulfonyl chloro sodium azanide
O=C([O][R])[N]([R])O[S](=O)(=O)[R],O=C(O*)N(*)OS(=O)(=O)*,sulfonyloxy carbamate
C=CC=C1SC(=S)N([N]([R])[S](=O)(=O)[R])C1=O,C=CC=C1SC(=S)N(N(*)S(=O)(=O)*)C1=O,diene sulfonamido thiadiazolidine
C=C[N]([R])[S](=O)(=O)[R],C=CN(*)S(=O)(=O)*,tertiary sulfonamide
O=[C]([R])[N]([R])S(=O)[O][R],O=C(*)N(*)S(=O)O*,sulfonamide ester
C=C[S](=O)([R])=N[S](=O)(=O)[R],C=CS(=O)(*)=NS(=O)(=O)*,sulfonyl sulfonimidoyl
C=C[S](=O)([R])=N[S](=O)[R],C=CS(=O)(*)=NS(=O)*,vinyl sulfonimidoyl sulfonyl
O=[S](=O)([R])n1ccsc1=[N][R],O=S(=O)(*)n1ccsc1=N*,sulfonylamino thiazolyl imine
O=[S](=O)([R])N=c1snc([S][R])[n]1[R],O=S(=O)(*)N=c1snc(S*)n1*,sulfonamidine thiadiazole thioether
C=CC=N[N]([R])C=N[S](=O)(=O)[R],C=CC=NN(*)C=NS(=O)(=O)*,vinyl hydrazone sulfonylimine
O=[S](=O)([R])[N]([R])C[N]([R])C[N]([R])C[N]([R])[S](=O)(=O)[R],O=S(=O)(*)N(*)CN(*)CN(*)CN(*)S(=O)(=O)*,tetramine bis sulfonamide
[R][N]=C([S][R])[N]([R])C[N]([R])[R],*N=C(S*)N(*)CN(*)*,thioamidine with tertiary amine chain
C=NN=C[S][R],C=NN=CS*,heterocyclic methylsulfanyl
OCO[B](O)[R],OCOB(O)*,boronic acid ester
O=C([O][R])C(=CO)OC[O][R],O=C(O*)C(=CO)OCO*,carboxylic acid enol ether dialkoxy
O=[C]([R])C=C(O)C(=O)O,O=C(*)C=C(O)C(=O)O,unsaturated hydroxy dicarboxylic acid
[R][S]C[N+]([R])([R])[R],*SC[N&+](*)(*)*,alpha sulfur ammonium
C=[N+]([O-])C(C(=O)O)[N](O)[R],C=[N&+]([O&-])C(C(=O)O)N(O)*,nitrone amino acid
C=CC(C=C[S][R])=[N][R],C=CC(C=CS*)=N*,vinyl vinylthio imine
C=C(O)C(=O)[N]([R])[R],C=C(O)C(=O)N(*)*,2-hydroxyacrylamide
O=C1C=CC([N]([R])[R])=C([N+](=O)[O-])C1=O,O=C1C=CC(N(*)*)=C([N&+](=O)[O&-])C1=O,nitro amino ortho quinone
O=[C]([R])[O][Pt]([Cl])([Cl])([O][C](=O)[R])([N]([R])[R])[N]([R])[R],O=C(*)O[#78](Cl)(Cl)(OC(=O)*)(N(*)*)N(*)*,platinum dichloro diamine dicarboxylate
C=CC=C[N]([R])[O][R],C=CC=CN(*)O*,dienyl n-oxy
C=C1SC(=O)N(C(=O)O)C1=O,C=C1SC(=O)N(C(=O)O)C1=O,5-alkylidene-3-carboxy-thiazolidinedione
C=CC=NOC(=O)O,C=CC=NOC(=O)O,vinylnitroso carbonate
C=CC(=O)C(=C)[O][R],C=CC(=O)C(=C)O*,vinyl ketone enol esters
O=C(O)C(=[N][R])[N]([R])[R],O=C(O)C(=N*)N(*)*,carboxyguanidine
C=CC(=O)C(=CO)C(=O)C=CO,C=CC(=O)C(=CO)C(=O)C=CO,linear conjugated diketone with enol groups
O=C(O)C(O)O,O=C(O)C(O)O,"2,2-dioxy carboxylic acid"
O=C(O)C(O)[N]([R])[C](=O)[R],O=C(O)C(O)N(*)C(=O)*,alpha hydroxy acylamino acid
O=P([O][Na])([O][R])OP(=O)([O][Na])OC[O][R],O=P(O[#11])(O*)OP(=O)(O[#11])OCO*,dna-like phosphodiester linkage
O=[C]([R])C(=CO)C(=O)C=CO,O=C(*)C(=CO)C(=O)C=CO,hydroxymethylidene dicarbonyl enol
O=[C]([R])[N]([R])C=C1C=NN=C1O,O=C(*)N(*)C=C1C=NN=C1O,hydroxy pyrazole enamide
OC=CO,OC=CO,enediol
O=[C]([R])C=C[N]([R])C=C[C](=O)[R],O=C(*)C=CN(*)C=CC(=O)*,bis enone amine
[R][N]1C=NC=NC1,*N1C=NC=NC1,s-triazine
OC[S][R],OCS*,alkyl sulfide with oxygen substituent
OC[N]([R])C=[N][R],OCN(*)C=N*,n-linked heterocyclic imine
C=CC(=O)C(=C)Cl,C=CC(=O)C(=C)Cl,alkenyl chlorovinyl ketone
C=C=[CH][Nar],C=C=[C&H1]n,heteroaryl allene
[R][O]C[N]([R])C[O][R],*OCN(*)CO*,n-oxyalkyl-n-oxyalkylamino
[R][N]([R])C=C[N]([R])[R],*N(*)C=CN(*)*,"1,2-diaminoethylene"
[R][O]C[S][Au],*OCS[#79],gold thiolate with alpha oxygen
O=C1C=CC(=O)C([N]([R])[R])=C1,O=C1C=CC(=O)C(N(*)*)=C1,amino para quinone
O=C1[N]([R])C[N]([R])C[N]1[R],O=C1N(*)CN(*)CN1*,triazine carbonyl ring
O=[C]([R])C([S][R])=C([S][R])[C](=O)[R],O=C(*)C(S*)=C(S*)C(=O)*,14 dicarbonyl 23 dithio
O=C1C([S][R])=C([S][R])C(=O)[N]1[R],O=C1C(S*)=C(S*)C(=O)N1*,thio substituted maleimide
O=[C]([R])N(CO)[C](=O)[R],O=C(*)N(CO)C(=O)*,N-hydroxymethyl imide
O=C1C([N]([R])C(=O)[N]([R])C[N]([R])C(=O)[N]([R])C2C(=O)[N]([R])C(=O)N2CO)N(CO)C(=O)[N]1[R],O=C1C(N(*)C(=O)N(*)CN(*)C(=O)N(*)C2C(=O)N(*)C(=O)N2CO)N(CO)C(=O)N1*,imidazolidinyl urea
C=C1SC(=S)N(CO)C1=O,C=C1SC(=S)N(CO)C1=O,3-hydroxymethyl rhodanine
S=C(N=[N][R])[N]([R])[N]([R])[R],S=C(N=N*)N(*)N(*)*,hydrazothiourea
O=[C]([R])[N]([R])[N]([R])C=S,O=C(*)N(*)N(*)C=S,acyl thiocarbamoyl hydrazine
S=C([S][R])[S][R],S=C(S*)S*,trithiocarbonates
S=C1[N]([R])CN(C=C[Si]([R])([R])[R])[N]1[R],S=C1N(*)CN(C=C[#14](*)(*)*)N1*,triazolthione vinylsilane
S=C[N]([R])C[N]([R])[R],S=CN(*)CN(*)*,thiocarbonyl diaminomethyl chain
S=P(N1CC1)(N1CC1)N1CC1,S=P(N1CC1)(N1CC1)N1CC1,tris-aziridinyl phosphine sulfide
S=P([N]([R])[R])(N1CC1)N1CC1,S=P(N(*)*)(N1CC1)N1CC1,bis aziridinyl thiophosphoramide
S=[P]([R])([O][R])[N]([R])[R],S=P(*)(O*)N(*)*,phosphoramidothioate
O=C(O)[N]([R])[R],O=C(O)N(*)*,carbamic acid
S=[P]([R])([S][R])[N]([R])[R],S=P(*)(S*)N(*)*,amino thioether phosphinothioyl
