label,smarts,count
[Nar],[#0],130355
O=[C]([R])[N]([R])[R],[#0:1]-[#7](-[#6](=[#8])-[#0:2])-[#0:3],127507
[R][O][R],[#0:1]-[#8]-[#0:2],83826
[R][N]([R])[R],[#0:1]-[#7](-[#0:2])-[#0:3],51402
[F][R],[#0:1]-[#9],36437
[Oar],[#0],33713
[Sar],[#0],33374
[Cl][R],[#0:1]-[#17],28511
[O]=[Car],[#0:1]=[#8],26070
O=[S](=O)([R])[N]([R])[R],[#0:1]-[#16](=[#8])(=[#8])-[#7](-[#0:2])-[#0:3],24052
[R][NH][R],[#0:1]-[#7]-[#0:2],17635
[R][S][R],[#0:1]-[#16]-[#0:2],16987
[OH][Cal],[#0:1]-[#8],16575
O=C([N]([R])[R])[N]([R])[R],[#7](-[#6](=[#8])-[#7](-[#0:1])-[#0:4])(-[#0:2])-[#0:3],15505
O=[C]([R])[O][R],[#0:1]-[#6](=[#8])-[#8]-[#0:2],12336
O=[C]([R])[R],[#0:1]-[#6](=[#8])-[#0:2],10296
[R][Br],[#0:1]-[#35],9840
[OH][Car],[#8]-[#0:1],9369
C#N,[#6H]#[#7],8003
O=[C](O)[R],[#0:1]-[#6](=[#8])-[#8],6644
O=[S](=O)([R])[R],[#0:1]-[#16](=[#8])(=[#8])-[#0:2],6426
C=C,[#6]=[#6H],5878
[NH2][Car],[#0:1]-[#7],5138
[R][O]C[O][R],[#6H2](-[#8]-[#0:1])-[#8]-[#0:2],4841
O=C([O][R])[N]([R])[R],[#0:1]-[#7](-[#0:2])-[#6](=[#8])-[#8]-[#0:3],3132
[NH2][Cal],[#7]-[#0:1],2886
O=[N+]([O-])[R],[#0:1]-[#7+](=[#8])-[#8-],2654
C=N[N]([R])[C](=O)[R],[#0:1]-[#6](=[#8])-[#7](-[#7]=[#6H])-[#0:2],2245
O=[C]1[R][N]([R])C(=O)[N]1[R],[#8]=[#6]1-[#7](-[#6](=[#8])-[#0:1]-[#7]-1-[#0:3])-[#0:2],1608
O=[C]([R])[N]([R])[C](=O)[R],[#0:1]-[#7](-[#6](=[#8])-[#0:2])-[#6](-[#0:3])=[#8],1510
C#C,[#6H]#[#6H],1231
C=[N][R],[#6H]=[#7]-[#0:1],1139
[R][I],[#0:1]-[#53],930
O=[C]([R])[N]([R])C(=O)[N]([R])[R],[#0:1]-[#7](-[#6](=[#8])-[#7](-[#6](=[#8])-[#0:2])-[#0:4])-[#0:3],921
C=C[C](=O)[R],[#0:1]-[#6](=[#8])-[#6]=[#6H],795
C=N[N]([R])[R],[#0:1]-[#7](-[#0:2])-[#7]=[#6H2],710
C=CC(=O)[N]([R])[R],[#6H]=[#6H]-[#6](=[#8])-[#7](-[#0:1])-[#0:2],709
O=[C]([R])[N]([R])[S](=O)(=O)[R],[#0:1]-[#6](=[#8])-[#7](-[#16](=[#8])(=[#8])-[#0:2])-[#0:3],691
C=CC(=O)[O][R],[#6H]=[#6]-[#6](=[#8])-[#8]-[#0:1],633
O=S(=O)([N]([R])[R])[N]([R])[R],[#0:1]-[#7](-[#0:2])-[#16](=[#8])(=[#8])-[#7](-[#0:3])-[#0:4],623
O=[C]([R])C=C(O)C(=O)[N]([R])[R],[#0:1]-[#6](=[#8])-[#6H]=[#6](-[#8])-[#6](=[#8])-[#7](-[#0:2])-[#0:3],613
[R][N]=[Car],[#0:1]=[#7]-[#0:2],485
O=[C]([R])[N]([R])[O][R],[#0:1]-[#6](=[#8])-[#7](-[#0:2])-[#8]-[#0:3],468
[Nar+],[#0],430
O=[CH][R],[#0:1]-[#6]=[#8],414
C=N[O][R],[#6H2]=[#7]-[#8]-[#0:1],392
O=[C]([R])[N]([R])[N]([R])[R],[#0:1]-[#7](-[#0:2])-[#7](-[#0:3])-[#6](=[#8])-[#0:4],345
[R][N]=C([N]([R])[R])[N]([R])[R],[#7](=[#6](-[#7](-[#0:1])-[#0:4])-[#7](-[#0:2])-[#0:5])-[#0:3],344
O=[S]([R])[R],[#0:1]-[#16](=[#8])-[#0:2],324
O=C(C(=O)[N]([R])[R])[N]([R])[R],[#0:1]-[#7](-[#6](=[#8])-[#6](=[#8])-[#7](-[#0:2])-[#0:4])-[#0:3],300
C=CC(=O)O,[#6H2]=[#6H]-[#6](=[#8])-[#8],265
OC[O][R],[#0:1]-[#8]-[#6H2]-[#8],258
O=C(C=N[N]([R])[C](=O)[R])[N]([R])[R],[#0:1]-[#7](-[#6](=[#8])-[#6H]=[#7]-[#7](-[#6](=[#8])-[#0:2])-[#0:4])-[#0:3],254
O=[S](=O)([R])N=C[N]([R])[R],[#0:1]-[#7](-[#6H]=[#7]-[#16](=[#8])(=[#8])-[#0:2])-[#0:3],244
[R][N+]([R])([R])[R],[#0:1]-[#7+](-[#0:2])(-[#0:3])-[#0:4],238
O=[C]([R])[Nar],[#7]-[#6](=[#8])-[#0:1],236
O=[C]([R])[N]([R])C[S][R],[#0:1]-[#6](=[#8])-[#7](-[#6H2]-[#16]-[#0:2])-[#0:3],224
C1CO1,[#6H]1-[#8]-[#6H]-1,216
O=[C]([R])[N]([R])C[N]([R])[R],[#8]=[#6](-[#7](-[#6H]-[#7](-[#0:1])-[#0:2])-[#0:4])-[#0:3],212
[SH][R],[#0:1]-[#16],211
[R][N]=C[N]([R])[R],[#6H](=[#7]-[#0:1])-[#7](-[#0:2])-[#0:3],208
C=NO,[#6H2]=[#7]-[#8],205
[R][N]=C([S][R])[N]([R])[R],[#7](/[#6](=[#7]/[#0:1])-[#16]-[#0:2])(-[#0:3])-[#0:4],199
C=CC(=O)C=C,[#6H]=[#6]-[#6](=[#8])-[#6]=[#6H2],189
O=[C]([R])[N]([R])[Nar],[#0:1]-[#6](=[#8])-[#7](-[#7])-[#0:2],183
O=[C]([R])[N]=[Car],[#0:1]-[#6](=[#8])-[#7]=[#0:2],171
C=N[N]([R])C(=O)C(=O)[N]([R])[R],[#8]=[#6](-[#7](-[#7]=[#6H])-[#0:2])-[#6](=[#8])-[#7](-[#0:1])-[#0:3],168
C=C1SC(=S)[N]([R])C1=O,[#6H]=[#6]1-[#16]-[#6](=[#16])-[#7](-[#0:1])-[#6]-1=[#8],167
O=[S](=O)([R])[O][R],[#0:1]-[#8]-[#16](=[#8])(=[#8])-[#0:2],159
[R][N]([R])[Nar],[#7]-[#7](-[#0:1])-[#0:2],156
O=[C]([R])[N]([R])[N]([R])[C](=O)[R],[#8]=[#6](-[#7](-[#7](-[#6](=[#8])-[#0:1])-[#0:4])-[#0:3])-[#0:2],153
O=[C]([R])C=C[N]([R])[R],[#0:1]-[#6](=[#8])-[#6H]=[#6H]-[#7](-[#0:2])-[#0:3],151
O=[S](=O)([R])[Nar],[#7]-[#16](-[#0:1])(=[#8])=[#8],151
C=C[N]([R])[C](=O)[R],[#0:1]-[#6](=[#8])-[#7](-[#6H]=[#6H])-[#0:2],147
S=C([N]([R])[R])[N]([R])[R],[#0:1]-[#7](-[#6](=[#16])-[#7](-[#0:2])-[#0:4])-[#0:3],146
[R][N]=[N][R],[#0:1]/[#7]=[#7]/[#0:2],144
[R][S]C[S][R],[#0:1]-[#16]-[#6]-[#16]-[#0:2],143
O=[C]([R])[N]([R])C(=S)[N]([R])[R],[#0:1]-[#6](=[#8])-[#7](-[#6](=[#16])-[#7](-[#0:2])-[#0:4])-[#0:3],138
O=C(C1=CC=NS(=O)(=O)[N]1[R])[N]([R])[R],[#0:1]-[#7](-[#6](=[#8])-[#6]1=[#6]-[#6H]=[#7]-[#16](=[#8])(=[#8])-[#7]-1-[#0:2])-[#0:3],138
O=C(C=C[N]([R])C(=O)[N]([R])[R])[O][R],[#0:1]-[#8]-[#6](=[#8])-[#6H]=[#6H]-[#7](-[#6](=[#8])-[#7](-[#0:2])-[#0:4])-[#0:3],135
C=CC=C,[#6](=[#6H])-[#6]=[#6H],134
[S]=[Car],[#0:1]=[#16],124
O=[C]([R])C=C[N]([R])C=CC(=O)[O][R],[#6H](=[#6H]-[#6](=[#8])-[#8]-[#0:1])-[#7](-[#6H]=[#6H]-[#6](-[#0:2])=[#8])-[#0:3],122
[N-]=[N+]=[N][R],[#7-]=[#7+]=[#7]-[#0:1],120
O=[S](=O)(O)[R],[#0:1]-[#16](=[#8])(=[#8])-[#8],116
O=[C]([R])[N]([R])C(=[N][R])[S][R],[#0:1]/[#7]=[#6](\[#16]-[#0:2])-[#7](-[#6](-[#0:3])=[#8])-[#0:4],116
[R][N]([R])C[N]([R])[R],[#6H](-[#7](-[#0:1])-[#0:2])-[#7](-[#0:3])-[#0:4],113
[R][N]([R])[N]([R])[R],[#0:1]-[#7](-[#7](-[#0:3])-[#0:4])-[#0:2],108
[O-][S+]([R])[R],[#8-]-[#16+](-[#0:1])-[#0:2],107
[O-][Nar+],[#7+]-[#8-],106
O=[C]([R])[N](O)[R],[#0:1]-[#6](=[#8])-[#7](-[#8])-[#0:2],103
O=C(C=C[N]([R])C(=O)[N]([R])[R])[N]([R])[R],[#0:1]-[#7](-[#0:2])-[#6](-[#6H]=[#6H]-[#7](-[#6](-[#7](-[#0:3])-[#0:4])=[#8])-[#0:5])=[#8],100
O=[C]([R])[N]([R])C[O][R],[#0:1]-[#8]-[#6H]-[#7](-[#6](=[#8])-[#0:2])-[#0:3],99
O=C([S][R])[N]([R])[R],[#0:2]-[#16]-[#6](=[#8])-[#7](-[#0:1])-[#0:3],95
[R][N]=N[N]([R])[R],[#0:1]-[#7](/[#7]=[#7]/[#0:2])-[#0:3],94
O=[C]([R])C(=C[N]([R])[R])[C](=O)[R],[#0:1]-[#6](=[#8])-[#6](=[#6]-[#7](-[#0:2])-[#0:4])-[#6](=[#8])-[#0:3],93
O=C(C=C[N]([R])[R])[N]([R])[R],[#6H](=[#6]-[#6](=[#8])-[#7](-[#0:1])-[#0:3])-[#7](-[#0:2])-[#0:4],92
O=[C]([R])OC[O][R],[#0:1]-[#8]-[#6H2]-[#8]-[#6](=[#8])-[#0:2],89
O=[C]([R])[S][R],[#0:1]-[#6](=[#8])-[#16]-[#0:2],88
S=C[N]([R])[R],[#7](-[#6H]=[#16])(-[#0:1])-[#0:2],86
O=[C]1[R][S]C[N]1[R],[#8]=[#6]1-[#0:1]-[#16]-[#6H]-[#7]-1-[#0:2],86
[R][O][Si]([R])([R])[R],[#0:1]-[#8]-[Si](-[#0:2])(-[#0:3])-[#0:4],85
[R][O][N]([R])[R],[#0:1]-[#8]-[#7](-[#0:2])-[#0:3],84
C=C[S](=O)(=O)[R],[#6H]=[#6]-[#16](=[#8])(=[#8])-[#0:1],84
O=[P](O)(O)[R],[#0:1]-[#15](=[#8])(-[#8])-[#8],82
O=C(C(=C[O][R])[O][R])[N]([R])[R],[#0:1]-[#7](-[#0:2])-[#6](=[#8])-[#6](=[#6]-[#8]-[#0:3])-[#8]-[#0:4],80
[R][O]N=C[N]([R])[R],[#0:1]-[#8]/[#7]=[#6H]\[#7](-[#0:2])-[#0:3],79
C=[N][Nar],[#7]-[#7]=[#6H2],77
O=[C]([R])[N]([R])N1[C](=O)[R][N]([R])C1=O,[#0:1]1-[#7](-[#6](=[#8])-[#7](-[#7](-[#6](=[#8])-[#0:2])-[#0:4])-[#6]-1=[#8])-[#0:3],75
O=[C]1N=C([N]([R])[R])[S][R]1,[#0:1]1-[#16]-[#6](-[#7](-[#0:2])-[#0:3])=[#7]-[#6]-1=[#8],75
O=[P]([R])([O][R])[O][R],[#0:1]-[#8]-[#15](=[#8])(-[#8]-[#0:2])-[#0:3],73
C=C1SC(=O)[N]([R])C1=O,[#6H]=[#6]1-[#16]-[#6](=[#8])-[#7](-[#0:1])-[#6]-1=[#8],73
O=C[N]([R])[R],[#0:2]-[#7](-[#6]=[#8])-[#0:1],72
[R][S][S][R],[#0:1]-[#16]-[#16]-[#0:2],70
O=C(C=N[O][R])[N]([R])[R],[#0:1]-[#8]/[#7]=[#6H]\[#6](=[#8])-[#7](-[#0:2])-[#0:3],68
O=[C]([R])[N]([R])C[N]([R])[C](=O)[R],[#0:1]-[#6](=[#8])-[#7](-[#0:2])-[#6H2]-[#7](-[#6](-[#0:3])=[#8])-[#0:4],68
O=[C]([R])[N]([R])C[N]([R])C(=S)[N]([R])[R],[#0:1]-[#6](=[#8])-[#7](-[#6H]-[#7](-[#6](=[#16])-[#7](-[#0:2])-[#0:5])-[#0:4])-[#0:3],65
C=N[N]([R])C(=S)[N]([R])[R],[#6H2]=[#7]-[#7](-[#6](=[#16])-[#7](-[#0:1])-[#0:3])-[#0:2],65
O=[C]1C=C([N]([R])[R])[N]([R])[R]1,[#0:1]1-[#6](=[#8])-[#6H]=[#6](-[#7](-[#0:3])-[#0:4])-[#7]-1-[#0:2],64
[R][N]=C([S][R])[S][R],[#0:1]-[#16]-[#6](=[#7]-[#0:2])-[#16]-[#0:3],62
O=[C]1[R][S]C(=[N][R])[N]1[R],[#0:1]/[#7]=[#6]1/[#16]-[#0:2]-[#6](=[#8])-[#7]-1-[#0:3],62
O=C([N]([R])[R])[N]([R])[O][R],[#0:1]-[#7](-[#6](=[#8])-[#7](-[#0:2])-[#8]-[#0:3])-[#0:4],60
C=C1N=COC1=O,[#6H]1=[#7]-[#6](=[#6H])-[#6](=[#8])-[#8]-1,60
C=CC=C[C](=O)[R],[#0:1]-[#6](=[#8])-[#6H]=[#6]-[#6]=[#6H],59
O=P(O)(O)[O][R],[#0:1]-[#8]-[#15](=[#8])(-[#8])-[#8],59
O=C(C=C[N]([R])[R])[O][R],[#6H](-[#7](-[#0:2])-[#0:3])=[#6]-[#6](=[#8])-[#8]-[#0:1],59
O=[C]([R])N=C([S][R])[N]([R])[R],[#0:1]-[#6](=[#8])/[#7]=[#6](/[#16]-[#0:2])-[#7](-[#0:3])-[#0:4],59
[R][O]C[N]([R])[R],[#6H2](-[#7](-[#0:1])-[#0:3])-[#8]-[#0:2],57
C#C[Si]([R])([R])[R],[#0:1]-[Si](-[#0:2])(-[#0:3])-[#6]#[#6H],55
O=[S](=O)([R])[N]([R])[O][R],[#0:1]-[#16](=[#8])(=[#8])-[#7](-[#0:2])-[#8]-[#0:3],55
C=NN=C([S][R])[N]([R])[R],[#6H2]=[#7]-[#7]=[#6](-[#7](-[#0:1])-[#0:3])-[#16]-[#0:2],54
FC(F)([O][R])[O][R],[#0:2]-[#8]-[#6](-[#9])(-[#9])-[#8]-[#0:1],53
O=[C]([O-])[R],[#0:1]-[#6](=[#8])-[#8-],52
C=N[N]([R])[S](=O)(=O)[R],[#6H2]=[#7]-[#7](-[#16](-[#0:1])(=[#8])=[#8])-[#0:2],52
C=C[N]([R])[R],[#6H]=[#6H]-[#7](-[#0:1])-[#0:2],51
O=C([N]([R])[R])[N]([R])[S](=O)(=O)[R],[#0:1]-[#16](=[#8])(=[#8])-[#7](-[#6](-[#7](-[#0:3])-[#0:4])=[#8])-[#0:2],51
C=CC#N,[#6H]=[#6]-[#6]#[#7],50
O=[C]([R])C=CO,[#6H](=[#6H]-[#8])-[#6](-[#0:1])=[#8],49
O=[C]([R])C(=O)[N]([R])[R],[#0:1]-[#6](=[#8])-[#6](=[#8])-[#7](-[#0:2])-[#0:3],49
[R][O]C[S][R],[#0:1]-[#16]-[#6H2]-[#8]-[#0:2],47
O=C(C=N[N]([R])[R])[N]([R])[R],[#0:1]-[#7](-[#6](=[#8])/[#6H]=[#7]/[#7](-[#0:2])-[#0:4])-[#0:3],47
O=C1C=CC(=O)[N]1[R],[#0:1]-[#7]1-[#6](=[#8])-[#6]=[#6]-[#6]-1=[#8],46
C=N[N]([R])C(=O)[N]([R])[R],[#6H2]=[#7]-[#7](-[#6](-[#7](-[#0:2])-[#0:3])=[#8])-[#0:1],46
C=NN=C,[#6H]=[#7]-[#7]=[#6H2],45
O=[C]([R])[O][Na],[#0:1]-[#6](=[#8])-[#8]-[Na],44
O=[S](=O)([R])[N]([R])C=[N][R],[#6H](=[#7]-[#0:1])-[#7](-[#16](-[#0:2])(=[#8])=[#8])-[#0:3],43
C=C(C(=O)O)N(C[S][R])[C](=O)[R],[#0:1]-[#6](=[#8])-[#7](-[#6](-[#6](=[#8])-[#8])=[#6H2])-[#6H2]-[#16]-[#0:2],42
O=[S](=O)([R])[N]([R])C[O][R],[#0:1]-[#16](=[#8])(=[#8])-[#7](-[#0:2])-[#6H]-[#8]-[#0:3],42
O[B]([R])O[Si]([R])([R])[R],[#0:1]-[Si](-[#0:2])(-[#8]-[#5](-[#8])-[#0:3])-[#0:4],42
O=S1(=O)C=CC([N]([R])[R])=N1,[#6H]1=[#6H]-[#16](=[#8])(=[#8])-[#7]=[#6]-1-[#7](-[#0:1])-[#0:2],42
C=C(C(=O)[N]([R])[R])[N]([R])[C](=O)[R],[#8]=[#6](-[#7](-[#0:1])-[#0:3])-[#6](=[#6H])-[#7](-[#6](=[#8])-[#0:2])-[#0:4],41
O=[S]([R])([R])=[N][R],[#0:1]-[#16](-[#0:2])(=[#7]-[#0:3])=[#8],41
O=[C]1[R][N]([R])C[N]1[R],[#0:1]-[#7]1-[#0:2]-[#6](=[#8])-[#7](-[#0:3])-[#6]-1,41
ON=C[N]([R])[R],[#0:1]-[#7](/[#6H]=[#7]/[#8])-[#0:2],41
O=[C]([R])[N]([R])S(=O)(=O)[N]([R])[R],[#0:1]-[#6](=[#8])-[#7](-[#16](=[#8])(=[#8])-[#7](-[#0:2])-[#0:3])-[#0:4],40
C=C[O][R],[#6H](=[#6H])-[#8]-[#0:1],39
C=CC=N[N]([R])[C](=O)[R],[#6H]=[#6]/[#6]=[#7]/[#7](-[#6](=[#8])-[#0:1])-[#0:2],38
[R][O]COC[O][R],[#6H2](-[#8]-[#6H2]-[#8]-[#0:1])-[#8]-[#0:2],37
O=[C]1[R][N]([R])C(=O)N1C[N]([R])[R],[#0:1]1-[#7](-[#6](=[#8])-[#7](-[#6]-[#7](-[#0:2])-[#0:3])-[#6]-1=[#8])-[#0:4],37
O=C(C=C[O][R])[N]([R])[R],[#0:1]-[#7](-[#6](=[#8])-[#6H]=[#6]-[#8]-[#0:2])-[#0:3],37
O=C(C1=N[N]([R])[C](=O)[R][N]1[R])[N]([R])[R],[#0:1]1-[#7](-[#6](-[#6](=[#8])-[#7](-[#0:2])-[#0:3])=[#7]-[#7](-[#0:4])-[#6]-1=[#8])-[#0:5],36
O=[S](=O)([R])N=[S](=O)([R])[R],[#0:1]-[#16](=[#8])(=[#7]-[#16](=[#8])(=[#8])-[#0:2])-[#0:3],36
O=[C]([Nar])[N]([R])[R],[#7]-[#6](=[#8])-[#7](-[#0:1])-[#0:2],36
C=CO[C](=O)[R],[#6]=[#6]-[#8]-[#6](=[#8])-[#0:1],35
O=[N+]([O-])[N]([R])C(=[N][R])[N]([R])[R],[#0:1]-[#7](-[#6](=[#7]-[#0:3])-[#7](-[#7+](=[#8])-[#8-])-[#0:4])-[#0:2],35
O=C(C=C[N]([R])C=CC(=O)[O][R])[O][R],[#0:1]-[#8]-[#6](=[#8])-[#6H]=[#6H]-[#7](-[#6H]=[#6H]-[#6](=[#8])-[#8]-[#0:2])-[#0:3],33
O=[S](=O)([R])[O][Na],[#0:1]-[#16](=[#8])(=[#8])-[#8]-[Na],33
O=C(O)C=C[C](=O)[R],[#6H](=[#6]-[#6](=[#8])-[#8])-[#6](=[#8])-[#0:1],33
N#C[N]([R])[R],[#0:1]-[#7](-[#6]#[#7])-[#0:2],33
C=C1SC(=[N][R])[N]([R])C1=O,[#6H]=[#6]1-[#16]-[#6](=[#7]-[#0:1])-[#7](-[#6]-1=[#8])-[#0:2],33
O=[C]([R])C=C[C](=O)[R],[#6H](=[#6]-[#6](=[#8])-[#0:1])-[#6](-[#0:2])=[#8],32
C=CC=CC(=O)[O][R],[#6H2]=[#6]-[#6]=[#6H]-[#6](=[#8])-[#8]-[#0:1],32
C=C([S][R])[S][R],[#6H2]=[#6](-[#16]-[#0:1])-[#16]-[#0:2],32
O=[C]([R])[C](=O)[R],[#8]=[#6](-[#6](=[#8])-[#0:1])-[#0:2],32
O=C(C([S][R])[N]([R])[C](=O)[R])[N]([R])[R],[#0:1]-[#7](-[#6](=[#8])-[#6H](-[#7](-[#6](-[#0:2])=[#8])-[#0:3])-[#16]-[#0:4])-[#0:5],32
O=[S]([R])N=[S](=O)([R])[R],[#0:1]-[#16](-[#0:2])(=[#8])=[#7]-[#16](=[#8])-[#0:3],32
C=CBr,[#6H]=[#6]-[#35],31
O=C([O][R])[N]([R])C[N]([R])[R],[#0:1]-[#7](-[#6]-[#7](-[#6](=[#8])-[#8]-[#0:2])-[#0:3])-[#0:4],31
O[B](O)[R],[#0:1]-[#5](-[#8])-[#8],31
O=[C]([R])[N]([R])C(=O)[O][R],[#0:2]-[#6](=[#8])-[#7](-[#6](=[#8])-[#8]-[#0:3])-[#0:1],30
C=CC=CC=C,[#6H]=[#6]/[#6]=[#6]/[#6]=[#6H2],30
[R][N]([R])C=CC=CC=CC=[N+]([R])[R],[#0:1]-[#7+](=[#6H]-[#6]=[#6]-[#6]=[#6]-[#6]=[#6H]-[#7](-[#0:2])-[#0:3])-[#0:4],30
C=C=C,[#6]=[#6]=[#6H2],30
O[N]([R])[R],[#0:1]-[#7](-[#8])-[#0:2],29
C=CC=CC(=O)[N]([R])[R],[#0:1]-[#7](-[#6](=[#8])/[#6H]=[#6]\[#6]=[#6H])-[#0:2],29
O=C(C=[N][R])[N]([R])[R],[#8]=[#6](-[#7](-[#0:1])-[#0:3])-[#6H]=[#7]-[#0:2],29
C#CC(=O)[N]([R])[R],[#6]#[#6]-[#6](=[#8])-[#7](-[#0:1])-[#0:2],29
[O-][N+]([R])([R])[R],[#0:1]-[#7+](-[#8-])(-[#0:2])-[#0:3],28
[R][N]=C[O][R],[#0:2]-[#8]-[#6H]=[#7]-[#0:1],28
C=C1N=C[N]([R])C1=O,[#6H]1=[#7]-[#6](=[#6H])-[#6](=[#8])-[#7]-1-[#0:1],28
O=[C]([R])C(=CO)C(=O)[N]([R])[R],[#0:1]-[#6](=[#8])-[#6](-[#6](-[#7](-[#0:2])-[#0:3])=[#8])=[#6H]-[#8],27
OC=[N][R],[#6H](-[#8])=[#7]-[#0:1],27
C=C([O][R])[C](=O)[R],[#0:2]-[#8]-[#6](=[#6H])-[#6](=[#8])-[#0:1],27
C=C(C#N)C(=O)[N]([R])[R],[#0:1]-[#7](-[#6](=[#8])-[#6](-[#6]#[#7])=[#6H])-[#0:2],27
C=C[NH][R],[#6H]=[#6]-[#7]-[#0:1],26
[Oar+],[#0],26
[R][Se][R],[#0:1]-[Se]-[#0:2],26
O=C(C([N]([R])[C](=O)[R])[N]([R])[C](=O)[R])[N]([R])[R],[#0:1]-[#7](-[#6](=[#8])-[#0:2])-[#6H](-[#7](-[#0:3])-[#6](=[#8])-[#0:4])-[#6](=[#8])-[#7](-[#0:5])-[#0:6],26
C=NOC(=O)[N]([R])[R],[#0:1]-[#7](-[#6](=[#8])-[#8]-[#7]=[#6H])-[#0:2],26
O=C(C=C(C(=O)[O][R])[N]([R])[R])[O][R],[#0:1]-[#8]-[#6](=[#8])/[#6]=[#6](/[#7](-[#0:2])-[#0:4])-[#6](=[#8])-[#8]-[#0:3],26
O=[P](O)([R])[O][R],[#0:1]-[#8]-[#15](=[#8])(-[#8])-[#0:2],25
C=NN([C](=O)[R])[C](=O)[R],[#6H2]=[#7]-[#7](-[#6](=[#8])-[#0:1])-[#6](-[#0:2])=[#8],25
[R][S]C[N]([R])[R],[#0:1]-[#16]-[#6H]-[#7](-[#0:2])-[#0:3],25
O=[C]([R])O[C](=O)[R],[#0:1]-[#6](=[#8])-[#8]-[#6](=[#8])-[#0:2],24
O=[As](O)(O)[R],[#0:1]-[As](=[#8])(-[#8])-[#8],24
C=[N+]([O-])[R],[#6H]=[#7+](-[#8-])-[#0:1],24
O=C([O][R])[O][R],[#0:1]-[#8]-[#6](=[#8])-[#8]-[#0:2],24
C=CS(=O)(=O)[N]([R])[R],[#0:1]-[#7](-[#16](=[#8])(=[#8])-[#6]=[#6H])-[#0:2],24
C=N[N]([R])C(=O)[O][R],[#6H2]=[#7]-[#7](-[#6](=[#8])-[#8]-[#0:1])-[#0:2],24
C=CC=C1SC(=S)[N]([R])C1=O,[#6H]=[#6]/[#6]=[#6]1\[#16]-[#6](=[#16])-[#7](-[#0:1])-[#6]-1=[#8],24
[CH2]=[Car],[#6H]=[#6H2],24
O=[C]([Nar])[O][R],[#0:1]-[#8]-[#6](=[#8])-[#7],24
O=[C]([R])[N]([R])C(=[N][R])[N]([R])[R],[#0:1]-[#6](=[#8])-[#7](-[#6](=[#7]-[#0:3])-[#7](-[#0:4])-[#0:5])-[#0:2],24
N#CC=C[N]([R])[R],[#0:1]-[#7](/[#6]=[#6H]\[#6]#[#7])-[#0:2],24
[R][Si]([R])([R])[R],[#0:1]-[Si](-[#0:2])(-[#0:3])-[#0:4],23
C=CC=N[N]([R])[R],[#6H]=[#6]-[#6H]=[#7]-[#7](-[#0:1])-[#0:2],23
O=[C]1[R][C](=O)[N]([R])C(=O)[N]1[R],[#8]=[#6]1-[#0:1]-[#6](=[#8])-[#7](-[#0:2])-[#6](=[#8])-[#7]-1-[#0:3],23
O=[C]([R])[N]([R])N=[N][R],[#8]=[#6](-[#0:1])-[#7](-[#0:2])-[#7]=[#7]-[#0:3],23
O=[C]([R])N(C[N]([R])[R])[C](=O)[R],[#0:1]-[#7](-[#6]-[#7](-[#6](=[#8])-[#0:2])-[#6](-[#0:3])=[#8])-[#0:4],23
O=C(O)[C](=O)[R],[#0:1]-[#6](=[#8])-[#6](=[#8])-[#8],23
O=[C]([R])C1CO1,[#6H]1(-[#6](=[#8])-[#0:1])-[#6]-[#8]-1,23
O=[C]([R])C(=O)[O][R],[#0:1]-[#6](=[#8])-[#6](=[#8])-[#8]-[#0:2],23
O=[P]([R])([R])[R],[#8]=[#15](-[#0:1])(-[#0:2])-[#0:3],23
O=[C]([R])[N]([R])[N]([R])C(=O)[N]([R])[R],[#0:1]-[#6](=[#8])-[#7](-[#7](-[#6](=[#8])-[#7](-[#0:2])-[#0:3])-[#0:5])-[#0:4],23
C=CC=C[Si]([R])([R])[R],[#0:1]-[Si](-[#0:2])(-[#0:3])-[#6H]=[#6H]-[#6H]=[#6H],23
[R][N]([R])C=CC=CC=[N+]([R])[R],[#6](=[#6]\[#6H]=[#7+](-[#0:1])-[#0:2])\[#6]=[#6H]-[#7](-[#0:3])-[#0:4],22
[R][O][B]([R])[O][R],[#0:1]-[#5](-[#8]-[#0:2])-[#8]-[#0:3],22
C=NN(CO)[C](=O)[R],[#6H2]=[#7]-[#7](-[#6](=[#8])-[#0:1])-[#6H2]-[#8],22
O=C(C(=C[S][R])[O][R])[N]([R])[R],[#0:1]-[#7](-[#6](=[#8])-[#6](=[#6H]-[#16]-[#0:2])-[#8]-[#0:3])-[#0:4],22
C=C1C=COC1=O,[#6H]=[#6]1-[#6]=[#6]-[#8]-[#6]-1=[#8],22
O=C(c1ccc(=N[S](=O)(=O)[R])[n]([R])c1)[N]([R])[R],[#0:1]-[#7](-[#6](=[#8])-[#6]1=[#6]-[#7](-[#0:2])-[#6](=[#7]-[#16](-[#0:3])(=[#8])=[#8])-[#6]=[#6]-1)-[#0:4],22
O=[P](O)([R])[R],[#0:1]-[#15](=[#8])(-[#8])-[#0:2],22
C=NN=C1[S][R][C](=O)[N]1[R],[#6H2]=[#7]/[#7]=[#6]1\[#7](-[#6](=[#8])-[#0:1]-[#16]-1)-[#0:2],22
O=[C]([R])[N]([R])[N]([R])C(=S)[N]([R])[R],[#0:1]-[#7](-[#6](=[#16])-[#7](-[#7](-[#6](=[#8])-[#0:2])-[#0:5])-[#0:4])-[#0:3],22
[R][O][Nar],[#0:1]-[#8]-[#7],22
O=C(O)C=CC(=O)[N]([R])[R],[#0:1]-[#7](-[#6](=[#8])/[#6]=[#6]\[#6](=[#8])-[#8])-[#0:2],22
O=C[O][R],[#0:1]-[#8]-[#6]=[#8],22
C=CC(=O)[N]([R])C(=S)[N]([R])[R],[#0:1]-[#7](-[#6](=[#16])-[#7](-[#6](=[#8])-[#6]=[#6H])-[#0:3])-[#0:2],22
O=[S](=O)([O-])[R],[#0:1]-[#16](=[#8])(=[#8])-[#8-],21
C=C[N+](=O)[O-],[#8]=[#7+](-[#8-])-[#6H]=[#6H],21
O=C1[S][R][C](=O)[N]1[R],[#8]=[#6]1-[#0:1]-[#16]-[#6](=[#8])-[#7]-1-[#0:2],21
O=[C]([R])N=[S](=O)([R])[R],[#0:1]-[#16](=[#8])(=[#7]-[#6](=[#8])-[#0:2])-[#0:3],21
O=[C]([R])C=C[N]([R])[C](=O)[R],[#0:1]-[#6](=[#8])-[#6H]=[#6H]-[#7](-[#0:2])-[#6](=[#8])-[#0:3],21
C=C1C(=O)[N]([R])C(=S)[N]1[R],[#6H]=[#6]1-[#7](-[#6](=[#16])-[#7](-[#6]-1=[#8])-[#0:2])-[#0:1],21
O=C(C=C[O][R])[O][R],[#0:1]-[#8]/[#6]=[#6]/[#6](=[#8])-[#8]-[#0:2],21
O=[C]([R])ON([C](=O)[R])[C](=O)[R],[#0:1]-[#6](=[#8])-[#8]-[#7](-[#6](=[#8])-[#0:2])-[#6](-[#0:3])=[#8],20
C=CC=CC=C([S][R])[N]([R])[R],[#0:1]-[#7](-[#6](=[#6]-[#6]=[#6H]-[#6]=[#6H])-[#16]-[#0:2])-[#0:3],20
O=S(=O)(O)[O][R],[#0:1]-[#8]-[#16](=[#8])(=[#8])-[#8],20
O=[C]([R])C=C[N]([R])[N]([R])[C](=O)[R],[#8]=[#6](/[#6]=[#6]/[#7](-[#7](-[#6](=[#8])-[#0:1])-[#0:4])-[#0:3])-[#0:2],20
C=CC=O,[#6H2]=[#6]-[#6]=[#8],20
O=[C]([R])N=C([N]([R])[R])[N]([R])[R],[#0:1]-[#6](=[#8])-[#7]=[#6](-[#7](-[#0:2])-[#0:4])-[#7](-[#0:3])-[#0:5],20
O=[C]([R])[N]([R])OC[O][R],[#0:1]-[#6](=[#8])-[#7](-[#8]-[#6H2]-[#8]-[#0:2])-[#0:3],20
O=[C]1[R][S](=O)C[N]1[R],[#6H2]1-[#7](-[#0:1])-[#6](=[#8])-[#0:2]-[#16]-1=[#8],20
O=P(O)([O][R])[O][R],[#0:1]-[#8]-[#15](=[#8])(-[#8])-[#8]-[#0:2],19
O=[S](=O)([R])[N]([R])C[S][R],[#6H](-[#16]-[#0:1])-[#7](-[#0:2])-[#16](=[#8])(=[#8])-[#0:3],19
[R][P]([R])[R],[#0:1]-[#15](-[#0:2])-[#0:3],19
O=[S](=O)([R])[N]([R])C[N]([R])[R],[#6H](-[#7](-[#0:1])-[#0:3])-[#7](-[#16](-[#0:2])(=[#8])=[#8])-[#0:4],19
N#[N+][R],[#7]#[#7+]-[#0:1],19
C=CN1C[N]([R])C(=O)[N]1[R],[#6H]=[#6H]-[#7]1-[#7](-[#0:1])-[#6](=[#8])-[#7](-[#0:2])-[#6H]-1,19
O=[C](Cl)[R],[#0:1]-[#6](=[#8])-[#17],18
C=C1C=CC(=O)O1,[#6H]=[#6]1-[#6]=[#6]-[#6](=[#8])-[#8]-1,18
O[B]([R])[O][R],[#0:2]-[#8]-[#5](-[#8])-[#0:1],18
O=[S](=O)([R])[N]([R])[N]([R])[R],[#0:1]-[#16](=[#8])(=[#8])-[#7](-[#7](-[#0:2])-[#0:4])-[#0:3],18
O=C(C(=C[N]([R])[R])[S](=O)(=O)[R])[N]([R])[R],[#0:1]-[#7](-[#6H]=[#6](-[#6](-[#7](-[#0:4])-[#0:5])=[#8])-[#16](=[#8])(=[#8])-[#0:2])-[#0:3],18
O=[C]1[R][N]([N]([R])[C](=O)[R])C(=O)[N]1[R],[#0:1]-[#6](=[#8])-[#7](-[#7]1-[#6](=[#8])-[#7](-[#0:2])-[#6](=[#8])-[#0:3]-1)-[#0:4],18
C=C(C#N)[C](=O)[R],[#6H]=[#6](-[#6]#[#7])-[#6](=[#8])-[#0:1],18
O=C(C(=O)[N]([R])[R])C(O)[O][R],[#0:1]-[#8]-[#6H](-[#8])-[#6](=[#8])-[#6](=[#8])-[#7](-[#0:2])-[#0:3],17
C=NO[C](=O)[R],[#8]=[#6](-[#8]-[#7]=[#6H2])-[#0:1],17
O=C1C(Cl)=C([N]([R])[R])C(=O)[N]1[R],[#0:1]-[#7](-[#0:2])-[#6]1=[#6](-[#17])-[#6](=[#8])-[#7](-[#0:3])-[#6]-1=[#8],17
O=[C]1[R][N]([C](=O)[R])C[N]1[R],[#0:1]1-[#6](=[#8])-[#7](-[#0:2])-[#6]-[#7]-1-[#6](=[#8])-[#0:3],17
[OH][Nar],[#7]-[#8],17
O=[N][R],[#0:1]-[#7]=[#8],17
C=C1SC([N]([R])[R])=NC1=O,[#0:1]-[#7](-[#6]1=[#7]-[#6](=[#8])-[#6](=[#6H])-[#16]-1)-[#0:2],17
C=C1C=C[N]([R])C1=O,[#6H]1=[#6]-[#6](=[#6H])-[#6](=[#8])-[#7]-1-[#0:1],17
O=C([N]([R])[R])[N]([R])[Nar],[#0:1]-[#7](-[#6](=[#8])-[#7](-[#7])-[#0:3])-[#0:2],17
O=[C]1[R][N]([R])C=N[N]1[R],[#0:1]1-[#7](-[#6H]=[#7]-[#7](-[#6]-1=[#8])-[#0:3])-[#0:2],17
C=N[N]([R])P(=O)([O][R])[O][R],[#6H]=[#7]-[#7](-[#15](=[#8])(-[#8]-[#0:1])-[#8]-[#0:2])-[#0:3],17
O=C([N]([R])[R])[N]([R])C[O][R],[#0:2]-[#7](-[#6](=[#8])-[#7](-[#0:3])-[#6H2]-[#8]-[#0:1])-[#0:4],17
O=[C]1C=C[O][R]1,[#6H]1=[#6H]-[#8]-[#0:1]-[#6]-1=[#8],17
[R][P+]([R])([R])[R],[#0:1]-[#15+](-[#0:2])(-[#0:3])-[#0:4],16
[R][S+]([R])[R],[#0:1]-[#16+](-[#0:2])-[#0:3],16
OC(=[N][R])[N]([R])[R],[#8]/[#6](=[#7]\[#0:1])-[#7](-[#0:2])-[#0:3],16
C=COC([O][R])[C](=O)[R],[#6H]=[#6]-[#8]-[#6H](-[#8]-[#0:1])-[#6](-[#0:2])=[#8],16
O=P([O][Na])([O][Na])[O][R],[#8]=[#15](-[#8]-[Na])(-[#8]-[Na])-[#8]-[#0:1],16
C=N[N]([R])C(=[N][R])[S][R],[#6H2]=[#7]-[#7](-[#6](=[#7]-[#0:3])-[#16]-[#0:1])-[#0:2],16
C=CC=CC(=O)O,[#6H]=[#6]/[#6]=[#6]/[#6](=[#8])-[#8],16
O=C(C=COCOC[O][R])[O][R],[#6H2](-[#8]-[#6H2]-[#8]-[#0:1])-[#8]-[#6]=[#6H]-[#6](=[#8])-[#8]-[#0:2],16
S=C=[N][R],[#0:1]-[#7]=[#6]=[#16],16
C=CF,[#9]-[#6H]=[#6H],16
O=[C]([R])N1CSC([N]([R])[C](=O)[R])=N1,[#0:1]-[#6](=[#8])-[#7](-[#6]1=[#7]-[#7](-[#6](-[#0:2])=[#8])-[#6H2]-[#16]-1)-[#0:3],16
C=CC=CC(=O)C=CC=C,[#8]=[#6](/[#6H]=[#6]\[#6]=[#6H])-[#6H]=[#6]-[#6]=[#6H],16
O=C1C=C([N]([R])[R])C(=O)[N]1[R],[#8]=[#6]1-[#6]=[#6](-[#7](-[#0:1])-[#0:2])-[#6](=[#8])-[#7]-1-[#0:3],16
C=C[Si]([R])([R])[R],[#0:1]-[Si](-[#6H]=[#6H])(-[#0:2])-[#0:3],15
[O-][Cl+3]([O-])([O-])[O-],[#8-]-[#17+3](-[#8-])(-[#8-])-[#8-],15
O=C(C=C[N]([R])C(=S)[N]([R])[R])[N]([R])[R],[#6H](=[#6H]-[#6](=[#8])-[#7](-[#0:1])-[#0:3])-[#7](-[#6](-[#7](-[#0:2])-[#0:4])=[#16])-[#0:5],15
C=[CH][Nar],[#7]-[#6H]=[#6H],15
O=C([O][R])[N]([R])C[O][R],[#0:1]-[#8]-[#6H]-[#7](-[#6](=[#8])-[#8]-[#0:2])-[#0:3],15
C=N[N]([R])C(=[N][R])[N]([R])[R],[#6H2]=[#7]-[#7](-[#6](=[#7]-[#0:2])-[#7](-[#0:3])-[#0:4])-[#0:1],15
[R][N]=C([N]([R])[R])[N]([R])C(=[N][R])[N]([R])[R],[#7](=[#6](-[#7](-[#0:1])-[#0:4])-[#7](-[#6](=[#7]-[#0:6])-[#7](-[#0:2])-[#0:7])-[#0:5])-[#0:3],15
C=C(C#N)C(=O)O,[#6H]=[#6](-[#6]#[#7])-[#6](=[#8])-[#8],15
O=[C]([R])N1COC=N1,[#0:1]-[#6](=[#8])-[#7]1-[#7]=[#6H]-[#8]-[#6H2]-1,15
O=C(C1SC([N]([R])[C](=O)[R])=NN1[C](=O)[R])[N]([R])[R],[#0:1]-[#6](=[#8])-[#7](-[#6]1=[#7]-[#7](-[#6](-[#0:2])=[#8])-[#6H](-[#16]-1)-[#6](=[#8])-[#7](-[#0:3])-[#0:4])-[#0:5],15
O=[C]([R])[N]([R])C(=O)[N]([R])C[O][R],[#0:1]-[#8]-[#6H2]-[#7](-[#0:2])-[#6](-[#7](-[#6](-[#0:3])=[#8])-[#0:4])=[#8],15
O=[C]([R])[N]([R])[N]([R])[S](=O)(=O)[R],[#0:1]-[#7](-[#7](-[#16](=[#8])(=[#8])-[#0:2])-[#0:4])-[#6](-[#0:3])=[#8],15
[N-]=[N+]=NC[O][R],[#0:1]-[#8]-[#6H2]-[#7]=[#7+]=[#7-],14
O=P(O)(O)OP(=O)(O)OP(=O)(O)[O][R],[#0:1]-[#8]-[#15](=[#8])(-[#8])-[#8]-[#15](=[#8])(-[#8])-[#8]-[#15](=[#8])(-[#8])-[#8],14
O=[As](O)([R])[R],[#0:1]-[As](=[#8])(-[#8])-[#0:2],14
[R][N]([R])C1=NC[N]([R])C([N]([R])[R])=N1,[#6H2]1-[#7]=[#6](-[#7](-[#0:2])-[#0:3])-[#7]=[#6](-[#7](-[#0:4])-[#0:5])-[#7]-1-[#0:1],14
O=[C]([R])[N]([R])N([C](=O)[R])[C](=O)[R],[#8]=[#6](-[#7](-[#7](-[#6](=[#8])-[#0:1])-[#6](-[#0:2])=[#8])-[#0:4])-[#0:3],14
[R][N]=C([O][R])[N]([R])[R],[#0:2]-[#8]-[#6](-[#7](-[#0:3])-[#0:4])=[#7]-[#0:1],14
C=C1C=CC=[N+]1[B-](F)(F)[Nar],[#6H2]=[#6]1-[#6]=[#6]-[#6]=[#7+]-1-[#5-](-[#9])(-[#9])-[#7],14
[R][O]C([O][R])[O][R],[#0:1]-[#8]-[#6](-[#8]-[#0:2])-[#8]-[#0:3],14
O=[C]([R])C=C[O][R],[#8]=[#6](-[#0:1])-[#6H]=[#6H]-[#8]-[#0:2],14
O=C(C=C[N]([R])[C](=O)[R])[O][R],[#0:1]-[#8]-[#6](=[#8])-[#6H]=[#6H]-[#7](-[#6](=[#8])-[#0:2])-[#0:3],14
C=C1SC(=S)N([N]([R])[C](=O)[R])C1=O,[#0:1]-[#6](=[#8])-[#7](-[#7]1-[#6](=[#8])-[#6](=[#6H])-[#16]-[#6]-1=[#16])-[#0:2],14
O=C1C([N]([R])[C](=O)[R])OC(O)[N]1[R],[#6H]1(-[#8])-[#8]-[#6H](-[#7](-[#6](=[#8])-[#0:2])-[#0:3])-[#6](=[#8])-[#7]-1-[#0:1],14
O=C1C=CC(O)O1,[#6H]1=[#6H]-[#6](=[#8])-[#8]-[#6]-1-[#8],14
O=C(N=C([N]([R])[R])[N]([R])C(=O)[O][R])[O][R],[#0:1]-[#7](/[#6](=[#7]/[#6](=[#8])-[#8]-[#0:2])-[#7](-[#6](=[#8])-[#8]-[#0:3])-[#0:5])-[#0:4],14
O=C([O][R])C1CO1,[#6H2]1-[#8]-[#6H]-1-[#6](=[#8])-[#8]-[#0:1],13
O=[C]([R])OCO[C](=O)[R],[#0:1]-[#6](=[#8])-[#8]-[#6H]-[#8]-[#6](-[#0:2])=[#8],13
C=CI,[#6H]=[#6H]-[#53],13
O=C1C(=C[N]([R])[R])C=N[N]1[R],[#6H](-[#7](-[#0:1])-[#0:3])=[#6]1-[#6](=[#8])-[#7](-[#0:2])-[#7]=[#6H]-1,13
C=C1C(=O)[N]([R])C(=O)[N]([R])C1=O,[#6H]=[#6]1-[#6](=[#8])-[#7](-[#6](=[#8])-[#7](-[#6]-1=[#8])-[#0:2])-[#0:1],13
O=[S](=O)([R])N=C([S][R])[N]([R])[R],[#0:2]-[#16]-[#6](=[#7]-[#16](=[#8])(=[#8])-[#0:3])-[#7](-[#0:4])-[#0:1],13
O=[C]([R])[N]([R])CO,[#6H](-[#8])-[#7](-[#6](=[#8])-[#0:1])-[#0:2],13
O=[C]([R])[N]([R])C[N]([R])[S](=O)(=O)[R],[#0:1]-[#6](=[#8])-[#7](-[#6H]-[#7](-[#0:2])-[#16](=[#8])(=[#8])-[#0:3])-[#0:4],13
S=C([O][R])[N]([R])[R],[#0:1]-[#8]-[#6](=[#16])-[#7](-[#0:2])-[#0:3],12
O=C1C=NCO1,[#6H]1=[#7]-[#6H]-[#8]-[#6]-1=[#8],12
C#CC#C,[#6H]#[#6]-[#6]#[#6H],12
C=C(C#N)C#N,[#6H]=[#6](-[#6]#[#7])-[#6]#[#7],12
[R][N]=C[S][R],[#0:1]-[#16]/[#6H]=[#7]/[#0:2],12
N#CC=C([O][R])[N]([R])[R],[#6H](-[#6]#[#7])=[#6](-[#7](-[#0:2])-[#0:3])-[#8]-[#0:1],12
OC[N]([R])[R],[#8]-[#6H2]-[#7](-[#0:1])-[#0:2],11
O=C(C=C(O)C(=O)[O][R])[O][R],[#0:1]-[#8]-[#6](=[#8])-[#6H]=[#6](-[#8])-[#6](=[#8])-[#8]-[#0:2],11
[R][N]1C[N]([R])C[N]([R])C1,[#0:1]-[#7]1-[#6]-[#7](-[#6]-[#7](-[#6]-1)-[#0:2])-[#0:3],11
O=[C]([R])[N]([R])CN([C](=O)[R])[C](=O)[R],[#0:1]-[#6](=[#8])-[#7](-[#6]-[#7](-[#6](=[#8])-[#0:2])-[#6](-[#0:3])=[#8])-[#0:4],11
O=[C]([R])ON=C[N]([R])[R],[#7](/[#6H]=[#7]\[#8]-[#6](=[#8])-[#0:1])(-[#0:2])-[#0:3],11
C=C1SC(=O)N(C[N]([R])[R])C1=O,[#8]=[#6]1-[#16]-[#6](=[#6H])-[#6](=[#8])-[#7]-1-[#6]-[#7](-[#0:1])-[#0:2],11
C=COCOC[O][R],[#6H]=[#6]-[#8]-[#6H2]-[#8]-[#6H2]-[#8]-[#0:1],11
C=CC=NO,[#6H2]=[#6]-[#6H]=[#7]-[#8],11
C=CC([O][R])[O][R],[#0:1]-[#8]-[#6H](-[#6]=[#6H])-[#8]-[#0:2],11
O=C([O][R])[N]([R])C[N]([R])C(=O)[O][R],[#0:1]-[#7](-[#6](=[#8])-[#8]-[#0:2])-[#6H2]-[#7](-[#6](=[#8])-[#8]-[#0:3])-[#0:4],11
O=C(C=C[N]([R])C(=S)[N]([R])[R])[O][R],[#6H](=[#6H]-[#6](=[#8])-[#8]-[#0:1])-[#7](-[#6](-[#7](-[#0:2])-[#0:3])=[#16])-[#0:4],11
C=C1C(=O)C=CC1=O,[#6H]=[#6]1-[#6](=[#8])-[#6]=[#6]-[#6]-1=[#8],11
O=P([O-])([O][R])[O][R],[#0:1]-[#8]-[#15](=[#8])(-[#8-])-[#8]-[#0:2],11
O=S(=O)([O][R])[N]([R])[R],[#0:1]-[#7](-[#0:2])-[#16](=[#8])(=[#8])-[#8]-[#0:3],11
[R][N+]([R])=[Car],[#0:1]=[#7+](-[#0:2])-[#0:3],10
O=C(C=NO)[N]([R])[R],[#0:1]-[#7](-[#6](=[#8])/[#6H]=[#7]\[#8])-[#0:2],10
C=CC=N[O][R],[#6H2]=[#6]/[#6H]=[#7]/[#8]-[#0:1],10
O=[C]1[R][N](C(=O)[N]([R])[R])C[N]1[R],[#0:1]-[#7](-[#6](=[#8])-[#7]1-[#0:2]-[#6](=[#8])-[#7](-[#0:3])-[#6]-1)-[#0:4],10
O=C1C=CC(=O)C=C1,[#8]=[#6]1-[#6]=[#6]-[#6](=[#8])-[#6H]=[#6]-1,10
C=CCl,[#6H]=[#6H]-[#17],10
O=P([O][R])([O][R])[O][R],[#0:1]-[#8]-[#15](=[#8])(-[#8]-[#0:2])-[#8]-[#0:3],10
O=[S](=O)([R])[N]([R])C(=[N][R])[N]([R])[R],[#0:1]-[#16](=[#8])(=[#8])-[#7](-[#0:2])-[#6](=[#7]-[#0:3])-[#7](-[#0:4])-[#0:5],10
O=C1SC([N]([R])[R])C(=O)[N]1[R],[#0:1]-[#7]1-[#6](=[#8])-[#16]-[#6](-[#7](-[#0:2])-[#0:3])-[#6]-1=[#8],10
C=C1C(=O)[N]([R])C(=O)[N]1[R],[#0:1]-[#7]1-[#6](=[#8])-[#7](-[#6](=[#6H])-[#6]-1=[#8])-[#0:2],10
O=[C]1[R][N]([S](=O)(=O)[R])C=C[N]1[R],[#0:1]-[#16](=[#8])(=[#8])-[#7]1-[#6]=[#6]-[#7](-[#0:2])-[#6](=[#8])-[#0:3]-1,10
O=C([N]([R])[R])[N]([R])[N]([R])[R],[#0:1]-[#7](-[#6](=[#8])-[#7](-[#0:2])-[#7](-[#0:3])-[#0:5])-[#0:4],10
C=CC=C[NH][R],[#6H]=[#6]-[#6]=[#6]-[#7]-[#0:1],10
C=C(C#N)C(=O)[O][R],[#6H]=[#6](-[#6]#[#7])-[#6](=[#8])-[#8]-[#0:1],10
O=C(C=C([O][R])C(=O)[O][R])[O][R],[#0:1]-[#8]-[#6](=[#8])-[#6H]=[#6](-[#8]-[#0:2])-[#6](=[#8])-[#8]-[#0:3],10
O=[C]([R])C=COC=C[C](=O)[R],[#6H](=[#6H]-[#8]-[#6H]=[#6H]-[#6](=[#8])-[#0:2])-[#6](-[#0:1])=[#8],10
C=C(C(=O)[N]([R])[N]([R])[R])[N]([R])[C](=O)[R],[#6H]=[#6](-[#7](-[#6](=[#8])-[#0:1])-[#0:2])-[#6](=[#8])-[#7](-[#7](-[#0:4])-[#0:5])-[#0:3],10
[R][N]([R])[Nar+],[#7](-[#7+])(-[#0:1])-[#0:2],9
O=C(O)C(=O)[N]([R])[R],[#7](-[#6](=[#8])-[#6](=[#8])-[#8])(-[#0:1])-[#0:2],9
C=C(C(=O)O)[N]([R])[C](=O)[R],[#0:1]-[#6](=[#8])-[#7](-[#6](=[#6H])-[#6](=[#8])-[#8])-[#0:2],9
O=[C]([R])[N]([R])C=[N][R],[#0:1]-[#7]=[#6H]-[#7](-[#6](=[#8])-[#0:2])-[#0:3],9
O=[C]([R])OC[N]([R])[R],[#8]=[#6](-[#8]-[#6H2]-[#7](-[#0:1])-[#0:3])-[#0:2],9
S=C([N]([R])[R])[N]([R])C=[N][R],[#0:1]-[#7](-[#6](=[#16])-[#7](/[#6H]=[#7]/[#0:2])-[#0:4])-[#0:3],9
O=[C]([R])[N]([R])C[S](=O)(=O)[R],[#0:2]-[#7](-[#6](=[#8])-[#0:3])-[#6H2]-[#16](=[#8])(=[#8])-[#0:1],9
C=C(O)[C](=O)[R],[#0:1]-[#6](=[#8])-[#6](-[#8])=[#6H2],9
N#C[N]([R])C(=[N][R])[N]([R])[R],[#0:1]-[#7]=[#6](-[#7](-[#6]#[#7])-[#0:3])-[#7](-[#0:2])-[#0:4],9
C=CC1=CC(=O)[N]([R])C1=C,[#6H]=[#6]1-[#7](-[#6](=[#8])-[#6H]=[#6]-1-[#6]=[#6])-[#0:1],9
O=[C]([R])[N]([R])[N]([R])C(=O)[O][R],[#0:1]-[#6](=[#8])-[#7](-[#7](-[#6](=[#8])-[#8]-[#0:2])-[#0:4])-[#0:3],9
O=C(C(=C[S](=O)(=O)[R])[O][R])[N]([R])[R],[#0:1]-[#7](-[#6](=[#8])-[#6](=[#6H]-[#16](=[#8])(=[#8])-[#0:2])-[#8]-[#0:3])-[#0:4],9
O=C(c1ccc[n]([R])c1=N[S](=O)(=O)[R])[N]([R])[R],[#0:1]-[#7](-[#0:2])-[#6](=[#8])-[#6]1=[#6]-[#6]=[#6]-[#7](-[#0:3])-[#6]-1=[#7]-[#16](-[#0:4])(=[#8])=[#8],9
C=C(Cl)Cl,[#6H]=[#6](-[#17])-[#17],9
O=[C]1C=C([N]([R])[R])[N]([N]([R])[C](=O)[R])[R]1,[#6H]1=[#6](-[#7](-[#0:3])-[#0:4])-[#7](-[#7](-[#6](=[#8])-[#0:1])-[#0:5])-[#0:2]-[#6]-1=[#8],9
C=N[S](=O)(=O)[R],[#0:1]-[#16](=[#8])(=[#8])-[#7]=[#6H],9
C=[N+]([R])[R],[#0:1]-[#7+](=[#6H])-[#0:2],8
[O-][Car],[#0:1]-[#8-],8
C=CC=CC=CC=C,[#6H](=[#6]-[#6]=[#6H2])-[#6H]=[#6]-[#6]=[#6H],8
O=[N+]([O-])[O][R],[#8]=[#7+](-[#8-])-[#8]-[#0:1],8
O=C1C(=N[N]([R])[R])C=N[N]1[R],[#6H]1=[#7]-[#7](-[#6](=[#8])-[#6]-1=[#7]-[#7](-[#0:1])-[#0:3])-[#0:2],8
O=[C]([R])OCO,[#8]=[#6](-[#8]-[#6H]-[#8])-[#0:1],8
O=[C]1[R][N]([R])C(=S)[N]1[R],[#0:1]-[#7]1-[#6](=[#16])-[#7](-[#0:2])-[#6](=[#8])-[#0:3]-1,8
O=C([O][R])C(=O)[N]([R])[R],[#0:1]-[#7](-[#6](=[#8])-[#6](=[#8])-[#8]-[#0:2])-[#0:3],8
N#CN=C([N]([R])[R])[N]([R])[R],[#0:1]-[#7](/[#6](=[#7]\[#6]#[#7])-[#7](-[#0:2])-[#0:4])-[#0:3],8
[R][N]([R])C=CC=[N+]([R])[R],[#0:1]-[#7](-[#0:2])/[#6H]=[#6]/[#6]=[#7+](-[#0:3])-[#0:4],8
O=C([O][R])C(=C[N]([R])[R])C(=O)[O][R],[#0:1]-[#8]-[#6](=[#8])-[#6](=[#6]-[#7](-[#0:2])-[#0:4])-[#6](=[#8])-[#8]-[#0:3],8
N#C[S][R],[#0:1]-[#16]-[#6]#[#7],8
O=C(C=C[S][R])[N]([R])[R],[#8]=[#6](/[#6]=[#6]/[#16]-[#0:1])-[#7](-[#0:2])-[#0:3],8
O=[S](O)[R],[#8]=[#16](-[#8])-[#0:1],8
[R][N]([R])C=[N][Nar],[#0:1]-[#7](-[#6H]=[#7]-[#7])-[#0:2],8
O=[C]1[R][O]C[N]1[R],[#0:1]1-[#8]-[#6H2]-[#7](-[#6]-1=[#8])-[#0:2],8
C=CC(=O)[N](O)[R],[#6H]=[#6]-[#6](=[#8])-[#7](-[#8])-[#0:1],8
O=S1(=O)N=CC=C[N]1[R],[#6H]1=[#7]-[#16](=[#8])(=[#8])-[#7](-[#6H]=[#6H]-1)-[#0:1],8
O=C(C=N[N]([R])C(=O)[N]([R])[R])[N]([R])[R],[#0:1]-[#7](-[#0:2])-[#6](=[#8])/[#6H]=[#7]\[#7](-[#6](-[#7](-[#0:4])-[#0:5])=[#8])-[#0:3],8
O=C([N]([R])[R])[N]([R])[N](O)[R],[#0:1]-[#7](-[#6](=[#8])-[#7](-[#0:2])-[#0:4])-[#7](-[#0:3])-[#8],8
C=CC(=[N][R])[N]([R])[R],[#6H]=[#6]-[#6](=[#7]-[#0:1])-[#7](-[#0:2])-[#0:3],8
C=N[N]([R])C(=O)C(=C)[N]([R])[C](=O)[R],[#6H]=[#7]-[#7](-[#6](=[#8])-[#6](=[#6H])-[#7](-[#6](=[#8])-[#0:1])-[#0:3])-[#0:2],8
O=C(C=CN=CC=C(O)[O][R])[O][R],[#0:1]-[#8]/[#6](-[#8])=[#6H]\[#6H]=[#7]-[#6H]=[#6H]-[#6](=[#8])-[#8]-[#0:2],8
[Na][O][R],[#0:1]-[#8]-[Na],7
O=C(O)C(=C[S][R])[N]([R])[C](=O)[R],[#0:1]-[#6](=[#8])-[#7](-[#6](-[#6](=[#8])-[#8])=[#6H]-[#16]-[#0:2])-[#0:3],7
O=CC=CC(=O)O,[#6H](-[#6]=[#8])=[#6]-[#6](=[#8])-[#8],7
O=[C]([R])[N]([R])[N]([R])C=[N][R],[#7](=[#6H]-[#7](-[#0:1])-[#7](-[#6](=[#8])-[#0:2])-[#0:4])-[#0:3],7
S=C([S][R])[N]([R])[R],[#0:1]-[#16]-[#6](=[#16])-[#7](-[#0:2])-[#0:3],7
C=CC=[N][R],[#6](=[#6H])/[#6]=[#7]/[#0:1],7
C#C[N]([R])[S](=O)(=O)[R],[#6]#[#6]-[#7](-[#0:1])-[#16](=[#8])(=[#8])-[#0:2],7
O=C(O)C(=O)[O][R],[#0:1]-[#8]-[#6](=[#8])-[#6](=[#8])-[#8],7
C=C1C=CC(=[N+]([R])[R])C=C1,[#6H2]=[#6]1-[#6]=[#6]-[#6](=[#7+](-[#0:1])-[#0:2])-[#6]=[#6]-1,7
C=CC=CC=C[C](=O)[R],[#6H](=[#6]-[#6](=[#8])-[#0:1])-[#6H]=[#6H]-[#6]=[#6H],7
C=C([O][R])C(=O)[N]([R])[R],[#0:1]-[#7](-[#6](=[#8])-[#6](=[#6H])-[#8]-[#0:2])-[#0:3],7
O=[C]1[R][N]([R])S(=O)(=O)[N]1[R],[#0:1]1-[#6](=[#8])-[#7](-[#0:2])-[#16](=[#8])(=[#8])-[#7]-1-[#0:3],7
O=S(=O)(N=[S](=O)([R])[R])[N]([R])[R],[#0:1]-[#16](=[#8])(=[#7]-[#16](=[#8])(=[#8])-[#7](-[#0:2])-[#0:3])-[#0:4],7
O=C([O][R])C(O)=CO,[#0:1]-[#8]-[#6](=[#8])-[#6](-[#8])=[#6H]-[#8],7
C#CC=C,[#6H]=[#6]-[#6]#[#6H],7
O=[S](=O)(Cl)[R],[#8]=[#16](=[#8])(-[#17])-[#0:1],7
O=[C]([R])C=C[N]([R])C(=O)[N]([R])[R],[#0:1]-[#6](=[#8])-[#6H]=[#6H]-[#7](-[#0:2])-[#6](=[#8])-[#7](-[#0:3])-[#0:4],7
O=[C]([R])C([N]([R])[R])[N]([R])[C](=O)[R],[#0:1]-[#6](=[#8])-[#7](-[#6](-[#6](=[#8])-[#0:2])-[#7](-[#0:3])-[#0:4])-[#0:5],7
O=C([O][R])[N]([R])[N]([R])[R],[#0:1]-[#7](-[#7](-[#6](=[#8])-[#8]-[#0:2])-[#0:4])-[#0:3],7
O=[C]1[R][N]=C[N]1[R],[#0:1]1-[#7]=[#6H]-[#7](-[#6]-1=[#8])-[#0:2],7
O=[C]1[R][N]=C([N]([R])[R])[N]1[R],[#0:1]1-[#7]=[#6](-[#7](-[#0:2])-[#0:3])-[#7](-[#6]-1=[#8])-[#0:4],7
O=C([N]([R])[R])[N]([R])C=[N][R],[#0:2]-[#7](-[#6](=[#8])-[#7](-[#0:3])-[#0:4])-[#6H]=[#7]-[#0:1],7
O=C(C(=C[O][R])[S][R])[N]([R])[R],[#6H](=[#6](-[#6](=[#8])-[#7](-[#0:1])-[#0:4])-[#16]-[#0:2])-[#8]-[#0:3],7
O=C(C=CC(=O)[N]([R])[R])[O][R],[#6H](=[#6H]-[#6](=[#8])-[#7](-[#0:1])-[#0:3])-[#6](-[#8]-[#0:2])=[#8],7
C=C1C=N[N]([R])C1=O,[#6H]1=[#7]-[#7](-[#0:1])-[#6](=[#8])-[#6]-1=[#6H],7
F[S](F)(F)(F)(F)[R],[#0:1]-[#16](-[#9])(-[#9])(-[#9])(-[#9])-[#9],7
O=[C]1N=C([N]([R])[R])[N]([R])[R]1,[#0:1]-[#7]1-[#0:2]-[#6](=[#8])-[#7]=[#6]-1-[#7](-[#0:3])-[#0:4],7
O=[N+]([O-])C=C[N]([R])[R],[#0:1]-[#7](-[#6H]=[#6H]-[#7+](=[#8])-[#8-])-[#0:2],7
O=[C]1[R][N]([S](=O)(=O)[R])C[N]1[R],[#0:1]-[#16](=[#8])(=[#8])-[#7]1-[#0:2]-[#6](=[#8])-[#7](-[#0:3])-[#6H2]-1,7
O[N]=[Car],[#0:1]=[#7]-[#8],7
C=NC[N](O)[R],[#6H2]=[#7]-[#6H]-[#7](-[#8])-[#0:1],7
O=[C]([R])C([O][R])[N]([R])[C](=O)[R],[#0:1]-[#6](=[#8])-[#7](-[#6H](-[#8]-[#0:2])-[#6](=[#8])-[#0:3])-[#0:4],7
O=[N+]([O-])C=C([N]([R])[R])[N]([R])[R],[#0:1]-[#7](/[#6](=[#6]/[#7+](=[#8])-[#8-])-[#7](-[#0:2])-[#0:4])-[#0:3],7
O=N[N]([R])C(=O)[N]([R])[R],[#8]=[#7]-[#7](-[#0:1])-[#6](=[#8])-[#7](-[#0:2])-[#0:3],7
O=S(=O)(O)[N]([R])[R],[#0:1]-[#7](-[#0:2])-[#16](=[#8])(=[#8])-[#8],6
O=S(=O)([O][Na])[O][R],[#0:1]-[#8]-[#16](=[#8])(=[#8])-[#8]-[Na],6
O=P([O][R])([O][R])[N]([R])[R],[#0:1]-[#7](-[#15](=[#8])(-[#8]-[#0:2])-[#8]-[#0:3])-[#0:4],6
O=C1[S][R][C](=O)N1C[N]([R])[R],[#8]=[#6]1-[#0:1]-[#16]-[#6](=[#8])-[#7]-1-[#6]-[#7](-[#0:2])-[#0:3],6
C=COC[O][R],[#0:1]-[#8]-[#6H2]-[#8]-[#6H]=[#6H],6
[R][N]1CC1,[#0:1]-[#7]1-[#6]-[#6]-1,6
O=C(C=C[N]([R])[C](=O)[R])[N]([R])[R],[#0:1]-[#6](=[#8])-[#7](-[#6H]=[#6H]-[#6](=[#8])-[#7](-[#0:2])-[#0:3])-[#0:4],6
O=[S](=O)(F)[R],[#0:1]-[#16](=[#8])(=[#8])-[#9],6
[R][N]=C([N]([R])[R])[N]([R])[N]([R])[R],[#7](=[#6](-[#7](-[#0:3])-[#0:4])-[#7](-[#7](-[#0:1])-[#0:6])-[#0:5])-[#0:2],6
O=[C]([R])C=CC(=O)[O][R],[#0:2]-[#6](=[#8])-[#6]=[#6]-[#6](=[#8])-[#8]-[#0:1],6
C#CC([O][R])([O][R])[O][R],[#6H]#[#6]-[#6](-[#8]-[#0:1])(-[#8]-[#0:2])-[#8]-[#0:3],6
O=C1C=NC[N]1[R],[#0:1]-[#7]1-[#6](=[#8])-[#6H]=[#7]-[#6H2]-1,6
OC(=[N][R])[O][R],[#0:1]-[#8]-[#6](-[#8])=[#7]-[#0:2],6
O=C(C([N]([R])[R])[N]([R])[C](=O)[R])[N]([R])[R],[#6H](-[#7](-[#0:2])-[#0:5])(-[#7](-[#6](-[#0:3])=[#8])-[#0:4])-[#6](=[#8])-[#7](-[#0:1])-[#0:6],6
O=[C]1N=C([S][R])[N]([R])[C](=O)[R]1,[#0:1]-[#7]1-[#6](=[#8])-[#0:2]-[#6](=[#8])-[#7]=[#6]-1-[#16]-[#0:3],6
O=C([N]([R])[R])[N]([R])C(=O)[N]([R])[S](=O)(=O)[R],[#0:1]-[#7](-[#6](=[#8])-[#7](-[#6](=[#8])-[#7](-[#0:2])-[#0:5])-[#0:4])-[#16](-[#0:3])(=[#8])=[#8],6
S=C1SC[N]([R])C[N]1[R],[#0:1]-[#7]1-[#6]-[#16]-[#6](=[#16])-[#7](-[#0:2])-[#6]-1,6
O=C([N]([R])[R])[N]([R])C(=[N][R])[S][R],[#0:1]-[#7](-[#6](=[#8])-[#7](-[#0:2])-[#0:5])-[#6](=[#7]-[#0:3])-[#16]-[#0:4],6
O=C1[O][R][C](=O)[N]1[R],[#0:1]-[#7]1-[#6](=[#8])-[#8]-[#0:2]-[#6]-1=[#8],6
O=C(C(=CO)[N]([R])[S](=O)(=O)[R])[N]([R])[R],[#0:1]-[#7](-[#6](=[#8])-[#6](=[#6H]-[#8])-[#7](-[#16](-[#0:2])(=[#8])=[#8])-[#0:3])-[#0:4],6
O=C1OCOC(=O)C1=C[N]([R])[R],[#0:1]-[#7](-[#6]=[#6]1-[#6](=[#8])-[#8]-[#6H2]-[#8]-[#6]-1=[#8])-[#0:2],6
[R][O][O][R],[#0:1]-[#8]-[#8]-[#0:2],6
O=C(C=N[N]([R])[R])[O][R],[#0:1]-[#8]-[#6](=[#8])/[#6H]=[#7]/[#7](-[#0:2])-[#0:3],6
O=C(C=CN=C([S][R])[N]([R])[C](=O)[R])[O][R],[#0:1]-[#8]-[#6](=[#8])-[#6H]=[#6H]-[#7]=[#6](-[#16]-[#0:2])-[#7](-[#6](-[#0:3])=[#8])-[#0:4],6
C#CC([O][R])[O][R],[#0:1]-[#8]-[#6](-[#6]#[#6H])-[#8]-[#0:2],6
C=C(C#N)P(=O)([O][R])[O][R],[#0:1]-[#8]-[#15](=[#8])(-[#8]-[#0:2])-[#6](-[#6]#[#7])=[#6H],6
S=P([O][R])([O][R])[O][R],[#0:1]-[#8]-[#15](=[#16])(-[#8]-[#0:2])-[#8]-[#0:3],6
ClC=C(Cl)Cl,[#6H](-[#17])=[#6](-[#17])-[#17],6
O=C(C([O][R])[O][R])[N]([R])[R],[#0:1]-[#7](-[#6](=[#8])-[#6H](-[#8]-[#0:2])-[#8]-[#0:3])-[#0:4],6
C=NC(C(=O)[N]([R])[R])[N]([R])C(=O)[N]([R])[R],[#0:1]-[#7](-[#6](=[#8])-[#7](-[#6H](-[#7]=[#6H2])-[#6](-[#7](-[#0:2])-[#0:3])=[#8])-[#0:5])-[#0:4],6
C=C1C(=O)[N]([R])C=C1C(=O)[O][R],[#0:1]-[#8]-[#6](=[#8])-[#6]1=[#6H]-[#7](-[#0:2])-[#6](=[#8])-[#6]-1=[#6H],6
O=C(C=C(C=NO)[N]([R])[R])[N]([R])[R],[#8]=[#6](-[#7](-[#0:1])-[#0:3])-[#6H]=[#6](-[#7](-[#0:2])-[#0:4])-[#6H]=[#7]-[#8],6
C=N[N]1[R][C](=O)[N]([R])C1=O,[#8]=[#6]1-[#0:1]-[#7](-[#7]=[#6H])-[#6](=[#8])-[#7]-1-[#0:2],6
[R][O]CO[Si]([R])([R])[R],[#0:1]-[Si](-[#0:2])(-[#0:3])-[#8]-[#6H2]-[#8]-[#0:4],5
[R][B]([R])[R],[#0:1]-[#5](-[#0:2])-[#0:3],5
O=P(O)([O][R])OP(=O)(O)[O][R],[#0:1]-[#8]-[#15](=[#8])(-[#8])-[#8]-[#15](=[#8])(-[#8])-[#8]-[#0:2],5
O=P([O-])([O][R])OP(=O)(O)[O][R],[#0:1]-[#8]-[#15](=[#8])(-[#8])-[#8]-[#15](=[#8])(-[#8-])-[#8]-[#0:2],5
C=C([O][R])C(=O)O,[#8]=[#6](-[#8])-[#6](=[#6H])-[#8]-[#0:1],5
[Sb-],[#0],5
F[B-](F)(F)[R],[#9]-[#5-](-[#9])(-[#9])-[#0:1],5
O=[C]([R])C=C1C=CC=N[N]1[R],[#0:1]-[#7]1-[#7]=[#6H]-[#6]=[#6]/[#6]-1=[#6]\[#6](=[#8])-[#0:2],5
[N-]=[N+]=CC(=O)[O][R],[#6H](=[#7+]=[#7-])-[#6](=[#8])-[#8]-[#0:1],5
O=C(C=CO)[O][R],[#0:1]-[#8]-[#6](=[#8])/[#6]=[#6H]\[#8],5
O=C([O][R])[N]([R])CO,[#6H2](-[#8])-[#7](-[#6](=[#8])-[#8]-[#0:1])-[#0:2],5
O=[C]([R])C=NC(C(=O)[N]([R])[R])[N]([R])[R],[#6H](-[#6](=[#8])-[#7](-[#0:1])-[#0:4])(-[#7]=[#6H]-[#6](=[#8])-[#0:2])-[#7](-[#0:3])-[#0:5],5
C=C[N]([R])[N]([R])[R],[#6H2]=[#6H]-[#7](-[#7](-[#0:1])-[#0:2])-[#0:3],5
O=[C]([R])OC=C[O][R],[#0:1]-[#6](=[#8])-[#8]-[#6H]=[#6]-[#8]-[#0:2],5
N#CC(=CO)C(=O)[N]([R])[R],[#6H](-[#8])=[#6](-[#6]#[#7])-[#6](=[#8])-[#7](-[#0:1])-[#0:2],5
C=CC=CC(=O)C=C,[#6H](=[#6H])-[#6](=[#8])/[#6]=[#6]/[#6]=[#6H],5
O=[C]([R])C=NO,[#0:1]-[#6](=[#8])/[#6H]=[#7]/[#8],5
C=CO,[#6]=[#6H]-[#8],5
C=CC=C(C(=O)O)N(C[S][R])[C](=O)[R],[#6H]=[#6]-[#6H]=[#6](-[#6](=[#8])-[#8])-[#7](-[#6](=[#8])-[#0:1])-[#6H2]-[#16]-[#0:2],5
[R][N]=CC=[N][R],[#0:1]-[#7]=[#6H]-[#6H]=[#7]-[#0:2],5
C=C[N]([R])[N]([R])[C](=O)[R],[#6]=[#6H]-[#7](-[#7](-[#6](=[#8])-[#0:1])-[#0:3])-[#0:2],5
C=C[S][R],[#6]=[#6H]-[#16]-[#0:1],5
C=CC1=CC(=C)[N]([R])C1=O,[#6]=[#6]-[#6]1=[#6H]-[#6](=[#6H])-[#7](-[#6]-1=[#8])-[#0:1],5
O=[C]([R])C(Cl)=C([C](=O)[R])[N]([R])[R],[#0:1]-[#7](-[#6](=[#6](-[#17])-[#6](=[#8])-[#0:2])-[#6](-[#0:3])=[#8])-[#0:4],5
O=C([O][R])[N]([R])[N]([R])C(=O)[O][R],[#0:1]-[#8]-[#6](=[#8])-[#7](-[#7](-[#6](=[#8])-[#8]-[#0:2])-[#0:3])-[#0:4],5
O=C[N]([R])C[S](=O)(=O)[R],[#0:1]-[#16](=[#8])(=[#8])-[#6H]-[#7](-[#6]=[#8])-[#0:2],5
O=[C]([R])O[N]([R])[R],[#0:1]-[#7](-[#8]-[#6](=[#8])-[#0:2])-[#0:3],5
C#C[C](=O)[R],[#0:1]-[#6](=[#8])-[#6]#[#6H],5
[R][O]C([O][R])C([O][R])[O][R],[#0:1]-[#8]-[#6](-[#8]-[#0:2])-[#6](-[#8]-[#0:3])-[#8]-[#0:4],5
[R][N]=C[N]([R])[N]([R])[R],[#0:1]-[#7](-[#7](-[#6H]=[#7]-[#0:2])-[#0:4])-[#0:3],5
O=[C]1C=CO[C](=O)[R]1,[#0:1]1-[#6](=[#8])-[#6]=[#6H]-[#8]-[#6]-1=[#8],5
O=C(C([N]([R])[R])[N]([R])[S](=O)(=O)[R])[N]([R])[R],[#0:1]-[#7](-[#6](=[#8])-[#6](-[#7](-[#0:2])-[#0:5])-[#7](-[#16](-[#0:3])(=[#8])=[#8])-[#0:6])-[#0:4],5
C=C([C](=O)[R])[N]([R])[R],[#6H]=[#6](-[#6](=[#8])-[#0:1])-[#7](-[#0:2])-[#0:3],5
C=C(C(=O)[O-])N(C[S][R])[C](=O)[R],[#0:1]-[#6](=[#8])-[#7](-[#6](-[#6](=[#8])-[#8-])=[#6H2])-[#6H2]-[#16]-[#0:2],5
O=C(C(=N[N]([R])[R])[S](=O)(=O)[R])[N]([R])[R],[#0:1]-[#7](-[#7]=[#6](-[#6](=[#8])-[#7](-[#0:2])-[#0:3])-[#16](=[#8])(=[#8])-[#0:4])-[#0:5],5
O=[S](=O)([R])[N]([R])C1=NC[N]([R])C[N]1[R],[#0:1]-[#16](=[#8])(=[#8])-[#7](-[#6]1=[#7]-[#6]-[#7](-[#0:2])-[#6]-[#7]-1-[#0:4])-[#0:3],5
O=C(C=CC(=O)[O][R])[O][R],[#0:1]-[#8]-[#6](=[#8])-[#6H]=[#6H]-[#6](=[#8])-[#8]-[#0:2],5
O=[S]([R])[O][R],[#0:1]-[#8]-[#16](-[#0:2])=[#8],5
O=C1C(=C[N]([R])[R])C(=O)[N]([R])C(=O)[N]1[R],[#6H](-[#7](-[#0:1])-[#0:2])=[#6]1-[#6](=[#8])-[#7](-[#6](=[#8])-[#7](-[#6]-1=[#8])-[#0:4])-[#0:3],5
C=NN1[C](=O)[R][N]([R])C1=O,[#0:1]1-[#7](-[#6](=[#8])-[#7](-[#7]=[#6H])-[#6]-1=[#8])-[#0:2],5
C=C[N]([R])C(=S)[N]([R])[R],[#6H](=[#6H])-[#7](-[#6](-[#7](-[#0:1])-[#0:3])=[#16])-[#0:2],5
O=[S](=O)([R])N=C([N]([R])[R])[N]([R])[R],[#0:1]-[#7](-[#6](=[#7]-[#16](=[#8])(=[#8])-[#0:2])-[#7](-[#0:3])-[#0:5])-[#0:4],5
O=C([N]([R])[R])[N]([R])C[N]([R])[R],[#0:1]-[#7](-[#6H]-[#7](-[#6](=[#8])-[#7](-[#0:2])-[#0:5])-[#0:4])-[#0:3],5
O=[S](=O)([R])C[N]([R])[R],[#0:1]-[#16](=[#8])(=[#8])-[#6H]-[#7](-[#0:2])-[#0:3],5
O=[S]([R])O[N]([R])[R],[#0:1]-[#16](=[#8])-[#8]-[#7](-[#0:2])-[#0:3],5
C=C1C(=O)[N]([R])[N]([R])C1=O,[#0:1]-[#7]1-[#7](-[#6](=[#8])-[#6](=[#6H])-[#6]-1=[#8])-[#0:2],5
O=[S](=O)([R])[N]([R])C(=[N][R])[S][R],[#0:1]-[#16](=[#8])(=[#8])-[#7](-[#0:2])-[#6](-[#16]-[#0:3])=[#7]-[#0:4],5
O=[C]1C=C([N]([R])[C](=O)[R])[N]([R])[R]1,[#0:2]-[#6](=[#8])-[#7](-[#6]1=[#6H]-[#6](=[#8])-[#0:3]-[#7]-1-[#0:1])-[#0:4],5
C=C1C(=O)[N]([R])C(=S)[N]([R])C1=O,[#0:1]-[#7]1-[#6](=[#8])-[#6](=[#6H])-[#6](=[#8])-[#7](-[#6]-1=[#16])-[#0:2],5
O=[S](=O)([Nar])[N]([R])[R],[#7]-[#16](=[#8])(=[#8])-[#7](-[#0:1])-[#0:2],5
N#CC([C](=O)[R])=C([N]([R])[R])[N]([R])[R],[#0:1]-[#6](=[#8])-[#6](-[#6]#[#7])=[#6](-[#7](-[#0:2])-[#0:4])-[#7](-[#0:3])-[#0:5],5
[Sear],[#0],5
C=C1C=CC=N1,[#6H]1=[#7]-[#6](=[#6H])-[#6H]=[#6H]-1,5
C=C([C](=O)[R])[C](=O)[R],[#6H]=[#6](-[#6](-[#0:1])=[#8])-[#6](-[#0:2])=[#8],5
O=[C]1[R][C](=O)[N]([R])[N]1[R],[#0:1]1-[#6](=[#8])-[#7](-[#0:2])-[#7](-[#0:3])-[#6]-1=[#8],5
O=C([O][R])[N]([R])C=[N][R],[#0:1]-[#8]-[#6](=[#8])-[#7](-[#6H]=[#7]-[#0:3])-[#0:2],5
O=N[N]([R])[R],[#0:1]-[#7](-[#0:2])-[#7]=[#8],5
O=C(C=C1SC(=S)[N]([R])C1=O)[N]([R])[R],[#0:1]-[#7]1-[#6](=[#8])/[#6](=[#6H]/[#6](=[#8])-[#7](-[#0:2])-[#0:3])-[#16]-[#6]-1=[#16],5
C=C([O][R])C(=O)[O][R],[#0:1]-[#8]-[#6](=[#8])-[#6](=[#6H])-[#8]-[#0:2],5
C=N[N]([R])C[O][R],[#6H2](-[#8]-[#0:1])-[#7](-[#7]=[#6H2])-[#0:2],5
C=C(C(=O)[O][R])[N]([R])[C](=O)[R],[#0:1]-[#8]-[#6](=[#8])-[#6](=[#6H])-[#7](-[#6](=[#8])-[#0:2])-[#0:3],5
O=[C]([R])C(=N[N]([R])[R])C(=O)[O][R],[#0:1]-[#8]-[#6](=[#8])/[#6](=[#7]/[#7](-[#0:2])-[#0:4])-[#6](-[#0:3])=[#8],5
N#CC(C(=O)[O][R])=C1C=CC=N[N]1[R],[#0:1]-[#8]-[#6](=[#8])/[#6](-[#6]#[#7])=[#6]1/[#6]=[#6]-[#6H]=[#7]-[#7]-1-[#0:2],5
O=C([O][R])C(=N[N]([R])[R])[N]([R])[R],[#0:1]-[#8]-[#6](=[#8])-[#6](=[#7]-[#7](-[#0:2])-[#0:5])-[#7](-[#0:3])-[#0:4],5
O=[C]([R])C=COC(=CC(=O)[O][R])[N]([R])[R],[#0:1]-[#8]-[#6](=[#8])-[#6H]=[#6](-[#7](-[#0:3])-[#0:4])-[#8]-[#6H]=[#6H]-[#6](=[#8])-[#0:2],5
[R][N]([R])C=N[N]([R])[R],[#0:1]-[#7](-[#7]=[#6H]-[#7](-[#0:2])-[#0:4])-[#0:3],5
O=[C]([R])N([C](=O)[R])[N]([R])[R],[#8]=[#6](-[#0:1])-[#7](-[#6](-[#0:2])=[#8])-[#7](-[#0:3])-[#0:4],5
C=C(C(=O)[N]([R])[R])[N]([R])[R],[#7](-[#6](=[#8])-[#6](-[#7](-[#0:3])-[#0:4])=[#6H2])(-[#0:1])-[#0:2],5
O=C([N]([R])[R])[N]([R])OC[O][R],[#0:1]-[#7](-[#6](=[#8])-[#7](-[#8]-[#6H2]-[#8]-[#0:2])-[#0:4])-[#0:3],5
O=[C]([R])N(C[S][R])[C](=O)[R],[#0:1]-[#16]-[#6]-[#7](-[#6](=[#8])-[#0:2])-[#6](-[#0:3])=[#8],5
C=CC(=O)[N]([R])[C](=O)[R],[#6H]=[#6H]-[#6](=[#8])-[#7](-[#0:1])-[#6](=[#8])-[#0:2],5
OCOC[O][R],[#0:1]-[#8]-[#6H2]-[#8]-[#6H2]-[#8],5
O=C(C(Cl)=C(Cl)[S](=O)[R])[N]([R])[R],[#0:1]-[#16](=[#8])/[#6](-[#17])=[#6](/[#17])-[#6](=[#8])-[#7](-[#0:2])-[#0:3],5
O=[C]([R])[N]([R])S(=O)(=O)[O][R],[#0:1]-[#6](=[#8])-[#7](-[#16](=[#8])(=[#8])-[#8]-[#0:2])-[#0:3],5
O=[C]([R])C=C(O)[C](=O)[R],[#6H](=[#6](-[#8])-[#6](=[#8])-[#0:1])-[#6](-[#0:2])=[#8],5
[R][N][Car],[#7](-[#0:1])-[#0:2],4
[R][I+][R],[#0:1]-[#53+]-[#0:2],4
[R][Fe][R],[#0:1]-[Fe]-[#0:2],4
C=CN(C=CC(=O)[N]([R])[R])C[O][R],[#7](-[#6](=[#8])-[#6H]=[#6]-[#7](-[#6H]-[#8]-[#0:1])-[#6]=[#6H])(-[#0:2])-[#0:3],4
O=P(O)(O)OP(=O)(O)[O][R],[#0:1]-[#8]-[#15](=[#8])(-[#8])-[#8]-[#15](=[#8])(-[#8])-[#8],4
O=C(C(=O)[N]([R])C(=O)[N]([R])[R])[N]([R])[R],[#0:1]-[#7](-[#0:2])-[#6](-[#6](-[#7](-[#0:3])-[#6](=[#8])-[#7](-[#0:4])-[#0:5])=[#8])=[#8],4
O=[C]([R])C(=N[N]([R])[R])[C](=O)[R],[#0:1]-[#6](=[#8])/[#6](=[#7]\[#7](-[#0:2])-[#0:4])-[#6](=[#8])-[#0:3],4
C=CC=[N][Nar],[#6](=[#6H])/[#6]=[#7]/[#7],4
O=C([O][R])[N]([R])[S](=O)(=O)[R],[#0:1]-[#8]-[#6](=[#8])-[#7](-[#16](=[#8])(=[#8])-[#0:2])-[#0:3],4
C#CC(=O)[O][R],[#6]#[#6]-[#6](=[#8])-[#8]-[#0:1],4
O=[S](=O)([R])C[S](=O)(=O)[R],[#8]=[#16](=[#8])(-[#0:1])-[#6H]-[#16](=[#8])(=[#8])-[#0:2],4
O=[C]([R])[O][K],[#0:1]-[#6](=[#8])-[#8]-[K],4
[Cl][Pt-2]([Cl])([Nar+])[Nar+],[#7+]-[Pt-2](-[#17])(-[#17])-[#7+],4
C=CC=CC(=O)[N]([R])C([C](=O)[R])=C1C=NC[N]1[R],[#6H]1=[#7]-[#6H2]-[#7](-[#6]-1=[#6](-[#7](-[#6](=[#8])/[#6H]=[#6]/[#6]=[#6H])-[#0:3])-[#6](=[#8])-[#0:1])-[#0:2],4
C=C(Cl)C=C[C](=O)[R],[#6H]=[#6](-[#17])-[#6H]=[#6]-[#6](=[#8])-[#0:1],4
O=[S](=O)([R])C(=C[N]([R])[R])[N]([R])[R],[#0:1]-[#7](-[#6](=[#6H]-[#7](-[#0:2])-[#0:5])-[#16](-[#0:3])(=[#8])=[#8])-[#0:4],4
C=CC=N[N]([R])C(=O)[N]([R])[R],[#6H]=[#6]/[#6H]=[#7]\[#7](-[#6](-[#7](-[#0:2])-[#0:3])=[#8])-[#0:1],4
O=[C]1[R][C](=O)[N]([R])C(=S)[N]1[R],[#0:1]1-[#6](=[#8])-[#7](-[#6](=[#16])-[#7](-[#6]-1=[#8])-[#0:3])-[#0:2],4
O=S(=O)(N=[S](=O)([R])[N]([R])[R])[N]([R])[R],[#0:1]-[#7](-[#0:2])-[#16](=[#8])(=[#8])-[#7]=[#16](=[#8])(-[#0:3])-[#7](-[#0:4])-[#0:5],4
C=C(C(=O)[N]([R])C(=C)C(=O)[N]([R])[R])[N]([R])[C](=O)[R],[#6]=[#6](-[#7](-[#6](=[#8])-[#6](=[#6])-[#7](-[#6](=[#8])-[#0:1])-[#0:3])-[#0:2])-[#6](-[#7](-[#0:4])-[#0:5])=[#8],4
C=C(C(=[N][R])[S][R])[N]([R])[C](=O)[R],[#0:2]-[#16]-[#6](=[#7]-[#0:1])-[#6](=[#6H])-[#7](-[#6](=[#8])-[#0:3])-[#0:4],4
C=CSC(=[N][R])[N]([R])[C](=O)[R],[#6]=[#6H]-[#16]/[#6](=[#7]/[#0:1])-[#7](-[#6](=[#8])-[#0:2])-[#0:3],4
[R][S]S[S][R],[#0:1]-[#16]-[#16]-[#16]-[#0:2],4
C=C[N]([R])C(=O)[N]([R])[R],[#6]=[#6]-[#7](-[#0:1])-[#6](-[#7](-[#0:2])-[#0:3])=[#8],4
C=CC(=O)[N]([R])C(=O)[O][R],[#6H2]=[#6H]-[#6](=[#8])-[#7](-[#6](=[#8])-[#8]-[#0:1])-[#0:2],4
O=[C]([R])N(O)[C](=O)[R],[#8]=[#6](-[#0:1])-[#7](-[#6](-[#0:2])=[#8])-[#8],4
[R][N]=[P]([R])([R])[R],[#0:1]-[#7]=[#15](-[#0:2])(-[#0:3])-[#0:4],4
O=[C]([R])N([O][R])[C](=O)[R],[#8]=[#6](-[#0:1])-[#7](-[#6](-[#0:2])=[#8])-[#8]-[#0:3],4
O=[C]([R])O[I]([R])O[C](=O)[R],[#8]=[#6](-[#8]-[#53](-[#8]-[#6](=[#8])-[#0:1])-[#0:2])-[#0:3],4
C=CC([S][R])[S][R],[#6H2]=[#6H]-[#6](-[#16]-[#0:1])-[#16]-[#0:2],4
[R][N]1CSCSC1,[#0:1]-[#7]1-[#6]-[#16]-[#6H]-[#16]-[#6]-1,4
O=C([N](O)[R])[N]([R])[R],[#0:1]-[#7](-[#8])-[#6](-[#7](-[#0:2])-[#0:3])=[#8],4
C=CC=N[N]([R])[S](=O)(=O)[R],[#6H](\[#6]=[#6H])=[#7]\[#7](-[#16](-[#0:1])(=[#8])=[#8])-[#0:2],4
O=[C]([R])[N]([R])C[N]([R])C(=O)[N]([R])[C](=O)[R],[#0:1]-[#6](=[#8])-[#7](-[#6]-[#7](-[#0:2])-[#6](-[#7](-[#6](-[#0:3])=[#8])-[#0:5])=[#8])-[#0:4],4
O=[C]1[R][N]([C](=O)[R])C=C[N]1[R],[#0:1]-[#6](=[#8])-[#7]1-[#6]=[#6]-[#7](-[#0:2])-[#6](=[#8])-[#0:3]-1,4
O=C1C([N]([R])[C](=O)[R])[N]([R])C(=O)[N]1[R],[#0:1]-[#6](=[#8])-[#7](-[#6H]1-[#7](-[#6](=[#8])-[#7](-[#0:2])-[#6]-1=[#8])-[#0:4])-[#0:3],4
O=[C]([R])OC[S][R],[#0:1]-[#16]-[#6H2]-[#8]-[#6](-[#0:2])=[#8],4
O=[C]([R])[N]([R])C(=O)[N]([R])C[N]([R])[S](=O)(=O)[R],[#0:1]-[#7](-[#6]-[#7](-[#0:2])-[#6](-[#7](-[#6](-[#0:3])=[#8])-[#0:5])=[#8])-[#16](=[#8])(=[#8])-[#0:4],4
O=C([N]=[Car])[N]([R])[R],[#0:1]=[#7]-[#6](-[#7](-[#0:2])-[#0:3])=[#8],4
N#CC(=C[N]([R])[R])[C](=O)[R],[#6H](-[#7](-[#0:2])-[#0:3])=[#6](-[#6]#[#7])-[#6](=[#8])-[#0:1],4
C=NC(C(=O)[N]([R])[R])[N]([R])[C](=O)[R],[#0:1]-[#6](=[#8])-[#7](-[#6](-[#7]=[#6H2])-[#6](-[#7](-[#0:2])-[#0:3])=[#8])-[#0:4],4
C=CC=C([O][R])[N]([R])[R],[#6H]=[#6]/[#6]=[#6](/[#8]-[#0:1])-[#7](-[#0:2])-[#0:3],4
O=[C]([R])C=C[N]([R])C(=S)[N]([R])[R],[#0:1]-[#6](=[#8])-[#6H]=[#6H]-[#7](-[#6](=[#16])-[#7](-[#0:2])-[#0:4])-[#0:3],4
[R][O]C=C[O][R],[#6H](=[#6]-[#8]-[#0:1])-[#8]-[#0:2],4
O=C(C=N[N]([R])[C](=O)[R])[O][R],[#0:1]-[#8]-[#6](=[#8])-[#6H]=[#7]-[#7](-[#0:2])-[#6](=[#8])-[#0:3],4
O=[S](=O)([R])[N]=[Car],[#0:1]=[#7]-[#16](=[#8])(=[#8])-[#0:2],4
N#CC=C[N]([R])C(=O)[N]([R])[R],[#6H](=[#6H]-[#6]#[#7])-[#7](-[#6](-[#7](-[#0:1])-[#0:2])=[#8])-[#0:3],4
O=C1C=CS(=O)(=O)[N]1[R],[#6H]1=[#6H]-[#16](=[#8])(=[#8])-[#7](-[#0:1])-[#6]-1=[#8],4
O=[C]([R])[N]([R])C=N[O][R],[#0:1]-[#6](=[#8])-[#7](-[#6H]=[#7]-[#8]-[#0:2])-[#0:3],4
O=[C]([R])[N]([R])C(=O)C=C[N]([R])[N]([R])[R],[#0:1]-[#7](-[#7](-[#6]=[#6H]-[#6](=[#8])-[#7](-[#6](=[#8])-[#0:2])-[#0:5])-[#0:4])-[#0:3],4
C=CC=C1C(=O)C=CC1=O,[#6H]=[#6]-[#6]=[#6]1-[#6](=[#8])-[#6]=[#6]-[#6]-1=[#8],4
O=C1SC([N]([R])[C](=O)[R])C(=O)[N]1[R],[#0:1]-[#6](=[#8])-[#7](-[#0:2])-[#6]1-[#16]-[#6](=[#8])-[#7](-[#0:3])-[#6]-1=[#8],4
O=S([O][R])[N]([R])[R],[#0:1]-[#8]-[#16](=[#8])-[#7](-[#0:2])-[#0:3],4
O=C([N]([R])[R])[N]([R])[N]([R])[S](=O)(=O)[R],[#0:1]-[#16](=[#8])(=[#8])-[#7](-[#7](-[#6](=[#8])-[#7](-[#0:2])-[#0:5])-[#0:4])-[#0:3],4
S=[C]([Nar])[N]([R])[R],[#7]-[#6](=[#16])-[#7](-[#0:1])-[#0:2],4
O=C([N]=[Car])[O][R],[#0:2]-[#8]-[#6](=[#8])-[#7]=[#0:1],4
O=[C]1[R][C](=O)[N]1[R],[#0:1]1-[#6](=[#8])-[#7](-[#0:2])-[#6]-1=[#8],4
O=C(C(=O)[N]([R])[N]([R])[C](=O)[R])[N]([R])[R],[#0:1]-[#7](-[#6](=[#8])-[#6](=[#8])-[#7](-[#7](-[#6](=[#8])-[#0:2])-[#0:5])-[#0:4])-[#0:3],4
O[N]([R])C=[N][R],[#0:1]/[#7]=[#6]/[#7](-[#8])-[#0:2],4
[R][N]=CC=C([S][R])[N]([R])[R],[#0:1]-[#7](/[#6](=[#6]/[#6]=[#7]/[#0:2])-[#16]-[#0:3])-[#0:4],4
O=C(O)C=CC(=O)[O][R],[#0:1]-[#8]-[#6](=[#8])/[#6]=[#6]/[#6](=[#8])-[#8],4
C=C(C(=O)[O][R])[N+](=O)[O-],[#0:1]-[#8]-[#6](=[#8])-[#6](=[#6H])-[#7+](=[#8])-[#8-],4
C=C([C](=O)[R])C(=O)[O][R],[#0:1]-[#8]-[#6](=[#8])-[#6](=[#6H])-[#6](-[#0:2])=[#8],4
C=C(C(=O)[O][R])C(=O)[O][R],[#0:1]-[#8]-[#6](=[#8])-[#6](=[#6H])-[#6](=[#8])-[#8]-[#0:2],4
O=C([O][R])C(=C[N]([R])[R])C(=[N][R])[N]([R])[C](=O)[R],[#0:1]-[#8]-[#6](=[#8])-[#6](=[#6H]-[#7](-[#0:2])-[#0:5])-[#6](=[#7]-[#0:3])-[#7](-[#6](=[#8])-[#0:4])-[#0:6],4
O=[C]([R])C=C([C](=O)[R])C(=O)[O][R],[#0:1]-[#8]-[#6](=[#8])-[#6](=[#6H]-[#6](=[#8])-[#0:2])-[#6](-[#0:3])=[#8],4
O=C([O][R])C1C[N]1[R],[#0:1]-[#7]1-[#6]-[#6]-1-[#6](=[#8])-[#8]-[#0:2],4
C#C[O][R],[#0:1]-[#8]-[#6]#[#6H],4
O=[C]1[R][S]C(=S)[N]1[R],[#0:1]-[#7]1-[#6](=[#8])-[#0:2]-[#16]-[#6]-1=[#16],4
C=CC(=O)[N]([R])[S](=O)(=O)[R],[#6H](-[#6](=[#8])-[#7](-[#16](=[#8])(=[#8])-[#0:1])-[#0:2])=[#6H],4
O=[C]([R])P(=O)([O][R])[O][R],[#0:1]-[#8]-[#15](=[#8])(-[#8]-[#0:2])-[#6](=[#8])-[#0:3],4
O=P([O][R])([N]([R])[R])[N]([R])[R],[#8]=[#15](-[#7](-[#0:1])-[#0:5])(-[#8]-[#0:2])-[#7](-[#0:3])-[#0:4],4
O=[C]([R])C(=CO)C(=O)[N]([R])C[N]([R])[R],[#6H](-[#8])=[#6](-[#6](=[#8])-[#7](-[#6]-[#7](-[#0:1])-[#0:2])-[#0:4])-[#6](=[#8])-[#0:3],4
O=[S]([R])[N]([R])[R],[#0:1]-[#7](-[#0:2])-[#16](=[#8])-[#0:3],4
O=S1(=O)N=C[N]([R])C[N]1[R],[#6H2]1-[#7](-[#16](=[#8])(=[#8])-[#7]=[#6H]-[#7]-1-[#0:1])-[#0:2],4
C=CC(=O)[N]([R])C[N]([R])C(=S)[N]([R])[R],[#0:1]-[#7](-[#6](=[#16])-[#7](-[#6H]-[#7](-[#6](=[#8])-[#6]=[#6H])-[#0:4])-[#0:3])-[#0:2],4
O=[C]([R])N([C](=O)[R])[C](=O)[R],[#0:1]-[#6](=[#8])-[#7](-[#6](=[#8])-[#0:2])-[#6](-[#0:3])=[#8],4
O=C1C=CC(O)[N]1[R],[#6H]1=[#6]-[#6](=[#8])-[#7](-[#0:1])-[#6]-1-[#8],4
O=C(C1[S][R][C](=O)[N]1[R])[N]([R])[R],[#0:1]-[#7]1-[#6](=[#8])-[#0:2]-[#16]-[#6H]-1-[#6](=[#8])-[#7](-[#0:3])-[#0:4],4
C1N=N1,[#6H2]1-[#7]=[#7]-1,4
[R][N]=C(N=C([S][R])[N]([R])[R])[N]([R])[R],[#7](=[#6](-[#7](-[#0:3])-[#0:4])/[#7]=[#6](/[#7](-[#0:5])-[#0:6])-[#16]-[#0:1])-[#0:2],4
O=[C]1[R][C](=O)[N]([R])C(=[N][R])[N]1[R],[#7](=[#6]1-[#7](-[#6](=[#8])-[#0:1]-[#6](=[#8])-[#7]-1-[#0:4])-[#0:3])-[#0:2],4
O=C(C=CC(=O)[N]([R])[R])[N]([R])[R],[#7](-[#6](=[#8])/[#6]=[#6]/[#6](=[#8])-[#7](-[#0:1])-[#0:4])(-[#0:2])-[#0:3],4
O=C[C](=O)[R],[#0:1]-[#6](=[#8])-[#6]=[#8],4
O=c1cc[n]([R])c(=[N][R])[n]1[R],[#0:1]-[#7]1-[#6](=[#7]-[#0:2])-[#7](-[#0:3])-[#6](=[#8])-[#6H]=[#6H]-1,4
C=C(C(=O)[O][Na])N(C[S][R])[C](=O)[R],[#6H2]=[#6](-[#6](=[#8])-[#8]-[Na])-[#7](-[#6](=[#8])-[#0:1])-[#6H]-[#16]-[#0:2],4
O=C(O)C=CC(=O)O,[#6H](=[#6]-[#6](=[#8])-[#8])-[#6](=[#8])-[#8],4
O=C(O)C=CC(=O)[N]([R])[N]([R])[C](=O)[R],[#8]=[#6](-[#8])/[#6]=[#6]/[#6](=[#8])-[#7](-[#7](-[#6](=[#8])-[#0:1])-[#0:3])-[#0:2],4
O=[C]([R])C=CN=c1cc[n]([R])[n]1[R],[#6H]1=[#6H]-[#6](=[#7]-[#6H]=[#6H]-[#6](=[#8])-[#0:1])-[#7](-[#7]-1-[#0:3])-[#0:2],4
C=C(C(=O)OCO[C](=O)[R])N(C[S][R])[C](=O)[R],[#0:1]-[#6](=[#8])-[#7](-[#6](-[#6](=[#8])-[#8]-[#6]-[#8]-[#6](=[#8])-[#0:2])=[#6H2])-[#6H2]-[#16]-[#0:3],3
ClC=N[O][R],[#6H](-[#17])=[#7]-[#8]-[#0:1],3
C=CC=C[N]([R])[R],[#6H]=[#6]/[#6]=[#6H]\[#7](-[#0:1])-[#0:2],3
C=C(C(=O)O)N1C(=O)C([O][R])([N]([R])[C](=O)[R])C1[S][R],[#0:1]-[#8]-[#6]1(-[#7](-[#6](=[#8])-[#0:2])-[#0:4])-[#6](=[#8])-[#7](-[#6](-[#6](=[#8])-[#8])=[#6H2])-[#6H]-1-[#16]-[#0:3],3
O=C(O)C1CO1,[#6H]1-[#8]-[#6]-1-[#6](=[#8])-[#8],3
C=NC=[N+]([O-])[R],[#6H2]=[#7]-[#6H]=[#7+](-[#8-])-[#0:1],3
O=[S](=O)([R])N1CC1,[#0:1]-[#16](=[#8])(=[#8])-[#7]1-[#6]-[#6H]-1,3
C=[N+]([O-])C[N](O)[R],[#6H2]=[#7+](-[#8-])-[#6H]-[#7](-[#8])-[#0:1],3
O=C1C=CC(=O)C([O][R])=C1[O][R],[#0:1]-[#8]-[#6]1=[#6](-[#8]-[#0:2])-[#6](=[#8])-[#6H]=[#6H]-[#6]-1=[#8],3
[O][N]([R])[R],[#0:2]-[#7](-[#8])-[#0:1],3
[R][N]=c1cccn[n]1[R],[#6]1=[#6]-[#6](=[#7]-[#0:1])-[#7](-[#0:2])-[#7]=[#6H]-1,3
[R][N]=c1scc[n]1[R],[#6H]1=[#6]-[#16]-[#6](=[#7]-[#0:1])-[#7]-1-[#0:2],3
O=[C]([R])C=C(O)C(=O)[O][R],[#8]=[#6](-[#8]-[#0:1])-[#6](=[#6H]-[#6](=[#8])-[#0:2])-[#8],3
O=C1C=CC(=O)N1[N]([R])[R],[#8]=[#6]1-[#6]=[#6]-[#6](=[#8])-[#7]-1-[#7](-[#0:1])-[#0:2],3
[R][N]1C=NOC1,[#6H2]1-[#7](-[#6H]=[#7]-[#8]-1)-[#0:1],3
O=[P]([R])([O][R])[N]([R])[R],[#0:1]-[#7](-[#15](=[#8])(-[#0:2])-[#8]-[#0:3])-[#0:4],3
O=[C]([R])C(O)([O][R])C([O][R])[O][R],[#0:1]-[#8]-[#6](-[#8])(-[#6](=[#8])-[#0:2])-[#6H](-[#8]-[#0:3])-[#8]-[#0:4],3
O=P(O)([O][R])OP(=O)([O][Na])OP(=O)([O][Na])[O][Na],[#0:1]-[#8]-[#15](=[#8])(-[#8])-[#8]-[#15](=[#8])(-[#8]-[Na])-[#8]-[#15](=[#8])(-[#8]-[Na])-[#8]-[Na],3
O=[P]([R])([R])[N]([R])[R],[#0:1]-[#7](-[#15](=[#8])(-[#0:2])-[#0:3])-[#0:4],3
C=CC=CO[Si]([R])([R])[R],[#6]=[#6]/[#6H]=[#6]/[#8]-[Si](-[#0:1])(-[#0:2])-[#0:3],3
O=[C]([R])C(=C[N]([R])[R])C(=O)[O][R],[#0:1]-[#6](=[#8])/[#6](=[#6]\[#7](-[#0:3])-[#0:4])-[#6](=[#8])-[#8]-[#0:2],3
O=C(O)C=CC=CC=CC=CC(=O)[O][R],[#0:1]-[#8]-[#6](=[#8])/[#6]=[#6]/[#6]=[#6]/[#6]=[#6]/[#6]=[#6]/[#6](=[#8])-[#8],3
[R][O]COCOCO[O][R],[#0:1]-[#8]-[#6H2]-[#8]-[#6H2]-[#8]-[#6H2]-[#8]-[#8]-[#0:2],3
N#CC(C#N)=N[N]([R])[R],[#0:1]-[#7](-[#7]=[#6](-[#6]#[#7])-[#6]#[#7])-[#0:2],3
O=[C]([R])C=[N][R],[#0:1]-[#6](=[#8])-[#6H]=[#7]-[#0:2],3
C=C([N]([R])[R])[N]([R])[N]([R])[C](=O)[R],[#0:1]-[#6](=[#8])-[#7](-[#0:2])-[#7](-[#6](=[#6H])-[#7](-[#0:3])-[#0:4])-[#0:5],3
[R][S]C[N]([R])C[S][R],[#0:1]-[#7](-[#6]-[#16]-[#0:2])-[#6]-[#16]-[#0:3],3
O=[C]([R])C(=O)C=C[O][R],[#0:1]-[#8]-[#6H]=[#6H]-[#6](=[#8])-[#6](=[#8])-[#0:2],3
O=C(O)C=N[N]([R])[R],[#6H](=[#7]-[#7](-[#0:1])-[#0:2])-[#6](=[#8])-[#8],3
C=CC=C(C(=O)[N]([R])[R])[N]([R])[C](=O)[R],[#6H]=[#6]/[#6]=[#6](/[#7](-[#6](=[#8])-[#0:1])-[#0:3])-[#6](=[#8])-[#7](-[#0:2])-[#0:4],3
O=[S]([R])(=[N][R])[N]([R])[R],[#0:1]-[#16](=[#8])(=[#7]-[#0:2])-[#7](-[#0:3])-[#0:4],3
O=[C]([R])N=[S](=O)([R])[N]([R])[R],[#0:1]-[#7](-[#0:2])-[#16](-[#0:3])(=[#8])=[#7]-[#6](=[#8])-[#0:4],3
C=C=C[Si]([R])([R])[R],[#6]=[#6]=[#6H]-[Si](-[#0:1])(-[#0:2])-[#0:3],3
C=CC1=CC([CH]=[Car])=NC1=O,[#6]=[#6]-[#6]1=[#6H]-[#6](-[#6]=[#6H2])=[#7]-[#6]-1=[#8],3
C=C1C=CC(=O)[N]1[R],[#6H]=[#6]1-[#7](-[#6](=[#8])-[#6H]=[#6H]-1)-[#0:1],3
O=[C]1[R][N]([R])N(C(=O)[N]([R])[R])C[N]1[R],[#0:1]-[#7]1-[#0:2]-[#6](=[#8])-[#7](-[#0:3])-[#6H2]-[#7]-1-[#6](=[#8])-[#7](-[#0:4])-[#0:5],3
C=CC=CC(=O)[N]([R])C1=CC(=O)C([N]([R])[R])=CC1=O,[#0:1]-[#7](-[#6]1=[#6H]-[#6](-[#6](-[#7](-[#6](-[#6H]=[#6]-[#6]=[#6H])=[#8])-[#0:3])=[#6]-[#6]-1=[#8])=[#8])-[#0:2],3
O=C1C=CC([S][R])([S][R])O1,[#6H]1=[#6H]-[#6](=[#8])-[#8]-[#6]-1(-[#16]-[#0:1])-[#16]-[#0:2],3
O=[S](=O)([R])[N]([Na])[R],[#0:1]-[#16](=[#8])(=[#8])-[#7](-[Na])-[#0:2],3
[R][S]C(=N[N]([R])C=C1C=CC=N1)[N]([R])[R],[#6]1=[#6]-[#6](=[#6H]-[#7](-[#7]=[#6](-[#16]-[#0:1])-[#7](-[#0:2])-[#0:3])-[#0:4])-[#7]=[#6]-1,3
O=C1[N]([R])C[N]1[R],[#6H2]1-[#7](-[#0:1])-[#6](=[#8])-[#7]-1-[#0:2],3
C=NO[S](=O)(=O)[R],[#6H2]=[#7]-[#8]-[#16](=[#8])(=[#8])-[#0:1],3
O=[S](=O)([R])[N]([R])C#C[Si]([R])([R])[R],[#0:1]-[#16](=[#8])(=[#8])-[#7](-[#6]#[#6]-[Si](-[#0:2])(-[#0:3])-[#0:4])-[#0:5],3
C=C(Br)Br,[#35]-[#6](-[#35])=[#6H],3
[R][N]=C[N]([R])C=[N][R],[#0:1]/[#7]=[#6H]\[#7](/[#6H]=[#7]\[#0:2])-[#0:3],3
O=C([O][R])[S][R],[#0:1]-[#8]-[#6](=[#8])-[#16]-[#0:2],3
[R][S]C([S][R])[S][R],[#0:1]-[#16]-[#6H](-[#16]-[#0:2])-[#16]-[#0:3],3
O=C(C=C([S][R])[S][R])[O][R],[#6H](-[#6](=[#8])-[#8]-[#0:1])=[#6](-[#16]-[#0:2])-[#16]-[#0:3],3
,[#0],3
[R][N]([R])C=CC=CC=CC=CC=[N+]([R])[R],[#0:1]-[#7+](=[#6H]/[#6]=[#6]/[#6]=[#6]/[#6]=[#6]/[#6]=[#6H]/[#7](-[#0:2])-[#0:3])-[#0:4],3
C=CC=CC=CC=CC=C,[#6H]=[#6H]/[#6]=[#6]/[#6]=[#6H]/[#6]=[#6]/[#6H]=[#6H2],3
C=CC=C1SC(=O)[N]([R])C1=O,[#6H](/[#6]=[#6]1\[#16]-[#6](=[#8])-[#7](-[#0:1])-[#6]-1=[#8])=[#6H],3
C=N[N]([R])C=N[S](=O)(=O)[R],[#6H2]=[#7]-[#7](-[#6H]=[#7]-[#16](=[#8])(=[#8])-[#0:1])-[#0:2],3
O=[C]([R])[Se][R],[#0:1]-[#6](=[#8])-[Se]-[#0:2],3
C=CC(=O)[C](=O)[R],[#0:1]-[#6](=[#8])-[#6](=[#8])-[#6]=[#6H],3
O=[C]([R])C=C([S][R])[N]([R])[R],[#0:1]-[#6](=[#8])-[#6]=[#6](-[#16]-[#0:2])-[#7](-[#0:3])-[#0:4],3
O=C([O][R])C([N]([R])[C](=O)[R])[N]([R])[C](=O)[R],[#0:1]-[#8]-[#6](=[#8])-[#6H](-[#7](-[#6](-[#0:2])=[#8])-[#0:3])-[#7](-[#6](-[#0:4])=[#8])-[#0:5],3
O=[C]([R])OC[N]([R])[C](=O)[R],[#0:1]-[#6](=[#8])-[#7](-[#0:2])-[#6H]-[#8]-[#6](-[#0:3])=[#8],3
O=[C]([R])C(O)[N]([R])[C](=O)[R],[#0:1]-[#6](=[#8])-[#7](-[#6](-[#8])-[#6](=[#8])-[#0:2])-[#0:3],3
O=[C]([R])OC[N]([R])[S](=O)(=O)[R],[#0:1]-[#7](-[#6]-[#8]-[#6](=[#8])-[#0:2])-[#16](=[#8])(=[#8])-[#0:3],3
O=C([O][R])[N]([R])C[S][R],[#0:1]-[#8]-[#6](=[#8])-[#7](-[#6]-[#16]-[#0:2])-[#0:3],3
O=C(O)C1OC1C(=O)[N]([R])[R],[#0:1]-[#7](-[#6](=[#8])-[#6H]1-[#8]-[#6H]-1-[#6](=[#8])-[#8])-[#0:2],3
O=[C]([R])C(=CC=N[S](=O)(=O)[R])[S][R],[#0:1]-[#16](=[#8])(=[#8])/[#7]=[#6H]/[#6]=[#6](-[#16]-[#0:2])-[#6](=[#8])-[#0:3],3
O=[C]1N=C([N]([R])C(=O)[N]([R])[R])[O][R]1,[#0:1]1-[#8]-[#6](-[#7](-[#6](=[#8])-[#7](-[#0:2])-[#0:4])-[#0:3])=[#7]-[#6]-1=[#8],3
O=[C]1N=C[S][R]1,[#0:1]1-[#16]-[#6H]=[#7]-[#6]-1=[#8],3
[R][N]1CN=C([N]([R])[R])[N]([R])C1,[#0:1]-[#7]1-[#6]-[#7]=[#6](-[#7](-[#0:2])-[#0:3])-[#7](-[#6]-1)-[#0:4],3
O=[P]([R])([R])[O][R],[#0:1]-[#8]-[#15](-[#0:2])(=[#8])-[#0:3],3
C=CC([O][R])OC[O][R],[#0:1]-[#8]-[#6H](-[#6]=[#6H])-[#8]-[#6H2]-[#8]-[#0:2],3
O=[C]1N=C([N]([R])[C](=O)[R])[S][R]1,[#0:1]1-[#16]-[#6](-[#7](-[#6](=[#8])-[#0:2])-[#0:3])=[#7]-[#6]-1=[#8],3
C=NOC[O][R],[#6H2]=[#7]-[#8]-[#6]-[#8]-[#0:1],3
O=[C]([R])N=c1cccc[n]1[R],[#0:2]-[#6](=[#8])-[#7]=[#6]1-[#6]=[#6]-[#6]=[#6]-[#7]-1-[#0:1],3
C=CN1C[N]([R])C(=S)[N]1[R],[#6H]=[#6H]-[#7]1-[#7](-[#0:1])-[#6](=[#16])-[#7](-[#0:2])-[#6H]-1,3
C=C[N]([R])[N]([R])C=C,[#6H2]=[#6H]-[#7](-[#7](-[#0:1])-[#6H]=[#6H2])-[#0:2],3
O=C(C=C[N]([R])C=C[N+](=O)[O-])[O][R],[#0:1]-[#8]-[#6](=[#8])-[#6H]=[#6H]-[#7](-[#6H]=[#6H]-[#7+](=[#8])-[#8-])-[#0:2],3
C=CC=CC=CC=CC=CC(=O)O,[#6H2]=[#6H]/[#6]=[#6]/[#6H]=[#6]/[#6]=[#6]/[#6H]=[#6]/[#6](=[#8])-[#8],3
N#CC=C[N]([R])C=CC#N,[#6H](=[#6H]-[#6]#[#7])-[#7](-[#6H]=[#6H]-[#6]#[#7])-[#0:1],3
[O-][Cl+3]([O-])([O-])O,[#8-]-[#17+3](-[#8-])(-[#8-])-[#8],3
C=C1C=CC(=[N][R])C=C1,[#6H]1=[#6]-[#6](=[#6H2])-[#6]=[#6]-[#6]-1=[#7]-[#0:1],3
O=C1C=CC(=NO[S](=O)(=O)[R])C=C1,[#6H]1=[#6]-[#6](=[#8])-[#6H]=[#6]-[#6]-1=[#7]-[#8]-[#16](=[#8])(=[#8])-[#0:1],3
O=P(O)([O][Na])[O][R],[#0:1]-[#8]-[#15](=[#8])(-[#8])-[#8]-[Na],3
O=C[N]([R])C=CS[C](=O)[R],[#6H](=[#6H]-[#16]-[#6](=[#8])-[#0:1])-[#7](-[#6]=[#8])-[#0:2],3
[R][N]([R])[N]=[Car],[#0:1]=[#7]-[#7](-[#0:2])-[#0:3],3
[R][O]C([O][R])C1CO1,[#6H2]1-[#8]-[#6H]-1-[#6H](-[#8]-[#0:1])-[#8]-[#0:2],3
O=[C]([R])[N]([R])C1=[N][R][C](=O)[N]1[R],[#0:1]-[#6](=[#8])-[#7](-[#6]1=[#7]-[#0:2]-[#6](=[#8])-[#7]-1-[#0:4])-[#0:3],3
O=[S](=O)([R])[N]([R])[Nar],[#0:1]-[#16](=[#8])(=[#8])-[#7](-[#7])-[#0:2],3
O=C1[N]([R])C[N]([R])[N]1[R],[#6H2]1-[#7](-[#6](=[#8])-[#7](-[#0:1])-[#7]-1-[#0:3])-[#0:2],3
O=[S](=O)([R])N=CCl,[#0:1]-[#16](=[#8])(=[#8])/[#7]=[#6H]/[#17],3
C=NN=C([S][R])[N]([R])[C](=O)[R],[#6H2]=[#7]-[#7]=[#6](-[#7](-[#6](=[#8])-[#0:1])-[#0:3])-[#16]-[#0:2],3
O=[C]([R])C=C([C](=O)[R])[N]([R])[R],[#0:1]-[#7](-[#6](=[#6]-[#6](=[#8])-[#0:2])-[#6](-[#0:3])=[#8])-[#0:4],3
[R][S]C(=N[N]([R])[CH]=[Car])[N]([R])[R],[#0:1]-[#7](-[#6](=[#7]-[#7](-[#6H]=[#0:2])-[#0:5])-[#16]-[#0:3])-[#0:4],3
O=[C]([R])[N]([R])C(=S)[N]([R])C[N]([R])[R],[#0:1]-[#7](-[#6H]-[#7](-[#6](=[#16])-[#7](-[#0:2])-[#6](=[#8])-[#0:3])-[#0:5])-[#0:4],3
O=[S](=O)([R])[N][S](=O)(=O)[R],[#8]=[#16](=[#8])(-[#7]-[#16](=[#8])(=[#8])-[#0:1])-[#0:2],3
[R][N]([R])C[N]([R])[N]([R])[R],[#0:1]-[#7](-[#7](-[#0:2])-[#6H]-[#7](-[#0:3])-[#0:5])-[#0:4],3
O=C([N]([R])[R])[N]([R])C[S](=O)(=O)[R],[#0:1]-[#7](-[#6](=[#8])-[#7](-[#0:2])-[#6]-[#16](-[#0:3])(=[#8])=[#8])-[#0:4],3
C=CC(C=CC(=O)[O][R])=CC(=O)[N]([R])[R],[#6H]=[#6H]-[#6](=[#6]-[#6](-[#7](-[#0:1])-[#0:2])=[#8])/[#6]=[#6]/[#6](=[#8])-[#8]-[#0:3],3
S=C1[N]([R])C[N]([R])[N]1[R],[#6H2]1-[#7](-[#6](=[#16])-[#7](-[#0:1])-[#7]-1-[#0:3])-[#0:2],3
O=[C]([R])N=c1sc([S][R])n[n]1[R],[#0:1]-[#16]-[#6]1=[#7]-[#7](-[#0:2])-[#6](=[#7]-[#6](-[#0:3])=[#8])-[#16]-1,3
O=C([O][R])[N](O)[R],[#0:1]-[#8]-[#6](=[#8])-[#7](-[#8])-[#0:2],3
O=C([N]([R])[R])[N]([R])C([O][R])[O][R],[#0:1]-[#7](-[#6](=[#8])-[#7](-[#6H](-[#8]-[#0:2])-[#8]-[#0:3])-[#0:5])-[#0:4],3
C=N[N]([R])C=O,[#0:1]-[#7](-[#6]=[#8])-[#7]=[#6H],3
O=C(C1OC1C(=O)[N]([R])[R])[N]([R])[R],[#0:1]-[#7](-[#6](=[#8])-[#6H]1-[#8]-[#6H]-1-[#6](=[#8])-[#7](-[#0:2])-[#0:4])-[#0:3],3
O=C1C=C([N]([R])C([O][R])C2C[N]2[R])C(=O)C=C1[N]([R])[R],[#0:1]-[#7](-[#6]1=[#6H]-[#6](=[#8])-[#6](=[#6H]-[#6]-1=[#8])-[#7](-[#6H](-[#8]-[#0:2])-[#6H]1-[#7](-[#6H2]-1)-[#0:5])-[#0:3])-[#0:4],3
S=C(SSC(=S)[N]([R])[R])[N]([R])[R],[#0:1]-[#7](-[#0:2])-[#6](=[#16])-[#16]-[#16]-[#6](=[#16])-[#7](-[#0:3])-[#0:4],3
ON=CC=NO,[#6H](=[#7]/[#8])\[#6H]=[#7]\[#8],3
O=C(C=C1[S][R][C](=O)[N]1[R])[O][R],[#0:1]-[#8]-[#6](=[#8])-[#6]=[#6]1-[#7](-[#6](=[#8])-[#0:2]-[#16]-1)-[#0:3],3
C=C[N]([R])[N]([R])C(=C)C(=O)[O][R],[#0:1]-[#8]-[#6](=[#8])-[#6](=[#6H2])-[#7](-[#7](-[#0:2])-[#6H]=[#6H2])-[#0:3],3
O=C(C=C([O][R])[N]([R])[R])[O][R],[#0:1]-[#8]-[#6](=[#8])-[#6H]=[#6](-[#7](-[#0:3])-[#0:4])-[#8]-[#0:2],3
C=C[N]([R])[N]([R])C=CC(=O)[O][R],[#0:1]-[#8]-[#6](=[#8])-[#6H]=[#6H]-[#7](-[#0:2])-[#7](-[#6H]=[#6H2])-[#0:3],3
C=C[C](=O)[Nar],[#6H]=[#6H]-[#6](=[#8])-[#7],3
O=[C]([R])OCOC(=O)[O][R],[#0:1]-[#6](=[#8])-[#8]-[#6H]-[#8]-[#6](=[#8])-[#8]-[#0:2],3
O=C1C=N[N]([R])C([S][R])([N]([R])[R])[N]1[R],[#0:1]-[#16]-[#6]1(-[#7](-[#0:2])-[#0:3])-[#7](-[#7]=[#6H]-[#6](=[#8])-[#7]-1-[#0:5])-[#0:4],3
N#C[C]([Nar])=C([S][R])[S][R],[#7]#[#6]/[#6](=[#6](/[#16]-[#0:1])-[#16]-[#0:2])-[#7],3
O=[C]([R])[N]([R])N=C[N]([R])[R],[#7](-[#6H]=[#7]-[#7](-[#0:1])-[#6](=[#8])-[#0:2])(-[#0:3])-[#0:4],3
C=C1OC(=S)[N]([R])C1=O,[#0:1]-[#7]1-[#6](=[#8])-[#6](=[#6H])-[#8]-[#6]-1=[#16],3
C=CC=C1C(=O)[N]([R])C(=O)[N]([R])C1=O,[#0:1]-[#7]1-[#6](=[#8])-[#6](=[#6]-[#6]=[#6H])-[#6](=[#8])-[#7](-[#0:2])-[#6]-1=[#8],3
O=[C]([R])C=C1[S][R][C](=O)[N]1[R],[#0:1]-[#7]1-[#6](=[#8])-[#0:2]-[#16]-[#6]-1=[#6]-[#6](=[#8])-[#0:3],3
O=[C]([R])C(=C[N]([R])[N]([R])[R])[C](=O)[R],[#6H](-[#7](-[#7](-[#0:1])-[#0:2])-[#0:5])=[#6](-[#6](=[#8])-[#0:3])-[#6](-[#0:4])=[#8],3
C=C1C(=O)C(C(=O)[O][R])=C[N]1[R],[#0:1]-[#8]-[#6](=[#8])-[#6]1=[#6H]-[#7](-[#0:2])-[#6](=[#6H])-[#6]-1=[#8],3
C=C1SC=NC1=O,[#6H]=[#6]1-[#16]-[#6H]=[#7]-[#6]-1=[#8],3
O=P([O][R])([O][R])[S][R],[#0:1]-[#8]-[#15](=[#8])(-[#8]-[#0:2])-[#16]-[#0:3],3
O=S,[#8]=[#16],3
O=[C]([R])[N]([R])C([O][R])[O][R],[#0:1]-[#8]-[#6](-[#7](-[#6](=[#8])-[#0:2])-[#0:4])-[#8]-[#0:3],3
C=CC=CC(=O)[N]([R])C1=CC(=O)C([O][R])=CC1=O,[#0:1]-[#8]-[#6]1=[#6H]-[#6](-[#6](-[#7](-[#6](-[#6H]=[#6]-[#6]=[#6H])=[#8])-[#0:2])=[#6]-[#6]-1=[#8])=[#8],3
O=[S](=O)([R])C=C[S][R],[#0:1]-[#16]-[#6H]=[#6]-[#16](=[#8])(=[#8])-[#0:2],3
C=C1N=C([S][R])SC1=O,[#6H]=[#6]1-[#7]=[#6](-[#16]-[#0:1])-[#16]-[#6]-1=[#8],3
O=S(=O)([N]([R])[R])[N]([R])C=[N][R],[#6H](=[#7]-[#0:3])-[#7](-[#16](=[#8])(=[#8])-[#7](-[#0:2])-[#0:1])-[#0:4],3
O=[C]1[R][N]([R])CN(C[O][R])C[N]([R])C([N]([R])[R])[N]1[R],[#0:2]-[#7]1-[#6](=[#8])-[#0:3]-[#7](-[#6]-[#7](-[#6H2]-[#8]-[#0:4])-[#6H]-[#7](-[#6]-1-[#7](-[#0:1])-[#0:7])-[#0:6])-[#0:5],3
C=N[N]([R])C=C[C](=O)[R],[#6H2]=[#7]-[#7](/[#6H]=[#6]/[#6](-[#0:2])=[#8])-[#0:1],3
OC=C(C(=[N][R])[O][R])[N]([R])[R],[#0:1]-[#8]-[#6](=[#7]-[#0:2])-[#6](-[#7](-[#0:3])-[#0:4])=[#6H]-[#8],3
N#C[N]([R])C1=NC[N]([R])C[N]1[R],[#0:1]-[#7]1-[#6]-[#7]=[#6](-[#7](-[#6]#[#7])-[#0:2])-[#7](-[#6]-1)-[#0:3],3
O=C(N=C[N]([R])[R])[N]([R])[R],[#0:1]-[#7](-[#0:2])-[#6H]=[#7]-[#6](=[#8])-[#7](-[#0:3])-[#0:4],3
C=C1SC(=S)N(C[N]([R])[R])C1=O,[#6H]=[#6]1-[#16]-[#6](=[#16])-[#7](-[#6]-[#7](-[#0:1])-[#0:2])-[#6]-1=[#8],3
O[N]([R])C(=[N][R])[N]([R])[R],[#7](=[#6](-[#7](-[#8])-[#0:3])-[#7](-[#0:1])-[#0:4])-[#0:2],3
O=C(O)C(=CCl)N(C[S][R])[C](=O)[R],[#0:1]-[#6](=[#8])-[#7](-[#6](-[#6](=[#8])-[#8])=[#6H]-[#17])-[#6H2]-[#16]-[#0:2],3
N#CC1=C([N]([R])[R])SC[N]([R])C1=O,[#6H]1-[#7](-[#6](=[#8])-[#6](-[#6]#[#7])=[#6](-[#7](-[#0:1])-[#0:3])-[#16]-1)-[#0:2],3
[R][N]=C([N]([R])[R])[N]([R])[O][R],[#7](=[#6](-[#7](-[#0:3])-[#0:4])-[#7](-[#8]-[#0:1])-[#0:5])-[#0:2],3
O=C([N]([R])[R])[N]([R])OS(=O)(=O)O,[#0:3]-[#7](-[#6](=[#8])-[#7](-[#8]-[#16](=[#8])(=[#8])-[#8])-[#0:2])-[#0:1],3
C=N[N]([R])C1C(=O)[N]([R])C=N[N]1[R],[#6H]1=[#7]-[#7](-[#6H](-[#7](-[#7]=[#6H2])-[#0:2])-[#6](=[#8])-[#7]-1-[#0:3])-[#0:1],3
C1CS1,[#6H2]1-[#16]-[#6H2]-1,3
O=C(C=[P]([R])([R])[R])[O][R],[#0:1]-[#8]-[#6](=[#8])-[#6H]=[#15](-[#0:2])(-[#0:3])-[#0:4],3
C=C(Br)C=N[N]([R])[C](=O)[R],[#0:1]-[#6](=[#8])-[#7](/[#7]=[#6]/[#6](-[#35])=[#6H])-[#0:2],3
O=C(O)C=N[N]([R])[C](=O)[R],[#8]=[#6](-[#8])-[#6H]=[#7]-[#7](-[#0:1])-[#6](=[#8])-[#0:2],3
O=[P](O)([R])[O][Na],[#0:1]-[#15](=[#8])(-[#8])-[#8]-[Na],3
C=CC(=C)C(=O)[O][R],[#6H]=[#6]-[#6](=[#6H])-[#6](-[#8]-[#0:1])=[#8],3
O=C1C=CC([N]([R])[R])O1,[#8]=[#6]1-[#6]=[#6H]-[#6](-[#7](-[#0:1])-[#0:2])-[#8]-1,3
C=C(Cl)[C](=O)[R],[#0:1]-[#6](=[#8])-[#6](-[#17])=[#6H2],3
C=N[N]([R])C=S,[#16]=[#6H]-[#7](-[#7]=[#6H2])-[#0:1],3
[R][N]=C([S][R])[N]([R])[N]([R])[R],[#7](=[#6](-[#7](-[#7](-[#0:4])-[#0:5])-[#0:3])-[#16]-[#0:1])-[#0:2],2
OC[N+]([R])=C([S][R])[N]([R])[R],[#0:1]-[#7+](=[#6](-[#16]-[#0:2])-[#7](-[#0:3])-[#0:4])-[#6H2]-[#8],2
[R][N]([R])C=[N+]([R])[R],[#0:1]-[#7+](=[#6H]-[#7](-[#0:2])-[#0:4])-[#0:3],2
[R][N][R],[#0:1]-[#7]-[#0:2],2
[Sar+],[#0],2
C1OCOO1,[#6H2]1-[#8]-[#8]-[#6H2]-[#8]-1,2
O=S(=O)([O][K])[O][R],[#0:1]-[#8]-[#16](=[#8])(=[#8])-[#8]-[K],2
[R][N]([R])C1=NCN=C([N]([R])[R])[N]1[R],[#6H2]1-[#7]=[#6](-[#7](-[#0:3])-[#0:4])-[#7](-[#6](-[#7](-[#0:1])-[#0:2])=[#7]-1)-[#0:5],2
O=[C]1[R][N]=C2C(=NC=C[N]2[R])[N]1[R],[#0:1]-[#7]1-[#6](=[#8])-[#0:2]-[#7]=[#6]2-[#7](-[#6]=[#6H]-[#7]=[#6]-1-2)-[#0:3],2
[R][N]([R])C[N+]([R])([R])[R],[#0:2]-[#7+](-[#0:3])(-[#6]-[#7](-[#0:4])-[#0:1])-[#0:5],2
O=P(O)(O)O[P](=O)(O)[R],[#0:1]-[#15](=[#8])(-[#8])-[#8]-[#15](=[#8])(-[#8])-[#8],2
O=P(O)(OC[O][R])[N]([R])[R],[#0:1]-[#7](-[#15](=[#8])(-[#8])-[#8]-[#6H2]-[#8]-[#0:2])-[#0:3],2
O=P(O)(O)C1CO1,[#6H]1-[#8]-[#6]-1-[#15](=[#8])(-[#8])-[#8],2
[R][N]=C(N=C[N]([R])[R])[S][R],[#0:1]-[#16]-[#6](=[#7]-[#0:4])/[#7]=[#6]/[#7](-[#0:2])-[#0:3],2
O=P(O)([O][R])OP(=O)(O)OP(=O)(O)OP(=O)(O)[O][R],[#0:1]-[#8]-[#15](=[#8])(-[#8])-[#8]-[#15](=[#8])(-[#8])-[#8]-[#15](=[#8])(-[#8])-[#8]-[#15](=[#8])(-[#8])-[#8]-[#0:2],2
[R][Pt][R],[#0:1]-[Pt]-[#0:2],2
C=C(C(=O)[N]([R])[R])[S](=O)(=O)[R],[#0:1]-[#7](-[#6](=[#8])-[#6](=[#6H])-[#16](-[#0:2])(=[#8])=[#8])-[#0:3],2
O=C([S][R])[N](O)[R],[#0:1]-[#16]-[#6](=[#8])-[#7](-[#8])-[#0:2],2
O=P([O][Na])([O][R])[O][R],[#0:1]-[#8]-[#15](=[#8])(-[#8]-[Na])-[#8]-[#0:2],2
O=C1OC(C(=O)[O][R])N=C1[S][R],[#0:1]-[#8]-[#6](=[#8])-[#6H]1-[#7]=[#6](-[#16]-[#0:2])-[#6](=[#8])-[#8]-1,2
O=C([O][R])OC(=O)[N]([R])[R],[#0:1]-[#7](-[#6](=[#8])-[#8]-[#6](=[#8])-[#8]-[#0:2])-[#0:3],2
C=NCN=C,[#6H]=[#7]-[#6H]-[#7]=[#6H],2
C=N[N]([R])C=[N][R],[#6H]=[#7]-[#7](-[#6H]=[#7]-[#0:1])-[#0:2],2
O=C(N=NC(=O)[N]([R])[R])[N]([R])[R],[#8]=[#6](/[#7]=[#7]\[#6](=[#8])-[#7](-[#0:1])-[#0:2])-[#7](-[#0:3])-[#0:4],2
C=CC=C1C=CC(=O)C(O)=C1,[#6H2]=[#6]-[#6]=[#6]1-[#6H]=[#6]-[#6](=[#8])-[#6](-[#8])=[#6H]-1,2
C=CC(C=C)=N[O][R],[#6H]=[#6]-[#6](=[#7]-[#8]-[#0:1])-[#6]=[#6H2],2
C=CC(=O)[O][Na],[#6H2]=[#6H]-[#6](=[#8])-[#8]-[Na],2
O=[C]1[R][N](C(=O)[O][R])C[N]1[R],[#0:1]1-[#6](=[#8])-[#7](-[#0:2])-[#6H2]-[#7]-1-[#6](=[#8])-[#8]-[#0:3],2
O=C(C=CC1CO1)[O][R],[#6H2]1-[#8]-[#6H]-1-[#6]=[#6]-[#6](=[#8])-[#8]-[#0:1],2
ClC=CC=[N+]([R])[R],[#0:1]-[#7+](-[#0:2])=[#6]/[#6]=[#6H]\[#17],2
C=CC=CC=C[N]([R])[R],[#6H]=[#6]-[#6]=[#6H]-[#6]=[#6]-[#7](-[#0:1])-[#0:2],2
O=C[N]([R])C=CS[S][R],[#6H](=[#6H]-[#16]-[#16]-[#0:1])-[#7](-[#6]=[#8])-[#0:2],2
C=NC(=O)[N]([R])[R],[#6H2]=[#7]-[#6](=[#8])-[#7](-[#0:1])-[#0:2],2
C=CC=CC=CC(=O)O,[#6H2]=[#6]/[#6]=[#6]/[#6H]=[#6]/[#6](=[#8])-[#8],2
O=[C]([R])C(=CO)[C](=O)[R],[#0:1]-[#6](=[#8])-[#6](-[#6](=[#8])-[#0:2])=[#6H]-[#8],2
O=C(C=N[O][R])[O][R],[#0:1]-[#8]/[#7]=[#6H]/[#6](=[#8])-[#8]-[#0:2],2
C=CC(OC=CC(=O)[O][R])OC[O][R],[#6H]=[#6H]-[#6H](-[#8]-[#6H2]-[#8]-[#0:1])-[#8]-[#6]=[#6H]-[#6](=[#8])-[#8]-[#0:2],2
C=CC(=O)[N]([R])C[N]([R])C(=O)[O][R],[#6H]=[#6]-[#6](=[#8])-[#7](-[#6]-[#7](-[#6](=[#8])-[#8]-[#0:1])-[#0:2])-[#0:3],2
C=CC=NN=C,[#6H]=[#7]/[#7]=[#6]/[#6]=[#6H],2
C=N[N]([R])C(=[N][R])[N]([R])[S](=O)(=O)[R],[#0:1]/[#7]=[#6](\[#7](-[#16](=[#8])(=[#8])-[#0:2])-[#0:4])-[#7](-[#0:3])-[#7]=[#6H2],2
C=CO[O][R],[#6]=[#6H]-[#8]-[#8]-[#0:1],2
C=C([N]([R])[R])[N]([R])[R],[#6]=[#6](-[#7](-[#0:2])-[#0:3])-[#7](-[#0:1])-[#0:4],2
C=C=C[N]([R])[R],[#6]=[#6]=[#6H]-[#7](-[#0:1])-[#0:2],2
S,[#0],2
C=CN=CC=C(C=C)[N]([R])[C](=O)[R],[#6H](=[#6H2])-[#7]=[#6H]-[#6]=[#6](-[#6H]=[#6H])-[#7](-[#6](=[#8])-[#0:1])-[#0:2],2
O=C(C=CC(=O)[N]([R])C(=O)[N]([R])[R])[O][R],[#0:1]-[#8]-[#6](=[#8])/[#6]=[#6]\[#6](=[#8])-[#7](-[#6](-[#7](-[#0:3])-[#0:4])=[#8])-[#0:2],2
C=C1C=NOC1=O,[#6H]=[#6]1-[#6](=[#8])-[#8]-[#7]=[#6H]-1,2
ClC(C=C[N]([R])[R])=CC=[N][R],[#17]-[#6](=[#6H]/[#6]=[#7]/[#0:1])-[#6H]=[#6]-[#7](-[#0:2])-[#0:3],2
[R][S]C=C[S][R],[#6H](=[#6H]-[#16]-[#0:1])-[#16]-[#0:2],2
C=C1C=C(I)C=[N+]1[B-](F)(F)[Nar],[#6H]1=[#6](-[#53])-[#6H]=[#7+](-[#6]-1=[#6H2])-[#5-](-[#7])(-[#9])-[#9],2
[R][O][B-]([R])([O][R])[N+]([R])([R])[R],[#0:1]-[#7+](-[#0:2])(-[#5-](-[#8]-[#0:3])(-[#0:4])-[#8]-[#0:5])-[#0:6],2
C=CSC(=[N][R])[N]([R])[R],[#6H]=[#6]-[#16]-[#6](-[#7](-[#0:2])-[#0:3])=[#7]-[#0:1],2
C=C(C(=O)[O][R])C(O)[O][R],[#0:1]-[#8]-[#6](=[#8])-[#6](=[#6H])-[#6H](-[#8]-[#0:2])-[#8],2
[R][N]=[N+]=[N][R],[#0:1]-[#7]=[#7+]=[#7]-[#0:2],2
O=[S](=O)([R])[N]([R])C(Cl)=CCl,[#0:1]-[#7](/[#6](-[#17])=[#6]\[#17])-[#16](=[#8])(=[#8])-[#0:2],2
O=[C]([R])C([S][R])[S][R],[#6H](-[#6](=[#8])-[#0:1])(-[#16]-[#0:2])-[#16]-[#0:3],2
C=CO[Si]([R])([R])[R],[#6H]=[#6H]-[#8]-[Si](-[#0:1])(-[#0:2])-[#0:3],2
O=[C]([R])OC([O][R])[O][R],[#0:2]-[#8]-[#6](-[#8]-[#6](-[#0:3])=[#8])-[#8]-[#0:1],2
O=[C]([R])[O][Pt]1([O][C](=O)[R])([N]([R])[R])([N]([R])[R])[O]C(=O)C(=O)[O]1,[#0:1]-[#6](=[#8])-[#8]-[Pt]1(-[#8]-[#6](-[#0:2])=[#8])(-[#7](-[#0:3])-[#0:5])(-[#7](-[#0:4])-[#0:6])-[#8]-[#6](=[#8])-[#6](=[#8])-[#8]-1,2
O=C(O)[O][R],[#0:1]-[#8]-[#6](=[#8])-[#8],2
C=C[N]([R])C(=O)[O][R],[#6H]=[#6]-[#7](-[#6](=[#8])-[#8]-[#0:2])-[#0:1],2
[N-]=[N+]=N[S](=O)(=O)[R],[#0:1]-[#16](=[#8])(=[#8])-[#7]=[#7+]=[#7-],2
[Cl][Ir]=[Car],[#0:1]=[Ir]-[#17],2
[R][S][Si]([R])([R])[R],[#0:1]-[Si](-[#16]-[#0:2])(-[#0:3])-[#0:4],2
S=C([O][R])[O][R],[#0:1]-[#8]-[#6](=[#16])-[#8]-[#0:2],2
C=CC([O][R])[N]([R])[R],[#0:1]-[#7](-[#0:2])-[#6H](-[#6]=[#6H])-[#8]-[#0:3],2
O=C([O][R])C([S][R])[N]([R])[R],[#0:1]-[#8]-[#6](=[#8])-[#6H](-[#7](-[#0:2])-[#0:4])-[#16]-[#0:3],2
[R][O][Nar+],[#0:1]-[#8]-[#7+],2
[R][N]=NC=C([S][R])[S][R],[#0:1]/[#7]=[#7]/[#6H]=[#6](-[#16]-[#0:2])-[#16]-[#0:3],2
C1N2CN3CN1CN(C2)C3,[#6]1-[#7]2-[#6]-[#7]3-[#6]-[#7]-1-[#6]-[#7](-[#6]-2)-[#6]-3,2
S=C([O][R])[S][R],[#16]=[#6](-[#8]-[#0:1])-[#16]-[#0:2],2
C=CC=CC=CC=CC=CC(=O)[N]([R])[R],[#0:1]-[#7](-[#6](=[#8])/[#6]=[#6H]\[#6]=[#6]\[#6]=[#6H]\[#6]=[#6]\[#6H]=[#6H2])-[#0:2],2
C=CC=CC=N[N]([R])[C](=O)[R],[#6H](/[#6]=[#6]/[#6]=[#6H])=[#7]\[#7](-[#6](=[#8])-[#0:1])-[#0:2],2
C=CC=N[N]([R])C(=[N][R])[S][R],[#6H](\[#6]=[#6H])=[#7]/[#7](-[#6](=[#7]-[#0:3])-[#16]-[#0:1])-[#0:2],2
C=CC=C([S][R])[N]([R])[R],[#0:1]-[#7](/[#6](=[#6]/[#6H]=[#6H])-[#16]-[#0:2])-[#0:3],2
C=CC=C1C(=O)[N]([R])C(=S)[N]1[R],[#6H](=[#6H])/[#6]=[#6]1/[#7](-[#6](=[#16])-[#7](-[#6]-1=[#8])-[#0:2])-[#0:1],2
C=C(C=CC(=O)O)C(=O)O,[#6H](=[#6]/[#6](=[#8])-[#8])\[#6](=[#6H])-[#6](=[#8])-[#8],2
O=[C]([R])C=CC=[N][R],[#0:1]-[#7]=[#6H]-[#6H]=[#6]-[#6](-[#0:2])=[#8],2
O=[C]([R])C(=C[N]([Nar])[C](=O)[R])[S][R],[#0:1]-[#6](=[#8])-[#6](=[#6H]-[#7](-[#6](-[#0:2])=[#8])-[#7])-[#16]-[#0:3],2
C=CC(=O)[N]([R])C(=[N][R])[S][R],[#0:1]-[#7]=[#6](-[#16]-[#0:2])-[#7](-[#0:3])-[#6](=[#8])-[#6]=[#6H],2
O=[C]([R])N=C[N]([R])[R],[#0:1]-[#6](=[#8])-[#7]=[#6H]-[#7](-[#0:2])-[#0:3],2
O=[C]([R])C(O)O,[#0:1]-[#6](=[#8])-[#6](-[#8])-[#8],2
O=[C]([R])[N]([R])C1[N]([R])C[N]([R])C[N](C[O][R])[R][C](=O)[N]1[R],[#0:1]-[#6](=[#8])-[#7](-[#6]1-[#7](-[#6](=[#8])-[#0:2]-[#7](-[#6]-[#7](-[#6H]-[#7]-1-[#0:7])-[#0:6])-[#6H2]-[#8]-[#0:3])-[#0:5])-[#0:4],2
O=[C]([R])C=CO[C](=O)[R],[#0:1]-[#6](=[#8])-[#8]/[#6]=[#6]/[#6](=[#8])-[#0:2],2
C=CC=COCO[C](=O)[R],[#6H](=[#6]-[#8]-[#6H]-[#8]-[#6](=[#8])-[#0:1])-[#6H]=[#6H],2
O=[C]([R])OCO[P](=O)([R])OCO[C](=O)[R],[#0:1]-[#15](=[#8])(-[#8]-[#6]-[#8]-[#6](-[#0:2])=[#8])-[#8]-[#6]-[#8]-[#6](-[#0:3])=[#8],2
OC[N]([R])C([S][R])=[N+]([R])[R],[#6H2](-[#8])-[#7](-[#6](=[#7+](-[#0:1])-[#0:2])-[#16]-[#0:3])-[#0:4],2
O=C(O)C=N[O][R],[#6H](-[#6](=[#8])-[#8])=[#7]-[#8]-[#0:1],2
O=[C]([R])C=C[N]([R])C(=O)[N]([R])C(=O)[N]([R])[R],[#0:1]-[#7](-[#6](=[#8])-[#7](-[#6](=[#8])-[#7](-[#0:2])-[#6H]=[#6H]-[#6](=[#8])-[#0:3])-[#0:4])-[#0:5],2
C1OC1C1OC1C1CO1,[#6H2]1-[#8]-[#6H]-1-[#6H]1-[#8]-[#6H]-1-[#6H]1-[#8]-[#6H2]-1,2
[N-]=[N+]=C[C](=O)[R],[#0:1]-[#6](=[#8])-[#6]=[#7+]=[#7-],2
O=[C]1[R][N]([R])C[N]([R])C[N]([R])C([N]([R])[R])[N]1[R],[#0:1]-[#7]1-[#6]-[#7](-[#0:2]-[#6](=[#8])-[#7](-[#6](-[#7](-[#0:5])-[#0:6])-[#7](-[#6H]-1)-[#0:7])-[#0:4])-[#0:3],2
[R][N]=C[N]([R])N=C[N]([R])[R],[#0:1]-[#7]=[#6H]-[#7](-[#7]=[#6H]-[#7](-[#0:2])-[#0:4])-[#0:3],2
O=C(C1C[N]1[R])[N]([R])[R],[#0:1]-[#7]1-[#6]-[#6]-1-[#6](=[#8])-[#7](-[#0:2])-[#0:3],2
O=[C]1[R][N](C[N]([R])[R])C(=O)[N]1[R],[#0:1]-[#7]1-[#6](=[#8])-[#0:2]-[#7](-[#6]-[#7](-[#0:3])-[#0:4])-[#6]-1=[#8],2
[R][N]=CN=C[N]([R])[R],[#0:1]/[#7]=[#6H]\[#7]=[#6H]-[#7](-[#0:2])-[#0:3],2
O=[C]1[R][N](C(=O)[N]([R])[R])C(=O)[N]1[R],[#0:1]-[#7](-[#6](=[#8])-[#7]1-[#0:2]-[#6](=[#8])-[#7](-[#0:3])-[#6]-1=[#8])-[#0:4],2
O=C([O][R])OCO[P](=O)([R])OCOC(=O)[O][R],[#0:1]-[#8]-[#6](=[#8])-[#8]-[#6]-[#8]-[#15](=[#8])(-[#0:2])-[#8]-[#6]-[#8]-[#6](=[#8])-[#8]-[#0:3],2
C=CC(=O)[N]([R])N=[N][R],[#6H]=[#6]-[#6](=[#8])-[#7](-[#0:1])-[#7]=[#7]-[#0:2],2
C=CC1CO1,[#6H]=[#6]-[#6]1-[#8]-[#6H2]-1,2
[R][N]([R])C1=NCN=C1,[#6H2]1-[#7]=[#6H]-[#6](-[#7](-[#0:1])-[#0:2])=[#7]-1,2
C#CO[O][R],[#6H]#[#6]-[#8]-[#8]-[#0:1],2
C=CC=CC=CC=CC=CC=CC=CC=CC=CC=CC=C,[#6H2]=[#6H]/[#6]=[#6]/[#6H]=[#6]/[#6]=[#6]/[#6H]=[#6]/[#6]=[#6]/[#6]=[#6H]/[#6]=[#6]/[#6]=[#6H]/[#6]=[#6]/[#6H]=[#6H2],2
ClC(C=CC=C[N]([R])[R])=CC=CC=[N+]([R])[R],[#0:1]-[#7](/[#6H]=[#6]/[#6]=[#6H]-[#6](=[#6H]/[#6]=[#6]/[#6H]=[#7+](-[#0:2])-[#0:3])-[#17])-[#0:4],2
OC=CC=[N][R],[#6H](=[#7]-[#0:1])-[#6H]=[#6H]-[#8],2
O=C([N]([R])[R])[N]([R])C(=[N][R])[O][R],[#0:2]-[#8]-[#6](-[#7](-[#6](=[#8])-[#7](-[#0:3])-[#0:5])-[#0:4])=[#7]-[#0:1],2
[O-][N+](=C[N]([R])[R])CO,[#0:1]-[#7](-[#6H]=[#7+](-[#8-])-[#6H2]-[#8])-[#0:2],2
C=CC#C[Si]([R])([R])[R],[#6H]=[#6H]-[#6]#[#6]-[Si](-[#0:1])(-[#0:2])-[#0:3],2
O=[C]([R])[O][Ca][O][C](=O)[R],[#0:1]-[#6](=[#8])-[#8]-[Ca]-[#8]-[#6](=[#8])-[#0:2],2
[R][N]1CSC=N1,[#6H2]1-[#7](-[#7]=[#6H]-[#16]-1)-[#0:1],2
O=C(C=C[S][R])[O][R],[#0:1]-[#8]-[#6](=[#8])-[#6]=[#6]-[#16]-[#0:2],2
[O-][N+]1=CC=[N+]([O-])C1,[#6H]1=[#7+](-[#8-])-[#6H2]-[#7+](-[#8-])=[#6H]-1,2
O=[C]([R])C=C[N]([R])C=CC(=O)[N]([R])[R],[#6H](=[#6H]-[#6](=[#8])-[#7](-[#0:1])-[#0:2])-[#7](-[#6H]=[#6H]-[#6](-[#0:3])=[#8])-[#0:4],2
O=C(C=C[N]([R])C=[N][R])[N]([R])[R],[#6H](=[#6H]-[#6](=[#8])-[#7](-[#0:1])-[#0:3])-[#7](-[#6H]=[#7]-[#0:2])-[#0:4],2
O=[C]([R])N=C([N]([R])[R])[N]([R])C=CC(=O)[O][R],[#0:1]-[#6](=[#8])/[#7]=[#6](\[#7](-[#6H]=[#6H]-[#6](=[#8])-[#8]-[#0:2])-[#0:4])-[#7](-[#0:3])-[#0:5],2
C=C1C=CC(=O)C=C1,[#6H]1=[#6H]-[#6](=[#8])-[#6H]=[#6]-[#6]-1=[#6H2],2
O=[C]([R])[N]([R])C=C[N]([R])[N]([R])[R],[#6H](=[#6H]-[#7](-[#6](=[#8])-[#0:1])-[#0:4])-[#7](-[#7](-[#0:2])-[#0:5])-[#0:3],2
C=CC(=C)[C](=O)[R],[#6H2]=[#6H]-[#6](=[#6H])-[#6](=[#8])-[#0:1],2
N#CC(C(=O)[N]([R])[R])=C1C=CC=N[N]1[R],[#6H]1=[#6]-[#6H]=[#7]-[#7](-[#0:1])/[#6]-1=[#6](\[#6]#[#7])-[#6](-[#7](-[#0:2])-[#0:3])=[#8],2
O=P([O][Na])([O][R])OP(=O)([O][Na])[O][R],[#0:1]-[#8]-[#15](=[#8])(-[#8]-[Na])-[#8]-[#15](=[#8])(-[#8]-[Na])-[#8]-[#0:2],2
O=C1C(=C[N]([R])[N]([R])[C](=O)[R])C=N[N]1[R],[#6H]1=[#7]-[#7](-[#0:1])-[#6](=[#8])/[#6]-1=[#6]\[#7](-[#7](-[#6](=[#8])-[#0:2])-[#0:4])-[#0:3],2
O=C1C(=CO)C=N[N]1[R],[#6H]1=[#7]-[#7](-[#0:1])-[#6](=[#8])/[#6]-1=[#6]\[#8],2
O=C(C1=C[N]([R])S(=O)(=O)N=C1)[N]([R])[R],[#6H]1=[#7]-[#16](=[#8])(=[#8])-[#7](-[#0:1])-[#6]=[#6]-1-[#6](=[#8])-[#7](-[#0:2])-[#0:3],2
O=[C]([R])C([O][R])[O][R],[#0:1]-[#8]-[#6H](-[#8]-[#0:2])-[#6](-[#0:3])=[#8],2
S=[P]([R])([R])[R],[#0:1]-[#15](=[#16])(-[#0:2])-[#0:3],2
O=C(C(=O)[N]([R])[N]([R])[R])[N]([R])[R],[#0:1]-[#7](-[#7](-[#6](=[#8])-[#6](=[#8])-[#7](-[#0:2])-[#0:5])-[#0:4])-[#0:3],2
[O-][N+]([R])=[N][R],[#0:1]/[#7]=[#7+](\[#8-])-[#0:2],2
O=C([N]([R])[N]([R])[R])[N]([R])[S](=O)(=O)[R],[#0:1]-[#16](=[#8])(=[#8])-[#7](-[#6](=[#8])-[#7](-[#7](-[#0:2])-[#0:3])-[#0:5])-[#0:4],2
O=[C]1OC[N](C(=O)[O][R])[R]1,[#0:1]1-[#6](=[#8])-[#8]-[#6]-[#7]-1-[#6](=[#8])-[#8]-[#0:2],2
[R][N]([R])[C](=[Car])[N]([R])[R],[#0:1]-[#7](-[#0:2])-[#6](=[#0:3])-[#7](-[#0:4])-[#0:5],2
O=[S](=O)([R])[N]([R])[S](=O)(=O)[R],[#0:1]-[#7](-[#16](-[#0:2])(=[#8])=[#8])-[#16](-[#0:3])(=[#8])=[#8],2
O=[C]([R])OCOCO[O][R],[#0:1]-[#6](=[#8])-[#8]-[#6H]-[#8]-[#6H2]-[#8]-[#8]-[#0:2],2
O=[C]([R])[N][R],[#0:1]-[#6](-[#7]-[#0:2])=[#8],2
O=[C]([R])ON=CC(=O)[N]([R])[R],[#0:1]-[#6](=[#8])-[#8]/[#7]=[#6H]\[#6](=[#8])-[#7](-[#0:2])-[#0:3],2
O=C(C(O)[N]([R])[R])[N]([R])[R],[#0:1]-[#7](-[#6H](-[#8])-[#6](=[#8])-[#7](-[#0:2])-[#0:3])-[#0:4],2
C=N[N]1[R][C](=O)C=C1[N]([R])[R],[#6H]1=[#6](-[#7](-[#0:2])-[#0:3])-[#7](-[#7]=[#6H])-[#0:1]-[#6]-1=[#8],2
O=[S](=O)([R])C=N[N]([R])[R],[#0:1]-[#7](-[#7]=[#6H]-[#16](-[#0:2])(=[#8])=[#8])-[#0:3],2
[S][R],[#0:1]-[#16],2
C=CC([S][R])[N]([R])[R],[#6H]=[#6H]-[#6](-[#7](-[#0:1])-[#0:2])-[#16]-[#0:3],2
O=C([O][R])C([S][R])[S][R],[#6H](-[#16]-[#0:2])(-[#16]-[#0:3])-[#6](=[#8])-[#8]-[#0:1],2
O=[C]1[R][S](=O)(=O)C[N]1[R],[#6H2]1-[#7](-[#0:1])-[#6](=[#8])-[#0:2]-[#16]-1(=[#8])=[#8],2
F[B](F)[Nar],[#7]-[#5](-[#9])-[#9],2
O=P(O)([O][R])OC[O][R],[#0:1]-[#8]-[#6H2]-[#8]-[#15](=[#8])(-[#8])-[#8]-[#0:2],2
O=C1C=C[N]([R])C([S][R])([N]([R])[R])[N]1[R],[#6H]1=[#6]-[#6](=[#8])-[#7](-[#6](-[#7](-[#0:1])-[#0:4])(-[#16]-[#0:2])-[#7]-1-[#0:5])-[#0:3],2
[R][S]C1=NC[N]([R])[N]1[R],[#6H2]1-[#7]=[#6](-[#16]-[#0:2])-[#7](-[#0:1])-[#7]-1-[#0:3],2
O=S(=O)([O-])[O][R],[#0:1]-[#8]-[#16](=[#8])(=[#8])-[#8-],2
O=[S](=O)([R])O[O-],[#0:1]-[#16](=[#8])(=[#8])-[#8]-[#8-],2
[R][S]C=[CH][Nar],[#6H](=[#6]-[#16]-[#0:1])-[#7],2
O=[C]1[R][N](C=[N][R])C=N[N]1[R],[#0:1]1-[#6](=[#8])-[#7](-[#7]=[#6H]-[#7]-1-[#6]=[#7]-[#0:2])-[#0:3],2
C=CC(=CC=CC=[N][R])[N]([R])[R],[#0:1]-[#7](/[#6](=[#6]/[#6]=[#6]/[#6]=[#7]/[#0:2])-[#6]=[#6H])-[#0:3],2
O=C1C(=CC=C([S][R])[N]([R])[R])C(=O)[N]([R])C(=S)[N]1[R],[#0:1]-[#7](/[#6](=[#6]/[#6]=[#6]1-[#6](=[#8])-[#7](-[#0:2])-[#6](=[#16])-[#7](-[#0:3])-[#6]-1=[#8])-[#16]-[#0:4])-[#0:5],2
[R][N]=CC=CC=C([S][R])[N]([R])[R],[#0:1]-[#7](/[#6](=[#6]\[#6]=[#6]\[#6]=[#7]\[#0:2])-[#16]-[#0:3])-[#0:4],2
[R][S]C(=CC=[N+]([R])[R])[N]([R])[R],[#0:1]-[#7](-[#6](=[#6]-[#6]=[#7+](-[#0:2])-[#0:3])-[#16]-[#0:4])-[#0:5],2
C=CC=CC=C(C=C)[N]([R])[R],[#0:1]-[#7](-[#6](=[#6]-[#6]=[#6H]-[#6]=[#6H])-[#6]=[#6H])-[#0:2],2
[R][N]=CC=CC=CC=C[N]([R])[R],[#0:1]-[#7](-[#6]=[#6]/[#6H]=[#6]\[#6]=[#6]\[#6]=[#7]\[#0:2])-[#0:3],2
[R][N]([R])C1C=CC=N[N]1[R],[#0:1]-[#7](-[#0:2])-[#6]1-[#6H]=[#6]-[#6H]=[#7]-[#7]-1-[#0:3],2
C#CC=CC#C,[#6H]#[#6]/[#6]=[#6]\[#6]#[#6H],2
C=CC=C([C](=O)[R])[N]([R])C(=O)[O][R],[#0:1]-[#6](=[#8])-[#6](-[#7](-[#6](=[#8])-[#8]-[#0:2])-[#0:3])=[#6H]-[#6H]=[#6H],2
[R][O]CO[N]([R])[R],[#0:1]-[#7](-[#8]-[#6H2]-[#8]-[#0:2])-[#0:3],2
N#CC(C(C#N)=C([S][R])[N]([R])[R])=C([S][R])[N]([R])[R],[#7]#[#6]-[#6](=[#6](/[#7](-[#0:3])-[#0:4])-[#16]-[#0:1])/[#6](-[#6]#[#7])=[#6](\[#7](-[#0:5])-[#0:6])-[#16]-[#0:2],2
O=C([O][R])C1OC1C(=O)[N]([R])[R],[#0:1]-[#8]-[#6](=[#8])-[#6H]1-[#8]-[#6H]-1-[#6](=[#8])-[#7](-[#0:2])-[#0:3],2
O=C([O][R])C(=C[N]([R])[R])N(C(=O)[O][R])C(=O)[O][R],[#0:1]-[#8]-[#6](=[#8])/[#6](=[#6H]/[#7](-[#0:4])-[#0:5])-[#7](-[#6](=[#8])-[#8]-[#0:2])-[#6](=[#8])-[#8]-[#0:3],2
O=C([O][R])C(=C[N]([R])C(=O)[O][R])N(C(=O)[O][R])C(=O)[O][R],[#0:1]-[#8]-[#6](=[#8])-[#6](=[#6H]-[#7](-[#0:2])-[#6](=[#8])-[#8]-[#0:3])-[#7](-[#6](=[#8])-[#8]-[#0:4])-[#6](=[#8])-[#8]-[#0:5],2
O=C([O][R])C(=N[N]([R])[R])[S](=O)(=O)[R],[#0:1]-[#8]-[#6](=[#8])/[#6](=[#7]/[#7](-[#0:2])-[#0:4])-[#16](=[#8])(=[#8])-[#0:3],2
O=C(N=C[N]([R])[R])[O][R],[#0:1]-[#8]-[#6](=[#8])/[#7]=[#6H]\[#7](-[#0:2])-[#0:3],2
N#CC=CC(=O)[O][R],[#0:1]-[#8]-[#6](=[#8])/[#6]=[#6H]/[#6]#[#7],2
O=C(C=CCl)[O][R],[#0:1]-[#8]-[#6](=[#8])/[#6]=[#6H]/[#17],2
C=C(C(=O)[O][R])[N]([R])[R],[#6]=[#6](-[#7](-[#0:1])-[#0:3])-[#6](=[#8])-[#8]-[#0:2],2
O=C([O][R])C(C(=O)[O][R])=C1C=CC=N[N]1[R],[#0:1]-[#8]-[#6](=[#8])-[#6](-[#6](=[#8])-[#8]-[#0:2])=[#6]1-[#6H]=[#6]-[#6H]=[#7]-[#7]-1-[#0:3],2
C=N[N]([R])C(=O)C(=O)[O][R],[#0:1]-[#8]-[#6](=[#8])-[#6](=[#8])-[#7](-[#7]=[#6H2])-[#0:2],2
O=[C]([R])OC(C(=O)[O][R])[N]([R])[C](=O)[R],[#0:1]-[#8]-[#6](=[#8])-[#6](-[#7](-[#6](=[#8])-[#0:2])-[#0:4])-[#8]-[#6](-[#0:3])=[#8],2
O=C(C=C[N]=[Car])[O][R],[#0:1]-[#8]-[#6](=[#8])-[#6H]=[#6H]-[#7]=[#0:2],2
O=C(C=CN=C1[S][R][C](=O)[N]1[R])[O][R],[#0:1]-[#8]-[#6](=[#8])-[#6H]=[#6H]-[#7]=[#6]1-[#16]-[#0:2]-[#6](=[#8])-[#7]-1-[#0:3],2
O=C(O)C(O)=C(O)C(=O)O,[#8]=[#6](-[#8])/[#6](-[#8])=[#6](/[#8])-[#6](=[#8])-[#8],2
O=[C]([R])OC(=O)N=C([N]([R])[R])[N]([R])C(=O)O[C](=O)[R],[#0:1]-[#7](/[#6](=[#7]\[#6](=[#8])-[#8]-[#6](=[#8])-[#0:2])-[#7](-[#6](=[#8])-[#8]-[#6](=[#8])-[#0:3])-[#0:5])-[#0:4],2
O=[C]([R])OC(=O)[N]([R])[R],[#0:1]-[#7](-[#6](=[#8])-[#8]-[#6](=[#8])-[#0:2])-[#0:3],2
O=C([O][R])[N]([R])C(=O)[O][R],[#0:1]-[#7](-[#6](=[#8])-[#8]-[#0:2])-[#6](=[#8])-[#8]-[#0:3],2
C=CO[N]([R])[R],[#6H](=[#6H])-[#8]-[#7](-[#0:1])-[#0:2],2
O=[C]1[R][N]([R])C(=[N][R])[N]1[R],[#8]=[#6]1-[#0:1]-[#7](-[#0:2])-[#6](=[#7]-[#0:3])-[#7]-1-[#0:4],2
[Cl][Zn][Cl],[#17]-[Zn]-[#17],2
ClC=C[O][R],[#0:1]-[#8]/[#6H]=[#6]\[#17],2
[R][S]C1=NC[N]([R])C[N]1[R],[#0:1]-[#7]1-[#6]-[#7]=[#6](-[#16]-[#0:2])-[#7](-[#6]-1)-[#0:3],2
C#CI,[#6H]#[#6]-[#53],2
C=C1C(=O)[N]([R])N=C[N]1[R],[#8]=[#6]1-[#6](=[#6H])-[#7](-[#6H]=[#7]-[#7]-1-[#0:1])-[#0:2],2
O=[C]([R])C=CC=C[N]([R])[R],[#0:1]-[#7](-[#0:2])/[#6]=[#6]/[#6]=[#6]/[#6](=[#8])-[#0:3],2
O=C[N]([R])C(=O)C=C[N]([R])[R],[#0:1]-[#7](-[#0:2])/[#6]=[#6H]/[#6](=[#8])-[#7](-[#6]=[#8])-[#0:3],2
O=[C]1N=C([N]([R])[R])[O][R]1,[#0:1]-[#7](-[#0:2])-[#6]1=[#7]-[#6](=[#8])-[#0:3]-[#8]-1,2
O=C(O)C=CC=N[N]([R])[R],[#0:1]-[#7](-[#0:2])-[#7]=[#6]/[#6]=[#6H]\[#6](=[#8])-[#8],2
[R][S][C](=[Car])[N]([R])[R],[#0:1]=[#6](-[#16]-[#0:2])-[#7](-[#0:3])-[#0:4],2
OCO,[#6H](-[#8])-[#8],2
O=C1C=CC(=C([N]([R])[R])[N]([R])[R])C=C1,[#0:1]-[#7](-[#6](=[#6]1-[#6]=[#6H]-[#6](=[#8])-[#6H]=[#6]-1)-[#7](-[#0:2])-[#0:3])-[#0:4],2
O=C(C=N[N]([R])C(=S)[N]([R])[R])[N]([R])[R],[#0:1]-[#7](-[#6](=[#8])/[#6H]=[#7]\[#7](-[#6](-[#7](-[#0:4])-[#0:5])=[#16])-[#0:3])-[#0:2],2
O=[C]([R])[CH]=[Car],[#0:1]=[#6]-[#6](=[#8])-[#0:2],2
O=[C]1N=C([N]([R])C(=O)[N]([R])[R])[N]([R])[R]1,[#0:1]-[#7]1-[#0:2]-[#6](=[#8])-[#7]=[#6]-1-[#7](-[#6](=[#8])-[#7](-[#0:3])-[#0:5])-[#0:4],2
C=C(F)C(=O)[N]([R])[R],[#6]=[#6](-[#9])-[#6](=[#8])-[#7](-[#0:1])-[#0:2],2
O=C(OC[N]([R])[C](=O)[R])[N]([R])[R],[#0:1]-[#7](-[#6](=[#8])-[#8]-[#6H2]-[#7](-[#6](-[#0:2])=[#8])-[#0:3])-[#0:4],2
[Car]=[N]C[N]=[Car],[#0:2]=[#7]-[#6H2]-[#7]=[#0:1],2
C=CC([O][R])=C1C(=O)C=CC1=O,[#0:1]-[#8]-[#6](-[#6]=[#6H])=[#6]1-[#6](=[#8])-[#6]=[#6H]-[#6]-1=[#8],2
O=C([O][R])C(=C[N]([R])[R])[N+](=O)[O-],[#0:1]-[#8]-[#6](=[#8])/[#6](=[#6]\[#7](-[#0:2])-[#0:3])-[#7+](=[#8])-[#8-],2
C=C[N]([R])[N]([R])C(=CC(=O)[O][R])C(=O)[O][R],[#0:1]-[#8]-[#6](=[#8])-[#6H]=[#6](-[#6](=[#8])-[#8]-[#0:2])-[#7](-[#7](-[#6H]=[#6H2])-[#0:3])-[#0:4],2
C=CC1=CC(=C[C](=O)[R])OCO1,[#0:1]-[#6](=[#8])-[#6H]=[#6]1-[#8]-[#6]-[#8]-[#6](=[#6H]-1)-[#6H]=[#6H],2
O=[C]([R])C([O][R])=C([C](=O)[R])[N]([R])[R],[#0:1]-[#8]-[#6](=[#6](-[#7](-[#0:4])-[#0:5])-[#6](=[#8])-[#0:2])-[#6](-[#0:3])=[#8],2
O=[C]([R])[N]([R])COP(=O)([O][Na])[O][Na],[#0:1]-[#7](-[#6]-[#8]-[#15](=[#8])(-[#8]-[Na])-[#8]-[Na])-[#6](=[#8])-[#0:2],2
O=[S](=O)([R])[O][K],[#0:1]-[#16](=[#8])(=[#8])-[#8]-[K],2
ON=CCl,[#6H](-[#17])=[#7]-[#8],2
O=[C]([R])C=CC1CO1,[#6H]1-[#8]-[#6]-1-[#6]=[#6]-[#6](=[#8])-[#0:1],2
O=[C]([R])C(O)[O][R],[#0:2]-[#8]-[#6H](-[#8])-[#6](=[#8])-[#0:1],2
C=CC(=O)[N]([R])C(=O)C=C,[#6H]=[#6]-[#6](=[#8])-[#7](-[#0:1])-[#6](-[#6]=[#6H])=[#8],2
C=NN=C([N]([R])[R])[N]([R])[R],[#6H]=[#7]-[#7]=[#6](-[#7](-[#0:1])-[#0:2])-[#7](-[#0:3])-[#0:4],2
C=CC=CC=CC=CC(=O)O,[#6H]=[#6]/[#6H]=[#6]/[#6]=[#6]/[#6H]=[#6]/[#6](=[#8])-[#8],2
C#CC(=O)O,[#6H]#[#6]-[#6](=[#8])-[#8],2
C=NN=C[N]([R])[R],[#6H2]=[#7]-[#7]=[#6H]-[#7](-[#0:1])-[#0:2],2
C=CC(=O)[N]([R])[N]([R])[R],[#6H]=[#6]-[#6](=[#8])-[#7](-[#0:2])-[#7](-[#0:1])-[#0:3],2
C=CC(=O)C(=O)O,[#6H]=[#6]-[#6](=[#8])-[#6](=[#8])-[#8],2
C=CC1=NC(=C)C(=O)[N]1[R],[#6H]=[#6]/[#6]1=[#7]/[#6](=[#6H])-[#6](=[#8])-[#7]-1-[#0:1],2
C=C1N=C([S][R])[N]([R])C1=O,[#6H]=[#6]1-[#7]=[#6](-[#16]-[#0:1])-[#7](-[#0:2])-[#6]-1=[#8],2
O=C(C(=[N][R])[N]([R])[R])[N]([R])[R],[#0:1]-[#7](-[#6](=[#8])-[#6](=[#7]-[#0:2])-[#7](-[#0:3])-[#0:5])-[#0:4],2
O=[C]([R])C=C[N]([Nar])[C](=O)[R],[#0:1]-[#6](=[#8])-[#7](-[#7])-[#6H]=[#6H]-[#6](=[#8])-[#0:2],2
O=[C]([R])[N]([R])C[N]([R])C(=O)[O][R],[#0:1]-[#6](=[#8])-[#7](-[#6]-[#7](-[#6](=[#8])-[#8]-[#0:2])-[#0:3])-[#0:4],2
S=C[N]([R])N=C[N]([R])[R],[#6H](=[#7]-[#7](-[#6H]=[#16])-[#0:2])-[#7](-[#0:1])-[#0:3],2
O=C([N]([R])[R])[N]([R])C=C[N+](=O)[O-],[#0:1]-[#7](-[#6](=[#8])-[#7](-[#0:2])-[#6H]=[#6H]-[#7+](=[#8])-[#8-])-[#0:3],2
S=C(C=C[N]([R])[R])[N]([R])[R],[#0:1]-[#7](-[#6H]=[#6]-[#6](=[#16])-[#7](-[#0:2])-[#0:4])-[#0:3],2
C=CC1N=C([N]([R])[R])N=C([N]([R])[R])[N]1[R],[#6H](-[#6]1-[#7]=[#6](-[#7](-[#0:3])-[#0:4])-[#7]=[#6](-[#7](-[#0:1])-[#0:5])-[#7]-1-[#0:2])=[#6H],2
O=[C]([R])[N]([R])C(=[N][R])[N]([R])C=[N][R],[#0:1]-[#7]=[#6](-[#7](-[#6](=[#8])-[#0:2])-[#0:5])-[#7](-[#0:3])-[#6H]=[#7]-[#0:4],2
O=[C]([R])[N]([R])[N]=[Car],[#0:1]=[#7]-[#7](-[#6](=[#8])-[#0:2])-[#0:3],2
C=CC(=O)[N]([R])[N]([R])[C](=O)[R],[#0:1]-[#6](=[#8])-[#7](-[#7](-[#6](=[#8])-[#6]=[#6H])-[#0:3])-[#0:2],2
O=C(ON=C[N]([R])[R])[N]([R])[R],[#0:1]-[#7](-[#6](=[#8])-[#8]-[#7]=[#6H]-[#7](-[#0:3])-[#0:4])-[#0:2],2
OC1=NN=CC=[C]([Nar])C1=C[N]([R])[R],[#0:1]-[#7](-[#6]=[#6]1-[#6](=[#6]-[#6]=[#7]-[#7]=[#6]-1-[#8])-[#7])-[#0:2],2
O=S([O][R])[O][R],[#0:1]-[#8]-[#16](=[#8])-[#8]-[#0:2],2
O=C(N1CSC=N1)[N]([R])[O][R],[#0:1]-[#8]-[#7](-[#0:2])-[#6](=[#8])-[#7]1-[#7]=[#6H]-[#16]-[#6H2]-1,2
N#CN=C([S][R])[N]([R])[R],[#0:1]-[#7](/[#6](=[#7]/[#6]#[#7])-[#16]-[#0:2])-[#0:3],2
[R][S]C=NN=C[N]([R])[R],[#0:1]-[#16]-[#6H]=[#7]-[#7]=[#6H]-[#7](-[#0:2])-[#0:3],2
O=P([O][Na])([O][Na])OP(=O)([O][Na])[O][R],[#0:1]-[#8]-[#15](=[#8])(-[#8]-[Na])-[#8]-[#15](=[#8])(-[#8]-[Na])-[#8]-[Na],2
S=C([N]([R])[R])[N]([R])[N]([R])[R],[#0:1]-[#7](-[#6](=[#16])-[#7](-[#7](-[#0:2])-[#0:5])-[#0:4])-[#0:3],2
C=C1C=CC(=O)C(C(=O)O)=C1,[#8]=[#6](-[#8])-[#6]1=[#6]-[#6](=[#6H2])-[#6]=[#6]-[#6]-1=[#8],2
O=[C]1[O][Pt]([N]([R])[R])([N]([R])[R])[O][C](=O)[R]1,[#7](-[Pt]1(-[#7](-[#0:4])-[#0:5])-[#8]-[#6](=[#8])-[#0:1]-[#6](=[#8])-[#8]-1)(-[#0:2])-[#0:3],2
C=C(C#N)C(=S)[N]([R])[R],[#7]#[#6]-[#6](=[#6H])-[#6](-[#7](-[#0:1])-[#0:2])=[#16],2
N#CC=C[C](=O)[R],[#7]#[#6]/[#6H]=[#6]\[#6](=[#8])-[#0:1],2
N#CC(=N[N]([R])[R])[C](=O)[R],[#7]#[#6]/[#6](=[#7]\[#7](-[#0:1])-[#0:3])-[#6](=[#8])-[#0:2],2
N#CC([C](=O)[R])=C([N]([R])[R])[N]([R])[C](=O)[R],[#7]#[#6]/[#6](-[#6](=[#8])-[#0:1])=[#6](/[#7](-[#6](=[#8])-[#0:2])-[#0:4])-[#7](-[#0:3])-[#0:5],2
N#CC=C[S](=O)(=O)[R],[#0:1]-[#16](=[#8])(=[#8])/[#6]=[#6]/[#6]#[#7],2
N#CN=C([O][R])[N]([R])[R],[#7]#[#6]/[#7]=[#6](/[#7](-[#0:1])-[#0:3])-[#8]-[#0:2],2
O=[C]1[R][N]=CN1C(=[N][R])[S][R],[#0:1]-[#16]-[#6](=[#7]-[#0:2])-[#7]1-[#6H]=[#7]-[#0:3]-[#6]-1=[#8],2
[R][N]=C[N]([R])[O][R],[#0:1]-[#8]-[#7](-[#6H]=[#7]-[#0:3])-[#0:2],2
O=[C]([R])N(C[O][R])C(=O)[N]([R])C[O][R],[#0:2]-[#7](-[#6]-[#8]-[#0:3])-[#6](=[#8])-[#7](-[#6]-[#8]-[#0:4])-[#6](=[#8])-[#0:1],2
O=C(C=CC(=CO)C(=O)[N]([R])[R])[N]([R])[R],[#0:1]-[#7](-[#0:2])-[#6](-[#6]=[#6H]-[#6](=[#6H]-[#8])-[#6](-[#7](-[#0:3])-[#0:4])=[#8])=[#8],2
O=P([O-])(O)[O][R],[#0:1]-[#8]-[#15](=[#8])(-[#8-])-[#8],2
C=C(C(=N[N]([R])[R])[C](=O)[R])S(=O)(=O)O,[#0:1]-[#6](=[#8])/[#6](=[#7]\[#7](-[#0:2])-[#0:3])-[#6](-[#16](=[#8])(=[#8])-[#8])=[#6H],2
O=[C]1[R][N](C[O][R])C[N]([R])C[N]([R])C([N]([R])[R])[N]1[R],[#7](-[#6]1-[#7](-[#6](=[#8])-[#0:1]-[#7](-[#6]-[#7](-[#6H]-[#7]-1-[#0:7])-[#0:6])-[#6H2]-[#8]-[#0:2])-[#0:5])(-[#0:3])-[#0:4],2
O=C(C(=C[N]([R])C(=O)[N]([R])[R])[N]([R])[C](=O)[R])[N]([R])[R],[#0:1]-[#7](-[#6](=[#8])/[#6](=[#6]/[#7](-[#6](-[#7](-[#0:5])-[#0:6])=[#8])-[#0:4])-[#7](-[#6](=[#8])-[#0:2])-[#0:7])-[#0:3],2
C=C1SC(=S)N([N]([R])[R])C1=O,[#7](-[#7]1-[#6](=[#8])-[#6](=[#6H])-[#16]-[#6]-1=[#16])(-[#0:1])-[#0:2],2
OC=N[N]([R])[R],[#6H](-[#8])=[#7]-[#7](-[#0:1])-[#0:2],2
[OH][Hg][R],[#0:1]-[Hg]-[#8H],2
O=C1C(O)=C(O)C(=O)C(O)=C1O,[#8]=[#6]1-[#6](-[#8])=[#6](-[#8])-[#6](=[#8])-[#6](-[#8])=[#6]-1-[#8],2
O=C(O)C=COCOC[O][R],[#8]=[#6](-[#8])-[#6H]=[#6]-[#8]-[#6H2]-[#8]-[#6H2]-[#8]-[#0:1],2
C=NOCO,[#6H2](-[#8])-[#8]-[#7]=[#6H],2
C=COC[N]([R])[C](=O)[R],[#6H](=[#6H])-[#8]-[#6H2]-[#7](-[#6](-[#0:2])=[#8])-[#0:1],2
C=CC(=O)C=C1C=CC(=O)O1,[#8]=[#6](/[#6]=[#6]1/[#6]=[#6H]-[#6](=[#8])-[#8]-1)-[#6]=[#6H],2
O=C1C=CC(=NO[C](=O)[R])C=C1,[#6H]1=[#6]-[#6](=[#8])-[#6H]=[#6]-[#6]-1=[#7]-[#8]-[#6](=[#8])-[#0:1],2
O=[C]1N=C[N]([R])[R]1,[#6H]1=[#7]-[#6](=[#8])-[#0:1]-[#7]-1-[#0:2],2
C=N[N]([R])C(=O)[N]([R])N=C,[#8]=[#6](-[#7](-[#7]=[#6H])-[#0:1])-[#7](-[#7]=[#6H])-[#0:2],2
C=N[N]([R])C(=O)C(=O)[N]([R])N=C,[#8]=[#6](-[#7](-[#7]=[#6H])-[#0:1])-[#6](=[#8])-[#7](-[#7]=[#6H])-[#0:2],2
O=C(ON([C](=O)[R])[C](=O)[R])[N]([R])[R],[#8]=[#6](-[#8]-[#7](-[#6](=[#8])-[#0:1])-[#6](-[#0:2])=[#8])-[#7](-[#0:3])-[#0:4],2
O=[C]([R])O[N]([R])C[S][R],[#0:1]-[#6](=[#8])-[#8]-[#7](-[#6]-[#16]-[#0:2])-[#0:3],2
O=C(C=C[N]([R])[C](=O)[R])C1CO1,[#8]=[#6](-[#7](-[#6H]=[#6]-[#6](=[#8])-[#6H]1-[#8]-[#6H2]-1)-[#0:2])-[#0:1],2
O=[C]([R])[N]([R])C[N]([R])C(=O)[N]([R])[R],[#0:1]-[#7](-[#6](=[#8])-[#0:2])-[#6H2]-[#7](-[#0:3])-[#6](=[#8])-[#7](-[#0:4])-[#0:5],2
O=[S](=O)([R])[N](O)[R],[#0:1]-[#16](=[#8])(=[#8])-[#7](-[#8])-[#0:2],2
O=[C]([R])C=C(C(=O)O)[N]([R])[R],[#8]=[#6](-[#8])/[#6](=[#6]/[#6](=[#8])-[#0:1])-[#7](-[#0:2])-[#0:3],2
C=C([S][R])C(=O)O,[#8]=[#6](-[#8])-[#6](-[#16]-[#0:1])=[#6H],2
O=C(O)C=CC=CC(=O)O,[#8]=[#6](-[#8])/[#6]=[#6]/[#6]=[#6]/[#6](=[#8])-[#8],2
C=NC=[N][R],[#6H]=[#7]-[#6]=[#7]-[#0:1],2
O=C(O)C(=O)O,[#8]=[#6](-[#8])-[#6](=[#8])-[#8],2
C=C(Cl)C=C1SC(=S)[N]([R])C1=O,[#0:1]-[#7]1-[#6](=[#8])/[#6](=[#6]/[#6](-[#17])=[#6H])-[#16]-[#6]-1=[#16],2
O=[C]([R])OCOCOCO[O][R],[#6H2](-[#8]-[#6](=[#8])-[#0:1])-[#8]-[#6H2]-[#8]-[#6H2]-[#8]-[#8]-[#0:2],2
O=[C]([R])C(Br)=C[N]([R])[R],[#0:1]-[#7](-[#6H]=[#6](-[#35])-[#6](=[#8])-[#0:2])-[#0:3],2
C=C(C(=O)O)[N]([R])C(=O)[O][R],[#8]=[#6](-[#7](-[#6](=[#6H])-[#6](=[#8])-[#8])-[#0:2])-[#8]-[#0:1],2
O=[C]([R])[O][Nar],[#8]=[#6](-[#8]-[#7])-[#0:1],2
C=CC=C([C](=O)[R])[C](=O)[R],[#8]=[#6](-[#6](=[#6]-[#6]=[#6H])-[#6](=[#8])-[#0:1])-[#0:2],2
O=[C]([R])[C]([Nar])=C([C](=O)[R])[N]([R])[R],[#8]=[#6](-[#6](-[#7](-[#0:1])-[#0:2])=[#6](-[#7])-[#6](=[#8])-[#0:3])-[#0:4],2
C=C(C(=O)C=N[N]([R])[R])S(=O)(=O)O,[#8]=[#6](-[#6](-[#16](=[#8])(=[#8])-[#8])=[#6H])-[#6H]=[#7]-[#7](-[#0:1])-[#0:2],2
C=CC(=O)C=N[N]([R])[R],[#8]=[#6](-[#6]=[#6H])-[#6H]=[#7]-[#7](-[#0:1])-[#0:2],2
O=[C]([R])C=C([O][R])[C](=O)[R],[#0:2]-[#6](=[#8])-[#6H]=[#6](-[#8]-[#0:3])-[#6](=[#8])-[#0:1],2
C=NN(C[N]([R])[R])[C](=O)[R],[#6H2]=[#7]-[#7](-[#6]-[#7](-[#0:1])-[#0:2])-[#6](=[#8])-[#0:3],2
O=C(C(=CO)[S][R])[N]([R])[R],[#8]=[#6](-[#7](-[#0:1])-[#0:3])-[#6](=[#6H]-[#8])-[#16]-[#0:2],2
O=C[N]([R])C=O,[#8]=[#6]-[#7](-[#6]=[#8])-[#0:1],2
O=N[N]([R])[N]([R])[C](=O)[R],[#0:1]-[#7](-[#6](=[#8])-[#0:2])-[#7](-[#0:3])-[#7]=[#8],2
O=N[S][R],[#0:1]-[#16]-[#7]=[#8],2
O=C([N]([R])[R])[N]([R])OS(=O)(=O)[O][Na],[#0:3]-[#7](-[#6](=[#8])-[#7](-[#8]-[#16](=[#8])(=[#8])-[#8]-[Na])-[#0:2])-[#0:1],2
O=[S](=O)([R])C=C[N]([R])[R],[#8]=[#16](=[#8])(-[#6]=[#6H]-[#7](-[#0:1])-[#0:3])-[#0:2],2
O=C1OCN=C1[S][R],[#6H2]1-[#7]=[#6](-[#16]-[#0:1])-[#6](=[#8])-[#8]-1,2
S=C1[N]([R])C[N]([R])C[N]1[R],[#16]=[#6]1-[#7](-[#0:1])-[#6]-[#7](-[#0:2])-[#6]-[#7]-1-[#0:3],2
S=P([O][R])([O][R])[S][R],[#0:1]-[#16]-[#15](=[#16])(-[#8]-[#0:2])-[#8]-[#0:3],2
[C-]#[N+][R],[#6-]#[#7+]-[#0:1],1
*[N]([R])[Ru]([O][Ru]([O][Ru]([N](*)[R])([N]([R])[R])([N]([R])[R])([N]([R])[R])[N]([R])[R])([N]([R])[R])([N]([R])[R])([N]([R])[R])[N]([R])[R])([N]([R])[R])([N]([R])[R])([N]([R])[R])[N]([R])[R],[#7](-[Ru](-[#7](-[#0:3])-[#0:4])(-[#7](-[#0:5])-[#0:6])(-[#7](-[#0:7])-[#0:8])(-[#7](-[#0:9])-[#0])-[#8]-[Ru](-[#7](-[#0:1])-[#0:2])(-[#7](-[#0:3])-[#0:4])(-[#7](-[#0:5])-[#0:6])(-[#7](-[#0:7])-[#0:8])-[#8]-[Ru](-[#7](-[#0:9])-[#0])(-[#7](-[#0:1])-[#0:2])(-[#7](-[#0:3])-[#0:4])(-[#7](-[#0:5])-[#0:6])-[#7](-[#0:7])-[#0:8])(-[#0:1])-[#0:2],1
[R][S]C([N]([R])[R])=[N+]([R])[R],[#0:1]-[#7+](=[#6](-[#16]-[#0:2])-[#7](-[#0:3])-[#0:4])-[#0:5],1
[R][N]([R])C=N[N+]([R])([R])[R],[#0:1]-[#7+](-[#0:2])(-[#0:3])-[#7]=[#6H]-[#7](-[#0:4])-[#0:5],1
O=C(O)C=C[N]([R])C=CC(=O)O,[#8]=[#6](-[#8])-[#6H]=[#6]-[#7](-[#6]=[#6H]-[#6](=[#8])-[#8])-[#0:1],1
[Li][Cl],[Li]-[#17],1
O=P([O][Na])([O][R])[S][R],[#0:1]-[#16]-[#15](=[#8])(-[#8]-[Na])-[#8]-[#0:2],1
O=C(O)C1=CSCN1[C](=O)[R],[#0:1]-[#6](=[#8])-[#7]1-[#6](-[#6](=[#8])-[#8])=[#6H]-[#16]-[#6H2]-1,1
O=[P](O)([R])OP(=O)(O)[O][R],[#0:1]-[#8]-[#15](=[#8])(-[#8])-[#8]-[#15](=[#8])(-[#8])-[#0:2],1
O=C(O)C([O][R])([O][R])C(=O)O,[#0:2]-[#8]-[#6](-[#6](=[#8])-[#8])(-[#6](=[#8])-[#8])-[#8]-[#0:1],1
O=[S](=O)([R])[N]([R])C[N]([R])[S](=O)(=O)[R],[#0:1]-[#16](=[#8])(=[#8])-[#7](-[#6]-[#7](-[#16](=[#8])(=[#8])-[#0:2])-[#0:4])-[#0:3],1
C=C(C(=O)O)N1C(=O)C([O][R])([N]([R])[C](=O)[R])C1[O][R],[#0:1]-[#8]-[#6]1(-[#7](-[#6](=[#8])-[#0:2])-[#0:4])-[#6](=[#8])-[#7](-[#6](-[#6](=[#8])-[#8])=[#6H2])-[#6H]-1-[#8]-[#0:3],1
O=[S](O)([R])=[N][R],[#7](=[#16](=[#8])(-[#8])-[#0:1])-[#0:2],1
[R][B-]([R])([R])[R],[#0:1]-[#5-](-[#0:2])(-[#0:3])-[#0:4],1
O=S(=O)(O)CO,[#6H](-[#8])-[#16](=[#8])(=[#8])-[#8],1
O=S(=O)(O)C[N]([R])[R],[#0:1]-[#7](-[#0:2])-[#6]-[#16](=[#8])(=[#8])-[#8],1
O=C([N]([R])[R])[N]([R])C(=O)[N]([R])[R],[#0:1]-[#7](-[#6](=[#8])-[#7](-[#0:2])-[#6](-[#7](-[#0:3])-[#0:5])=[#8])-[#0:4],1
O=[C]1N=C(O)[N]([R])[R]1,[#8]=[#6]1-[#7]=[#6](-[#8])-[#7](-[#0:1]-1)-[#0:2],1
C=N[N]1[R][C](=O)N=C1O,[#8]=[#6]1-[#0:1]-[#7](-[#7]=[#6H])-[#6](-[#8])=[#7]-1,1
[R][N][Cal],[#7](-[#0:1])-[#0:2],1
O=[N+]([O-])C=CO[N]([R])[R],[#0:1]-[#7](-[#8]-[#6H]=[#6H]-[#7+](=[#8])-[#8-])-[#0:2],1
C=CC=N[N]1[R][C](=O)[N]([R])C1=O,[#8]=[#6]1-[#0:1]-[#7](/[#7]=[#6]/[#6]=[#6H])-[#6](=[#8])-[#7]-1-[#0:2],1
O=C([N]([R])[R])[N]([R])[N+](=O)[O-],[#8]=[#6](-[#7](-[#0:1])-[#0:2])-[#7](-[#0:3])-[#7+](=[#8])-[#8-],1
[R][S][Zn][S][R],[#0:1]-[#16]-[Zn]-[#16]-[#0:2],1
C=CC=[N+]([O-])[R],[#8-]/[#7+](=[#6]\[#6]=[#6H])-[#0:1],1
O=C(O)N=NC(=O)O,[#8]=[#6](-[#8])/[#7]=[#7]/[#6](=[#8])-[#8],1
O=C(O)C(=O)C(=O)O,[#8]=[#6](-[#8])-[#6](=[#8])-[#6](=[#8])-[#8],1
C=C[P](=O)(O)[R],[#0:1]-[#15](=[#8])(-[#8])-[#6H]=[#6H],1
C#[C][Pt][C]#C,[#6H]#[#6]-[Pt]-[#6]#[#6H],1
[Cl][Pt][R],[#0:1]-[Pt]-[#17],1
[Cl][Pt][Cl],[#17]-[Pt]-[#17],1
[I][Pt][I],[#53]-[Pt]-[#53],1
*[Si]([R])([R])[Rh]([Cl])([S+]([R])[R])([S+]([R])[R])[Si]([R])([R])[R],[#0:1]-[#16+](-[#0:2])-[Rh](-[Si](-[#0:3])(-[#0:4])-[#0:5])(-[#17])(-[#16+](-[#0:6])-[#0:7])-[Si](-[#0:8])(-[#0:9])-[#0],1
[Cl][Rh]([R])([S+]([R])[R])([Si]([R])([R])[R])[P+]([R])([R])[R],[#0:1]-[#16+](-[#0:2])-[Rh](-[Si](-[#0:3])(-[#0:4])-[#0:5])(-[#17])(-[#15+](-[#0:6])(-[#0:7])-[#0:8])-[#0:9],1
C=NN=c1cccc[n]1[R],[#6]1=[#6]-[#6](=[#7]-[#7]=[#6H2])-[#7](-[#0:1])-[#6]=[#6]-1,1
OC[N]([R])C(=[N][R])[S][R],[#8]-[#6H2]-[#7](-[#6](-[#16]-[#0:1])=[#7]-[#0:2])-[#0:3],1
O=C(C=CBr)[O][R],[#6H](=[#6]-[#35])-[#6](=[#8])-[#8]-[#0:1],1
C=C(Br)C=N[N]([R])[R],[#35]-[#6](=[#6H])/[#6]=[#7]/[#7](-[#0:1])-[#0:2],1
C=CC=C[S][R],[#6H]=[#6H]-[#6H]=[#6H]-[#16]-[#0:1],1
C=C(Br)[C](=O)[R],[#8]=[#6](-[#6](-[#35])=[#6H])-[#0:1],1
[R][Se][Se][R],[#0:1]-[Se]-[Se]-[#0:2],1
Cl[Se](Cl)([R])[R],[#0:1]-[Se](-[#17])(-[#17])-[#0:2],1
O=C(C=N[N]([R])[S](=O)(=O)[R])[N]([R])[R],[#8]=[#6](-[#7](-[#0:1])-[#0:3])-[#6H]=[#7]-[#7](-[#16](=[#8])(=[#8])-[#0:2])-[#0:4],1
C=C([O][R])[N]([R])[R],[#6]=[#6](-[#7](-[#0:1])-[#0:3])-[#8]-[#0:2],1
O=[N+]([O-])C[N+](=O)[O-],[#6H2](-[#7+](=[#8])-[#8-])-[#7+](=[#8])-[#8-],1
[R][O]Br,[#0:1]-[#8]-[#35],1
II,[#53]-[#53],1
[R][Si]([R])([R])C#CBr,[#0:1]-[Si](-[#6]#[#6]-[#35])(-[#0:2])-[#0:3],1
C#CC#CC(=O)O,[#8]=[#6](-[#8])-[#6]#[#6]-[#6]#[#6H],1
C#CC#C[Si]([R])([R])[R],[#0:1]-[Si](-[#0:2])(-[#0:3])-[#6]#[#6]-[#6]#[#6H],1
O=C(N=NC(=O)[O][R])[O][R],[#0:1]-[#8]-[#6](=[#8])/[#7]=[#7]/[#6](=[#8])-[#8]-[#0:2],1
O=C([O][Na])C(=CC=CC(=O)[N]([R])[R])N(C[S][R])[C](=O)[R],[#0:1]-[#7](-[#0:2])-[#6](-[#6H]=[#6]-[#6H]=[#6](-[#6](=[#8])-[#8]-[Na])-[#7](-[#6](=[#8])-[#0:3])-[#6H2]-[#16]-[#0:4])=[#8],1
C=CC=CC=CC=N[O][R],[#6H]=[#6]-[#6H]=[#6H]-[#6H]=[#6]-[#6H]=[#7]-[#8]-[#0:1],1
N#CC=C(O)C1CO1,[#6H2]1-[#8]-[#6H]-1-[#6](-[#8])=[#6H]-[#6]#[#7],1
O=[C]([R])C=C1OCOC1[O][R],[#0:1]-[#8]-[#6H]1-[#8]-[#6]-[#8]-[#6]-1=[#6]-[#6](=[#8])-[#0:2],1
C=CC(O)(C=C)[O][R],[#6H2]=[#6]-[#6](-[#8])(-[#8]-[#0:1])-[#6H]=[#6H2],1
O=[C]([R])N(COC=[N][R])[C](=O)[R],[#0:1]-[#7]=[#6H]-[#8]-[#6H2]-[#7](-[#6](=[#8])-[#0:2])-[#6](-[#0:3])=[#8],1
O=[C]([R])OCOC(=O)C(=C[S][R])[N]([R])[C](=O)[R],[#0:1]-[#6](=[#8])-[#7](-[#6](-[#6](=[#8])-[#8]-[#6]-[#8]-[#6](=[#8])-[#0:2])=[#6H]-[#16]-[#0:3])-[#0:4],1
O=P([O][Na])([O][Na])C1CO1,[#6H2]1-[#8]-[#6H]-1-[#15](=[#8])(-[#8]-[Na])-[#8]-[Na],1
C=CC=CC=CC=CC=CC=CC=C,[#6H]=[#6]/[#6]=[#6]/[#6]=[#6]/[#6]=[#6]/[#6]=[#6]/[#6]=[#6]/[#6]=[#6H],1
O=C(c1nc(=N[S](=O)(=O)[R])[n]([R])[n]1[R])[N]([R])[R],[#0:1]-[#7]1-[#6](-[#6](-[#7](-[#0:4])-[#0:5])=[#8])=[#7]-[#6](=[#7]-[#16](=[#8])(=[#8])-[#0:2])-[#7]-1-[#0:3],1
[R][O]OCOCOC[N]([R])[R],[#6H2](-[#7](-[#0:1])-[#0:2])-[#8]-[#6H2]-[#8]-[#6H2]-[#8]-[#8]-[#0:3],1
O=[C]([R])[N]([R])S(=O)(=O)O,[#0:2]-[#6](=[#8])-[#7](-[#16](=[#8])(=[#8])-[#8])-[#0:1],1
O=C(C=C[S](=O)(=O)[R])[N]([R])[R],[#0:2]-[#7](-[#6](=[#8])-[#6H]=[#6]-[#16](=[#8])(=[#8])-[#0:3])-[#0:1],1
O=C=O,[#8]=[#6]=[#8],1
[R][Cr]([R])[R],[#0:1]-[Cr](-[#0:2])-[#0:3],1
O=[C]([R])[N]([R])[N+]([R])([R])[R],[#0:1]-[#7+](-[#0:2])(-[#0:3])-[#7](-[#6](=[#8])-[#0:4])-[#0:5],1
[R][N]([R])[N+]([R])([R])[R],[#0:1]-[#7+](-[#0:2])(-[#0:3])-[#7](-[#0:4])-[#0:5],1
[R][N+]1=C[N+]([R])(I)C=C1,[#0:1]-[#7+]1=[#6]-[#7+](-[#0:2])(-[#53])-[#6]=[#6]-1,1
C=CC=CC=C[NH][R],[#6H]=[#6]-[#6]=[#6]-[#6]=[#6]-[#7]-[#0:1],1
[R][S]C([S][R])[Si]([R])([R])[R],[#0:1]-[Si](-[#0:2])(-[#0:3])-[#6H](-[#16]-[#0:4])-[#16]-[#0:5],1
C=NOCON=C,[#6H2]=[#7]-[#8]-[#6]-[#8]-[#7]=[#6H2],1
N#CN=C[N]([R])[R],[#6H](=[#7]-[#6]#[#7])-[#7](-[#0:1])-[#0:2],1
C=NN1C[N]([R])[R][C]1=O,[#6H2]=[#7]-[#7]1-[#6](=[#8])-[#0:1]-[#7](-[#0:2])-[#6H]-1,1
O=CC=CC=C[N]([R])[R],[#6H](-[#6]=[#8])=[#6]/[#6H]=[#6]/[#7](-[#0:1])-[#0:2],1
O=C[N]([R])C=CSSC=C[N]([R])C=O,[#6H](=[#6H]-[#16]-[#16]-[#6H]=[#6H]-[#7](-[#6]=[#8])-[#0:1])-[#7](-[#6]=[#8])-[#0:2],1
C=CC#CC#CC=C,[#6H]=[#6]-[#6]#[#6]-[#6]#[#6]-[#6]=[#6H],1
C=CC(=C)[N]([R])[C](=O)[R],[#6H]=[#6H]-[#6](=[#6H])-[#7](-[#6](=[#8])-[#0:1])-[#0:2],1
O=C1C=CC([CH]=[Car])=N1,[#6H2]=[#6]-[#6]1=[#7]-[#6](=[#8])-[#6H]=[#6H]-1,1
C#CC1CO1,[#6]#[#6]-[#6H]1-[#8]-[#6H]-1,1
C=C[N]([R])O[C](=O)[R],[#6]=[#6H]-[#7](-[#8]-[#6](=[#8])-[#0:1])-[#0:2],1
C=C(OP(=O)(O)O)C(=O)O,[#6]=[#6](-[#8]-[#15](=[#8])(-[#8])-[#8])-[#6](=[#8])-[#8],1
C=CC(=COCOC[O][R])C(=O)[O][R],[#6H](=[#6H])-[#6](-[#6](-[#8]-[#0:1])=[#8])=[#6]-[#8]-[#6H2]-[#8]-[#6H2]-[#8]-[#0:2],1
O=C(C=COCOC[O][R])[N]([R])[R],[#6H2](-[#8]-[#6H2]-[#8]-[#0:1])-[#8]-[#6]=[#6H]-[#6](=[#8])-[#7](-[#0:2])-[#0:3],1
O=C(C=CO)[S][R],[#0:1]-[#16]-[#6](=[#8])-[#6H]=[#6H]-[#8],1
C=C=CN([C](=O)[R])[C](=O)[R],[#6]=[#6]=[#6]-[#7](-[#6](=[#8])-[#0:1])-[#6](-[#0:2])=[#8],1
O=[C]([R])O[N]([R])N=[N][R],[#0:1]-[#6](=[#8])-[#8]-[#7](-[#7]=[#7]-[#0:2])-[#0:3],1
C=C(C=[CH][Nar])[N]([R])[R],[#6]=[#6](-[#7](-[#0:1])-[#0:2])-[#6H]=[#6H]-[#7],1
C=CC1=CC(=CC(=O)[N]([R])[R])[N]([R])C1=O,[#6]=[#6]-[#6]1=[#6H]/[#6](=[#6]/[#6](-[#7](-[#0:1])-[#0:2])=[#8])-[#7](-[#6]-1=[#8])-[#0:3],1
C=CC1=CC(=O)[N]([R])C1=CC(C=C)=[N][R],[#0:1]-[#7]=[#6](-[#6]=[#6]1-[#7](-[#6](=[#8])-[#6H]=[#6]-1-[#6]=[#6])-[#0:2])-[#6H]=[#6H2],1
C=CC1=CC(=O)[N]([R])C1=CC(=O)[N]([R])[R],[#6]=[#6]-[#6]1=[#6H]-[#6](=[#8])-[#7](/[#6]-1=[#6]\[#6](-[#7](-[#0:2])-[#0:3])=[#8])-[#0:1],1
C=CC1=CC2=NC1=CC1=NC(=CC3=CC(=CO)C(=N3)C=C[N]([R])C=C2)C=C1,[#6]=[#6]-[#6]1=[#6H]-[#6]2=[#7]/[#6]-1=[#6]\[#6]1=[#7]/[#6](=[#6]\[#6]3=[#6H]-[#6](=[#6H]-[#8])-[#6](-[#6H]=[#6H]-[#7](\[#6H]=[#6]/2)-[#0:1])=[#7]-3)-[#6H]=[#6H]-1,1
[O-]C([O-])=C1C=C(C=C2C=CC([CH]=[Car])=N2)N=C1C=CN=C[CH]=[Car],[#6H2]=[#6]/[#6]1=[#7]\[#6](=[#6]/[#6]2=[#6H]-[#6](=[#6](-[#8-])-[#8-])-[#6](=[#7]-2)/[#6H]=[#6H]\[#7]=[#6H]/[#6]=[#6H2])-[#6H]=[#6H]-1,1
O=C1C=CC(=C([O][R])[N]([R])[R])C=C1F,[#0:2]-[#8]/[#6](=[#6]1\[#6]=[#6]-[#6](=[#8])-[#6](-[#9])=[#6]-1)-[#7](-[#0:1])-[#0:3],1
O=[C]([R])C(C=N[O][R])=C[N]([R])[R],[#0:1]-[#8]-[#7]=[#6H]-[#6](=[#6H]-[#7](-[#0:3])-[#0:4])-[#6](-[#0:2])=[#8],1
O=[S]([R])[S][R],[#0:1]-[#16]-[#16](=[#8])-[#0:2],1
O=C1C=C(Cl)C(=O)C(Cl)=C1,[#8]=[#6]1-[#6](-[#17])=[#6H]-[#6](=[#8])-[#6H]=[#6]-1-[#17],1
N#CC(C#N)=C(C(F)=CF)C(F)=CF,[#7]#[#6]-[#6](-[#6]#[#7])=[#6](-[#6](-[#9])=[#6H]-[#9])-[#6](=[#6H]-[#9])-[#9],1
O=C([O][R])[N]([R])C=C[O][R],[#0:1]-[#8]-[#6H]=[#6]-[#7](-[#6](=[#8])-[#8]-[#0:2])-[#0:3],1
O=C1C=CC([S][R])([S](=O)[R])O1,[#6H]1=[#6H]-[#6](-[#8]-[#6]-1=[#8])(-[#16]-[#0:1])-[#16](-[#0:2])=[#8],1
O=C1C2SSC(C(=O)[N]2[R])[N]1[R],[#8]=[#6]1-[#7](-[#0:1])-[#6H]2-[#16]-[#16]-[#6H]-1-[#7](-[#0:2])-[#6]-2=[#8],1
O=C(C=N[P](=O)([R])[R])[O][R],[#6H](=[#7]-[#15](=[#8])(-[#0:1])-[#0:2])-[#6](=[#8])-[#8]-[#0:3],1
O=[C]([R])OC([O][R])C(=O)[O][R],[#0:1]-[#8]-[#6](=[#8])-[#6H](-[#8]-[#6](-[#0:2])=[#8])-[#8]-[#0:3],1
O=C([O][R])C1=C[N]([R])[R][C]1=O,[#0:1]-[#8]-[#6](=[#8])-[#6]1=[#6H]-[#7](-[#0:2]-[#6]-1=[#8])-[#0:3],1
O=[C]([R])[O][Eu]([O][C](=O)[R])[O][C](=O)[R],[#0:1]-[#6](=[#8])-[#8]-[Eu](-[#8]-[#6](=[#8])-[#0:2])-[#8]-[#6](=[#8])-[#0:3],1
O=[C]([R])[O][Gd]([O][C](=O)[R])[O][C](=O)[R],[#0:1]-[#6](=[#8])-[#8]-[Gd](-[#8]-[#6](=[#8])-[#0:2])-[#8]-[#6](=[#8])-[#0:3],1
O=[C]([R])O[B]([R])O[C](=O)[R],[#0:1]-[#6](=[#8])-[#8]-[#5](-[#0:2])-[#8]-[#6](=[#8])-[#0:3],1
O=[S](=O)([R])[N]([R])Br,[#0:1]-[#16](=[#8])(=[#8])-[#7](-[#35])-[#0:2],1
C=[N+]([R])[B-](F)(F)[O][R],[#9]-[#5-](-[#9])(-[#8]-[#0:1])-[#7+](=[#6H])-[#0:2],1
O=[C]([R])OCOC(=O)[N]([R])[R],[#6H](-[#8]-[#6](=[#8])-[#7](-[#0:1])-[#0:3])-[#8]-[#6](=[#8])-[#0:2],1
C=N[N]([R])[S](=O)[R],[#8]=[#16](-[#7](-[#7]=[#6H])-[#0:2])-[#0:1],1
O=C1OC[N]([R])C1[S][R],[#6H]1(-[#16]-[#0:1])-[#7](-[#6H2]-[#8]-[#6]-1=[#8])-[#0:2],1
[Cl][Au][S+]([R])[R],[#17]-[Au]-[#16+](-[#0:1])-[#0:2],1
O=[C]([R])C(=C[N]([R])C(=O)[O][R])C(=O)[O][R],[#0:1]-[#8]-[#6](=[#8])-[#6](=[#6]-[#7](-[#6](=[#8])-[#8]-[#0:2])-[#0:3])-[#6](-[#0:4])=[#8],1
[R][N]([R])N=NC1=NCOC=C1,[#6H]1=[#6]-[#6](/[#7]=[#7]/[#7](-[#0:1])-[#0:2])=[#7]-[#6]-[#8]-1,1
[R][N]=C(N=C([N]([R])[R])[N]([R])[R])[N]([R])[R],[#7](-[#6](=[#7]-[#0:1])/[#7]=[#6](/[#7](-[#0:5])-[#0:6])-[#7](-[#0:2])-[#0:7])(-[#0:3])-[#0:4],1
O=C1C=CC([O][R])([O][R])C=C1,[#8]=[#6]1-[#6]=[#6]-[#6](-[#6]=[#6]-1)(-[#8]-[#0:1])-[#8]-[#0:2],1
C1=CC=CC=CC=C1,[#6H]1=[#6H]-[#6]=[#6]-[#6H]=[#6H]-[#6]=[#6]-1,1
[R][N]=c1nccc[n]1[R],[#0:1]-[#7]=[#6]1-[#7]=[#6H]-[#6]=[#6]-[#7]-1-[#0:2],1
O=C1C([S][R])[N]([R])C(=O)C([S][R])[N]1[R],[#0:1]-[#16]-[#6H]1-[#7](-[#0:2])-[#6](=[#8])-[#6H](-[#16]-[#0:3])-[#7](-[#0:4])-[#6]-1=[#8],1
C=CC(=O)C([S][R])[S][R],[#6H2]=[#6]-[#6](=[#8])-[#6H](-[#16]-[#0:1])-[#16]-[#0:2],1
[R][N]=C([S][R])[N]([R])C(=[N][R])[S][R],[#0:1]/[#7]=[#6](\[#16]-[#0:2])-[#7](-[#0:3])-[#6](=[#7]-[#0:4])-[#16]-[#0:5],1
C=CC(O)[O][R],[#6]=[#6]-[#6H](-[#8])-[#8]-[#0:1],1
O=C(C=NO)[O][R],[#0:1]-[#8]-[#6](=[#8])/[#6H]=[#7]\[#8],1
O=[C]([R])C=C[S][R],[#0:1]-[#16]/[#6]=[#6]/[#6](=[#8])-[#0:2],1
O=CC=C[N]([R])C(=O)[O][R],[#6H](-[#6]=[#8])=[#6]-[#7](-[#6](=[#8])-[#8]-[#0:2])-[#0:1],1
O=C(Cl)[C](=O)[R],[#8]=[#6](-[#17])-[#6](=[#8])-[#0:1],1
O=C(C=C[S](=O)[R])[N]([R])[R],[#0:1]-[#7](-[#6](=[#8])/[#6]=[#6]/[#16](-[#0:2])=[#8])-[#0:3],1
O[B]([R])[B]([R])[R],[#5](-[#5](-[#8])-[#0:1])(-[#0:2])-[#0:3],1
C#CC=O,[#6H]#[#6]-[#6]=[#8],1
O=C(C#C[N]([R])[S](=O)(=O)[R])[O][R],[#0:1]-[#8]-[#6](=[#8])-[#6]#[#6]-[#7](-[#0:2])-[#16](=[#8])(=[#8])-[#0:3],1
O=[N+](O)[R],[#0:1]-[#7+](=[#8])-[#8],1
[R][N+]([R])[R],[#0:1]-[#7+](-[#0:2])-[#0:3],1
[Cl][Pd]([Cl])([N+]([R])([R])[R])[N+]([R])([R])[R],[#0:1]-[#7+](-[#0:2])(-[#0:3])-[Pd](-[#7+](-[#0:4])(-[#0:5])-[#0:6])(-[#17])-[#17],1
O=[N+]([O-])[O][Pd]([O][N+](=O)[O-])([N+]([R])([R])[R])[N+]([R])([R])[R],[#0:1]-[#7+](-[#0:2])(-[#0:3])-[Pd](-[#7+](-[#0:4])(-[#0:5])-[#0:6])(-[#8]-[#7+](=[#8])-[#8-])-[#8]-[#7+](=[#8])-[#8-],1
[Nar+][Ru]([Nar+])([Nar+])([Nar+])([Nar+])[Nar+],[#7+]-[Ru](-[#7+])(-[#7+])(-[#7+])(-[#7+])-[#7+],1
O=[C]([R])[N]([R])C=[N+]([R])[R],[#0:1]-[#7](-[#6]=[#7+](-[#0:2])-[#0:3])-[#6](-[#0:4])=[#8],1
C=C[O][Gd]([OH])([OH])([O][C](=O)[R])[O][C](=O)[R],[#6H](=[#6])-[#8]-[Gd](-[#8H])(-[#8H])(-[#8]-[#6](=[#8])-[#0:1])-[#8]-[#6](=[#8])-[#0:2],1
O=[C]([R])[O][Nar+],[#0:1]-[#6](=[#8])-[#8]-[#7+],1
BrC=CBr,[#35]-[#6H]=[#6H]-[#35],1
O=[C]1[R][N]([R])C(=O)[N]([R])[N]1[R],[#0:1]1-[#6](=[#8])-[#7](-[#7](-[#0:2])-[#6](=[#8])-[#7]-1-[#0:3])-[#0:4],1
[R][O]C(C([O][R])[N]([R])[R])[N]([R])[R],[#0:2]-[#7](-[#6](-[#6](-[#7](-[#0:3])-[#0:6])-[#8]-[#0:4])-[#8]-[#0:1])-[#0:5],1
[R][N]([R])C[N]([R])C[N]([R])[R],[#0:1]-[#7](-[#0:2])-[#6]-[#7](-[#0:3])-[#6]-[#7](-[#0:4])-[#0:5],1
[R][N]1C=NN=C[N]1[R],[#6H]1=[#7]-[#7]=[#6H]-[#7](-[#7]-1-[#0:2])-[#0:1],1
O=[C]([R])C(Br)=C(Br)[C](=O)[R],[#8]=[#6](-[#6](-[#35])=[#6](-[#35])-[#6](=[#8])-[#0:1])-[#0:2],1
C=C(C(=O)[O][R])C(O)[N]([R])[R],[#0:1]-[#8]-[#6](=[#8])-[#6](=[#6H2])-[#6](-[#7](-[#0:2])-[#0:3])-[#8],1
O=C[N]([R])CS(=O)(=O)[S](=O)(=O)[R],[#0:1]-[#16](=[#8])(=[#8])-[#16](=[#8])(=[#8])-[#6H]-[#7](-[#6]=[#8])-[#0:2],1
F[B-](F)([R])[Nar+],[#9]-[#5-](-[#9])(-[#0:1])-[#7+],1
O=C(O)C(=O)[N]([R])[C](=O)[R],[#8]=[#6](-[#8])-[#6](=[#8])-[#7](-[#6](=[#8])-[#0:1])-[#0:2],1
[R][S]=[Car],[#0:1]=[#16]-[#0:2],1
[R][O]P([O][R])[O][R],[#0:1]-[#8]-[#15](-[#8]-[#0:2])-[#8]-[#0:3],1
C=CC([N]([R])C=O)[S](=O)(=O)[R],[#0:1]-[#16](=[#8])(=[#8])-[#6](-[#6]=[#6H])-[#7](-[#6]=[#8])-[#0:2],1
O=C([O][R])[N]([R])C[S](=O)(=O)[R],[#0:1]-[#8]-[#6](=[#8])-[#7](-[#6H]-[#16](=[#8])(=[#8])-[#0:2])-[#0:3],1
C=CO[S](=O)(=O)[R],[#8]=[#16](=[#8])(-[#8]-[#6H]=[#6H])-[#0:1],1
O=[C]([R])O[I]([R])[R],[#8]=[#6](-[#8]-[#53](-[#0:1])-[#0:2])-[#0:3],1
*[P+]([R])([R])[Rh]([Cl])([R])([S+]([R])[R])([S+]([R])[R])[Si]([R])([R])[R],[#0:1]-[#16+](-[#0:2])-[Rh](-[Si](-[#0:3])(-[#0:4])-[#0:5])(-[#16+](-[#0:6])-[#0:7])(-[#17])(-[#15+](-[#0:8])(-[#0:9])-[#0])-[#0:1],1
O=[C]([R])C=C([C](=O)[R])[C](=O)[R],[#0:1]-[#6](=[#8])-[#6](=[#6]-[#6](=[#8])-[#0:2])-[#6](-[#0:3])=[#8],1
[Cl][Pt]([Cl])([N]([R])[R])[N]([R])[R],[#17]-[Pt](-[#17])(-[#7](-[#0:1])-[#0:3])-[#7](-[#0:2])-[#0:4],1
O=[N+]([O-])[O][Pt]([O][N+](=O)[O-])([N]([R])[R])[N]([R])[R],[#8]=[#7+](-[#8-])-[#8]-[Pt](-[#8]-[#7+](=[#8])-[#8-])(-[#7](-[#0:1])-[#0:3])-[#7](-[#0:2])-[#0:4],1
[R][N]=c1ccc(=[N][R])[n]([R])[n]1[R],[#6]1=[#6]-[#6](=[#7]-[#0:1])-[#7](-[#0:2])-[#7](-[#0:3])-[#6]-1=[#7]-[#0:4],1
[R][N]([R])CN(C[N]([R])[R])C[N]([R])[R],[#6H](-[#7](-[#0:2])-[#0:4])-[#7](-[#6H]-[#7](-[#0:3])-[#0:5])-[#6H]-[#7](-[#0:1])-[#0:6],1
O=C([O][R])C(C=C([S][R])[S][R])=CC([S][R])[S][R],[#0:1]-[#8]-[#6](=[#8])-[#6](-[#6H]=[#6](-[#16]-[#0:2])-[#16]-[#0:3])=[#6H]-[#6](-[#16]-[#0:4])-[#16]-[#0:5],1
C=CC=CC(=O)[N](O)[R],[#6H](/[#6]=[#6]/[#6](=[#8])-[#7](-[#8])-[#0:1])=[#6H],1
C=CC=CC(O)=C1[C](=O)[R][N]([R])C1=O,[#6H](/[#6]=[#6]/[#6](-[#8])=[#6]1/[#6](=[#8])-[#0:1]-[#7](-[#6]-1=[#8])-[#0:2])=[#6H],1
O=[C]1[R][O]C([O][R])C2OC12,[#0:1]-[#8]-[#6H]1-[#8]-[#0:2]-[#6](=[#8])-[#6H]2-[#8]-[#6H]-1-2,1
C=CC=CC=CC=C[C](=O)[R],[#0:1]-[#6](=[#8])/[#6]=[#6]/[#6]=[#6H]/[#6]=[#6]/[#6H]=[#6H2],1
[R][N]=C([N]([R])[R])[N]([R])N=CC=N[N]([R])C(=[N][R])[N]([R])[R],[#6H](/[#6]=[#7]/[#7](-[#6](=[#7]-[#0:2])-[#7](-[#0:3])-[#0:4])-[#0:1])=[#7]\[#7](-[#6](=[#7]-[#0:6])-[#7](-[#0:7])-[#0:8])-[#0:5],1
O=[C]([R])C=CC=C([S][R])[S][R],[#0:1]-[#6](=[#8])/[#6]=[#6]/[#6H]=[#6](-[#16]-[#0:2])-[#16]-[#0:3],1
C=C(C(=O)O)[C](=O)[R],[#0:1]-[#6](=[#8])-[#6](=[#6H])-[#6](=[#8])-[#8],1
C=C([C](=O)[R])[N+](=O)[O-],[#0:1]-[#6](=[#8])-[#6](=[#6H])-[#7+](=[#8])-[#8-],1
O=[C]([R])C(=C[N]([R])[R])C(=S)[N]([R])[R],[#0:1]-[#6](=[#8])/[#6](=[#6]/[#7](-[#0:2])-[#0:4])-[#6](=[#16])-[#7](-[#0:3])-[#0:5],1
O=[C]([R])C=CC(=O)[N]([R])[R],[#0:1]-[#6](=[#8])/[#6]=[#6H]\[#6](=[#8])-[#7](-[#0:2])-[#0:3],1
C=N[C](=O)[R],[#0:1]-[#6](=[#8])-[#7]=[#6H2],1
C=C1SC(=N[C](=O)[R])[N]([R])C1=O,[#0:1]-[#6](=[#8])/[#7]=[#6]1\[#7](-[#6](=[#8])-[#6](=[#6H])-[#16]-1)-[#0:2],1
O=[C]([R])C1=N[N]([R])C[N]1[R],[#0:1]-[#6](=[#8])-[#6]1=[#7]-[#7](-[#0:2])-[#6H]-[#7]-1-[#0:3],1
O=C(C(C=[N][R])=N[N]([R])[R])[N]([R])[R],[#0:1]-[#7](/[#7]=[#6](/[#6](-[#7](-[#0:4])-[#0:5])=[#8])-[#6H]=[#7]-[#0:2])-[#0:3],1
C=CC(=C1C=C(Cl)C(=O)C(Cl)=C1)[N]([R])[R],[#0:1]-[#7](-[#6](=[#6]1-[#6]=[#6](-[#17])-[#6](=[#8])-[#6](-[#17])=[#6]-1)-[#6]=[#6H])-[#0:2],1
O=[C]([R])C(Cl)=C([C](=O)[R])[N]([R])[C](=O)[R],[#0:1]-[#6](=[#8])-[#7](-[#6](=[#6](-[#17])-[#6](=[#8])-[#0:2])-[#6](-[#0:3])=[#8])-[#0:4],1
O=[C]([R])C([N]([R])[C](=O)[R])[S](=O)(=O)[R],[#0:1]-[#6](=[#8])-[#7](-[#6H](-[#6](=[#8])-[#0:2])-[#16](=[#8])(=[#8])-[#0:3])-[#0:4],1
O=[C]([R])[N]([R])N=C[S][R],[#0:1]-[#6](=[#8])-[#7](/[#7]=[#6H]/[#16]-[#0:2])-[#0:3],1
O=[C]([R])[N]([R])C1SC=NC1O,[#0:1]-[#6](=[#8])-[#7](-[#0:2])-[#6]1-[#6H](-[#8])-[#7]=[#6H]-[#16]-1,1
O=[C]([R])N1CN([C](=O)[R])CN([C](=O)[R])C1,[#0:1]-[#6](=[#8])-[#7]1-[#6]-[#7](-[#6](-[#0:2])=[#8])-[#6]-[#7](-[#6](-[#0:3])=[#8])-[#6]-1,1
O=[C]([R])[N]([R])C[N]([R])C[N]([R])[C](=O)[R],[#0:1]-[#6](=[#8])-[#7](-[#6]-[#7](-[#6]-[#7](-[#6](-[#0:2])=[#8])-[#0:3])-[#0:4])-[#0:5],1
O=[C]([R])[N]([R])Br,[#0:1]-[#6](=[#8])-[#7](-[#35])-[#0:2],1
O=[C]([R])C([S][R])[N]([R])[C](=O)[R],[#0:1]-[#6](=[#8])-[#7](-[#6](-[#16]-[#0:2])-[#6](=[#8])-[#0:3])-[#0:4],1
O=[C]([R])C=C([S][R])[N]([R])[C](=O)[R],[#0:1]-[#6](=[#8])-[#7](-[#6](=[#6H]-[#6](=[#8])-[#0:2])-[#16]-[#0:3])-[#0:4],1
O=[S](=O)([R])N=[S]([R])[R],[#0:1]-[#16](=[#8])(=[#8])-[#7]=[#16](-[#0:2])-[#0:3],1
O=[As]([R])([R])[R],[#0:1]-[As](=[#8])(-[#0:2])-[#0:3],1
O=[S]([R])C[O][R],[#6H2](-[#8]-[#0:1])-[#16](-[#0:2])=[#8],1
[N-]=[N+]=N[C](=O)[R],[#0:1]-[#6](=[#8])-[#7]=[#7+]=[#7-],1
O=[C]([R])ON=CC(=CC(=O)[N]([R])[R])[N]([R])[R],[#0:1]-[#6](=[#8])-[#8]-[#7]=[#6H]/[#6](=[#6H]/[#6](=[#8])-[#7](-[#0:2])-[#0:4])-[#7](-[#0:3])-[#0:5],1
C=C(OC[O][R])[C](=O)[R],[#6H]=[#6](-[#8]-[#6H]-[#8]-[#0:1])-[#6](=[#8])-[#0:2],1
O=[C]([R])OCOC[O][R],[#0:1]-[#8]-[#6H2]-[#8]-[#6H]-[#8]-[#6](-[#0:2])=[#8],1
C=CC=CO[C](=O)[R],[#0:1]-[#6](=[#8])-[#8]-[#6H]=[#6]-[#6H]=[#6H],1
O=[C]([R])OC=N[O][R],[#0:1]-[#6](=[#8])-[#8]-[#6H]=[#7]-[#8]-[#0:2],1
OC1CO1,[#6H2]1-[#8]-[#6H]-1-[#8],1
O=[C]([R])OC1CO1,[#6H]1-[#8]-[#6H]-1-[#8]-[#6](-[#0:1])=[#8],1
OCO[N]([R])[R],[#0:1]-[#7](-[#0:2])-[#8]-[#6H]-[#8],1
O=[C]([R])[O][Mg][Cl],[#0:1]-[#6](=[#8])-[#8]-[Mg]-[#17],1
C=CC=N[S](=O)[R],[#0:1]-[#16](=[#8])/[#7]=[#6H]/[#6]=[#6H],1
C=[C]([Nar])[C](=O)[R],[#0:1]-[#6](=[#8])-[#6](=[#6H])-[#7],1
O=[C]([R])C(=[N][R])[N]([R])[N]([R])[R],[#0:1]-[#6](=[#8])/[#6](=[#7]/[#0:2])-[#7](-[#7](-[#0:3])-[#0:5])-[#0:4],1
O=[C]([R])[C]([Nar+])=C([S-])[N]([R])[R],[#0:1]-[#6](=[#8])-[#6](=[#6](-[#16-])-[#7](-[#0:2])-[#0:3])-[#7+],1
O=C([N]([R])[R])P(=O)([O][R])[O][R],[#0:1]-[#8]-[#15](=[#8])(-[#8]-[#0:2])-[#6](=[#8])-[#7](-[#0:3])-[#0:4],1
O=[S](=O)([R])N=c1scc[n]1[R],[#6H]1=[#6]-[#16]-[#6](=[#7]-[#16](=[#8])(=[#8])-[#0:1])-[#7]-1-[#0:2],1
O=C1C([N]([R])[R])=CS(=O)(=O)[N]1[R],[#0:1]-[#7]1-[#6](=[#8])-[#6](-[#7](-[#0:2])-[#0:3])=[#6H]-[#16]-1(=[#8])=[#8],1
C=C(F)F,[#6H2]=[#6](-[#9])-[#9],1
[R][S][N]([R])[R],[#0:1]-[#7](-[#16]-[#0:2])-[#0:3],1
O=C(O)C=C[N]([R])[C](=O)[R],[#0:1]-[#6](=[#8])-[#7](-[#6H]=[#6H]-[#6](=[#8])-[#8])-[#0:2],1
C=CC=N[N]([R])C(=O)C(=C)[N]([R])[C](=O)[R],[#6H2]=[#6](-[#7](-[#6](=[#8])-[#0:1])-[#0:2])-[#6](=[#8])-[#7](/[#7]=[#6]/[#6]=[#6H])-[#0:3],1
C=C([C](=O)[R])C([O][R])[N]([R])[R],[#0:1]-[#6](=[#8])-[#6](=[#6H])-[#6](-[#8]-[#0:2])-[#7](-[#0:3])-[#0:4],1
O=[C]([R])C1=COC([N]([R])[R])C=C1,[#6H]1=[#6]-[#6](=[#6H]-[#8]-[#6]-1-[#7](-[#0:2])-[#0:3])-[#6](-[#0:1])=[#8],1
C=COCO[C](=O)[R],[#6H2]=[#6]-[#8]-[#6H]-[#8]-[#6](=[#8])-[#0:1],1
O=C1C(=CC=[N+]([R])[R])C([O-])=C1C=C[N]([R])[R],[#0:1]-[#7](/[#6H]=[#6]\[#6]1=[#6](-[#8-])/[#6](=[#6]/[#6H]=[#7+](-[#0:2])-[#0:3])-[#6]-1=[#8])-[#0:4],1
O=C(C=NC(=O)[N]([R])[N]([R])[R])[N]([R])[R],[#0:1]-[#7](-[#6](=[#8])-[#6H]=[#7]-[#6](=[#8])-[#7](-[#7](-[#0:4])-[#0:5])-[#0:3])-[#0:2],1
[R][N]=CC=C1[N]([R])N=C([S][R])[N]1[R],[#0:1]-[#16]-[#6]1=[#7]-[#7](-[#6](=[#6H]-[#6]=[#7]-[#0:2])-[#7]-1-[#0:3])-[#0:4],1
O=C([O][R])OCN([C](=O)[R])[C](=O)[R],[#0:1]-[#8]-[#6](=[#8])-[#8]-[#6]-[#7](-[#6](=[#8])-[#0:2])-[#6](-[#0:3])=[#8],1
O=C([O][R])[N]([R])C(=O)[N]([R])[S](=O)(=O)[R],[#0:1]-[#7](-[#6](=[#8])-[#7](-[#6](=[#8])-[#8]-[#0:2])-[#0:4])-[#16](-[#0:3])(=[#8])=[#8],1
O=[C]([Nar])C=N[N]([R])[C](=O)[R],[#7]-[#6](=[#8])-[#6H]=[#7]-[#7](-[#0:1])-[#6](=[#8])-[#0:2],1
[R][N]([R])[N]([R])C=C([CH]=[Car])[N]=[Car],[#0:1]-[#7](-[#7](/[#6H]=[#6](\[#6]=[#0:2])-[#7]=[#0:3])-[#0:5])-[#0:4],1
O=P(OP(=O)([N]([R])[R])[N]([R])[R])([N]([R])[R])[N]([R])[R],[#0:1]-[#7](-[#15](=[#8])(-[#7](-[#0:2])-[#0:6])-[#8]-[#15](=[#8])(-[#7](-[#0:3])-[#0:7])-[#7](-[#0:4])-[#0:8])-[#0:5],1
O=[C]([R])[N]([R])C=N[S](=O)(=O)[R],[#0:1]-[#6](=[#8])-[#7](-[#6H]=[#7]-[#16](=[#8])(=[#8])-[#0:2])-[#0:3],1
O=C(C(=C[N]([R])[R])N=[N][R])[N]([R])[R],[#0:1]/[#7]=[#7]/[#6](-[#6](-[#7](-[#0:3])-[#0:4])=[#8])=[#6H]/[#7](-[#0:2])-[#0:5],1
C=CC=NN=CC=C,[#6H2]=[#6]/[#6H]=[#7]\[#7]=[#6H]\[#6]=[#6H2],1
C=CC1OC1[C](=O)[R],[#0:1]-[#6](=[#8])-[#6H]1-[#8]-[#6]-1-[#6]=[#6H],1
C1OC1C1CO1,[#6H]1-[#8]-[#6]-1-[#6]1-[#8]-[#6H2]-1,1
O=[C]([R])C(=C([C](=O)[R])[N]([R])[C](=O)[R])[N]([R])[R],[#0:1]-[#6](=[#8])-[#7](-[#0:2])-[#6](=[#6](-[#7](-[#0:3])-[#0:6])-[#6](=[#8])-[#0:4])-[#6](-[#0:5])=[#8],1
O=C(ON([C](=O)[R])C(=O)[N]([R])[R])[N]([R])[R],[#0:1]-[#7](-[#6](=[#8])-[#8]-[#7](-[#6](-[#0:2])=[#8])-[#6](=[#8])-[#7](-[#0:3])-[#0:5])-[#0:4],1
O=S(=O)(C(Cl)=CCl)[N]([R])[R],[#0:1]-[#7](-[#16](=[#8])(=[#8])-[#6](-[#17])=[#6H]-[#17])-[#0:2],1
O=C1[N]([R])C(=C[N]([R])[R])[N]([R])[N]1[R],[#0:1]-[#7](-[#6]=[#6]1-[#7](-[#7](-[#6](=[#8])-[#7]-1-[#0:5])-[#0:4])-[#0:3])-[#0:2],1
O=[C]1[R][N]([R])C(=O)N1[N]([R])[S](=O)(=O)[R],[#0:1]1-[#7](-[#6](=[#8])-[#7](-[#7](-[#16](=[#8])(=[#8])-[#0:2])-[#0:4])-[#6]-1=[#8])-[#0:3],1
C=[C]([Nar])C(=O)O,[#6H]=[#6](-[#6](=[#8])-[#8])-[#7],1
O=[C]([R])N(C[N]([R])[R])C(=O)[N]([R])[R],[#0:1]-[#7](-[#6]-[#7](-[#6](=[#8])-[#0:2])-[#6](-[#7](-[#0:3])-[#0:4])=[#8])-[#0:5],1
[R][O]C[N+]([R])([R])[R],[#0:1]-[#7+](-[#0:2])(-[#0:3])-[#6]-[#8]-[#0:4],1
C#CC=N[O][R],[#6H]#[#6]/[#6H]=[#7]\[#8]-[#0:1],1
C#CC#CC#CC#CC#CC#CC#CO[P](=O)([R])[O][R],[#6H]#[#6]-[#6]#[#6]-[#6]#[#6]-[#6]#[#6]-[#6]#[#6]-[#6]#[#6]-[#6]#[#6]-[#8]-[#15](=[#8])(-[#0:1])-[#8]-[#0:2],1
O=C([O][R])OC[S][R],[#0:1]-[#16]-[#6]-[#8]-[#6](=[#8])-[#8]-[#0:2],1
O=[C]1N=C([N]([R])[C](=O)[R])[O][R]1,[#0:1]1-[#8]-[#6](-[#7](-[#6](=[#8])-[#0:2])-[#0:3])=[#7]-[#6]-1=[#8],1
C=C1C(=C[O][R])[N]([R])[N]([R])C([N]([R])[R])=C1C#N,[#6H]=[#6]1-[#6](=[#6]-[#8]-[#0:1])-[#7](-[#7](-[#0:2])-[#6](-[#7](-[#0:4])-[#0:5])=[#6]-1-[#6]#[#7])-[#0:3],1
C=CC(=O)C(=C)[C](=O)[R],[#6H2]=[#6](-[#6](=[#8])-[#0:1])-[#6](-[#6H]=[#6H])=[#8],1
C=CC(=[N][R])[S][R],[#0:2]-[#16]-[#6](-[#6]=[#6H])=[#7]-[#0:1],1
[O-][N+]1=CC(C=NO)=NC1,[#6H2]1-[#7]=[#6](-[#6H]=[#7+]-1-[#8-])-[#6H]=[#7]-[#8],1
O=[C]([R])C([N]([R])[R])=[N+]([O-])CO,[#0:1]-[#7](-[#6](-[#6](=[#8])-[#0:2])=[#7+](-[#8-])-[#6H2]-[#8])-[#0:3],1
C=CC=C1C(=O)OCOC1=O,[#6H2]1-[#8]-[#6](=[#8])-[#6](=[#6]-[#6]=[#6H])-[#6](=[#8])-[#8]-1,1
O=C1C=C(O)OCO1,[#6H2]1-[#8]-[#6](=[#8])-[#6H]=[#6](-[#8])-[#8]-1,1
[O-][N+]([R])=CC=[N+]([O-])[R],[#0:1]-[#7+](-[#8-])=[#6H]-[#6H]=[#7+](-[#8-])-[#0:2],1
O=C(O)C=CC=CC=CC=CC=C[C](=O)[R],[#6H](=[#6H]/[#6]=[#6]/[#6H]=[#6]/[#6]=[#6]/[#6H]=[#6]/[#6](=[#8])-[#8])-[#6](-[#0:1])=[#8],1
O=C(C=CN=C1[S][R][C](=O)[N]1[R])[N]([R])[R],[#6H](=[#6H]-[#6](=[#8])-[#7](-[#0:1])-[#0:4])-[#7]=[#6]1-[#7](-[#0:2])-[#6](=[#8])-[#0:3]-[#16]-1,1
O=[C]([R])ON=C1C=CC(=O)C(Br)=C1,[#6H]1=[#6H]/[#6](=[#7]/[#8]-[#6](=[#8])-[#0:1])-[#6]=[#6](-[#35])-[#6]-1=[#8],1
O=[C]1C=CC(=O)[N]([R])[N]([R])[R]1,[#6H]1=[#6H]-[#6](=[#8])-[#0:1]-[#7](-[#7](-[#6]-1=[#8])-[#0:3])-[#0:2],1
C#CC1=CC(=C)[N+]([B-](F)(F)[Nar])=C1,[#6H]1=[#6](-[#6]#[#6H])-[#6H]=[#7+](-[#6]-1=[#6H2])-[#5-](-[#7])(-[#9])-[#9],1
C=C(Cl)[N]([R])C([N]([R])[R])[N]([R])[R],[#6H2]=[#6](-[#17])-[#7](-[#6](-[#7](-[#0:1])-[#0:4])-[#7](-[#0:2])-[#0:5])-[#0:3],1
C=C([N]([R])[R])[N]([R])C(Cl)[N]([R])[R],[#6H2]=[#6](-[#7](-[#0:1])-[#0:3])-[#7](-[#6](-[#17])-[#7](-[#0:2])-[#0:5])-[#0:4],1
O=C(C=C[N]([R])C=CP(=O)([O][R])[O][R])[O][R],[#6H](=[#6H]-[#6](=[#8])-[#8]-[#0:1])-[#7](-[#6H]=[#6H]-[#15](=[#8])(-[#8]-[#0:2])-[#8]-[#0:3])-[#0:4],1
C=CN=c1nc([N]([R])[R])[n]([R])[n]1[R],[#6H](=[#6H])-[#7]=[#6]1-[#7](-[#0:1])-[#7](-[#6](-[#7](-[#0:3])-[#0:4])=[#7]-1)-[#0:2],1
C=CC(C=C)=NO,[#6H](=[#6H2])-[#6](-[#6]=[#6H])=[#7]-[#8],1
[R][NH][CH]=[Car],[#6H](=[#0:1])-[#7]-[#0:2],1
C=CC(=O)[CH]=[Car],[#6H]=[#6]-[#6](=[#8])-[#6]=[#6H2],1
O=[C]([R])C([C](=O)[R])=C1C=C[N]([R])C=C1,[#6H]1=[#6]-[#6](=[#6](-[#6](=[#8])-[#0:1])-[#6](-[#0:2])=[#8])-[#6]=[#6H]-[#7]-1-[#0:3],1
C=CC=CC=S,[#6H](=[#6H])-[#6]=[#6]-[#6H]=[#16],1
O=C1C=CC(=NO)C=C1,[#6H]1=[#6]-[#6](=[#8])-[#6H]=[#6]-[#6]-1=[#7]-[#8],1
C=CN(O)C[N]([R])[R],[#6H](=[#6H])-[#7](-[#6H]-[#7](-[#0:1])-[#0:2])-[#8],1
C=CSCN=C[N]([R])[C](=O)[R],[#6H](=[#6H])-[#16]-[#6H]-[#7]=[#6H]-[#7](-[#6](-[#0:1])=[#8])-[#0:2],1
OC(N=C([N]=[Car])[N]=[Car])=C1N=C[N]([R])[N]1[R],[#6H]1=[#7]-[#6](=[#6](-[#8])-[#7]=[#6](-[#7]=[#0:1])-[#7]=[#0:2])-[#7](-[#7]-1-[#0:3])-[#0:4],1
ON=CC=[N][R],[#6H](=[#7]-[#0:1])-[#6H]=[#7]-[#8],1
O=C1C(=C[N](O)[R])C=N[N]1[R],[#6H]1=[#7]-[#7](-[#0:1])-[#6](=[#8])/[#6]-1=[#6]\[#7](-[#8])-[#0:2],1
O=C1C(=C[N]([R])[Nar])C=N[N]1[R],[#6H]1=[#7]-[#7](-[#0:1])-[#6](=[#8])/[#6]-1=[#6]\[#7](-[#7])-[#0:2],1
S=C1C(=C[N]([R])[R])C=N[N]1[R],[#6H]1=[#7]-[#7](-[#0:1])-[#6](=[#16])/[#6]-1=[#6]/[#7](-[#0:2])-[#0:3],1
O=[C]([R])N=c1ccc(C=CC(=O)[N]([R])[R])c[n]1[R],[#0:1]-[#7](-[#0:2])-[#6](=[#8])/[#6]=[#6]/[#6]1=[#6]-[#7](-[#6](=[#7]-[#6](=[#8])-[#0:3])-[#6H]=[#6]-1)-[#0:4],1
O=[S](=O)([R])N=C[N]([R])C=[N][R],[#0:1]-[#7]=[#6]-[#7](-[#0:2])-[#6H]=[#7]-[#16](-[#0:3])(=[#8])=[#8],1
O=[C]([R])C(=N[N]([R])[R])C(=O)[N]([R])[R],[#0:2]-[#6](=[#8])-[#6](-[#6](=[#8])-[#7](-[#0:3])-[#0:5])=[#7]-[#7](-[#0:4])-[#0:1],1
O=C(N=C([N]([R])[R])[N]([R])[R])[N]([R])[R],[#0:1]-[#7](-[#6](=[#7]-[#6](=[#8])-[#7](-[#0:2])-[#0:5])-[#7](-[#0:3])-[#0:6])-[#0:4],1
O=C([N]([R])[R])[N]([R])C(=[N][R])[N]([R])[R],[#0:1]-[#7](-[#6](=[#7]-[#0:2])-[#7](-[#0:3])-[#6](=[#8])-[#7](-[#0:4])-[#0:6])-[#0:5],1
[R][O]N=CBr,[#6H](-[#35])=[#7]-[#8]-[#0:1],1
O=[C]1C=C([N]([R])[R])[N]([N]([R])[R])[R]1,[#6H]1=[#6](-[#7](-[#0:2])-[#0:3])-[#7](-[#7](-[#0:4])-[#0:5])-[#0:1]-[#6]-1=[#8],1
O=C1C=CC=CC1=N[N]([R])[R],[#0:1]-[#7](/[#7]=[#6]1\[#6]=[#6]-[#6]=[#6H]-[#6]-1=[#8])-[#0:2],1
O=[C]([R])OC=C[N+](=O)[O-],[#6H](=[#6H]-[#8]-[#6](=[#8])-[#0:1])-[#7+](=[#8])-[#8-],1
N#CC=C(N=C[S][R])[N]([R])[R],[#0:1]-[#16]-[#6H]=[#7]-[#6](-[#7](-[#0:2])-[#0:3])=[#6H]-[#6]#[#7],1
C=C1C(Cl)=C(Cl)C(Cl)=C1Cl,[#6H]=[#6]1-[#6](-[#17])=[#6](-[#17])-[#6](-[#17])=[#6]-1-[#17],1
O=C([O][R])[N]([R])C[N]([R])[S](=O)(=O)[R],[#0:1]-[#16](=[#8])(=[#8])-[#7](-[#6]-[#7](-[#6](=[#8])-[#8]-[#0:2])-[#0:3])-[#0:4],1
O=[S](=O)([R])O[S](=O)(=O)[R],[#0:1]-[#16](=[#8])(=[#8])-[#8]-[#16](=[#8])(=[#8])-[#0:2],1
[O-][S+]([R])[N]([R])[R],[#0:1]-[#7](-[#0:2])-[#16+](-[#8-])-[#0:3],1
N#CSC1=CC(=[N][R])C=C(SC#N)C1=O,[#0:1]-[#7]=[#6]1-[#6]=[#6](-[#16]-[#6]#[#7])-[#6](=[#8])-[#6](-[#16]-[#6]#[#7])=[#6]-1,1
O=[C]([R])C=C([N]([R])[R])[N]([R])[C](=O)[R],[#0:1]-[#6](=[#8])-[#7](-[#0:2])-[#6](-[#7](-[#0:3])-[#0:5])=[#6H]-[#6](=[#8])-[#0:4],1
O=[S](=O)([R])N=c1sc([S][R])n[n]1[R],[#0:1]-[#16]-[#6]1=[#7]-[#7](-[#0:2])-[#6](=[#7]-[#16](-[#0:3])(=[#8])=[#8])-[#16]-1,1
C=C([N]([R])[C](=O)[R])[N]([R])[C](=O)[R],[#0:1]-[#6](=[#8])-[#7](-[#6](=[#6H])-[#7](-[#6](-[#0:2])=[#8])-[#0:4])-[#0:3],1
O=[C]([R])[N]([R])C(=O)C=C[N]([R])[N]([R])[C](=O)[R],[#0:1]-[#6](=[#8])-[#7](-[#7](-[#6]=[#6H]-[#6](=[#8])-[#7](-[#6](=[#8])-[#0:2])-[#0:5])-[#0:4])-[#0:3],1
O=C([N]([R])[R])[N]([R])C=N[S](=O)(=O)[R],[#0:1]-[#16](=[#8])(=[#8])-[#7]=[#6H]-[#7](-[#6](-[#7](-[#0:2])-[#0:3])=[#8])-[#0:4],1
O=[S](=O)([R])C([CH]=[Car])[N]=[Car],[#0:1]-[#16](=[#8])(=[#8])-[#6](-[#6]=[#0:2])-[#7]=[#0:3],1
O=C1C(Br)=CC(=N[S](=O)(=O)[R])C=C1Br,[#0:1]-[#16](=[#8])(=[#8])-[#7]=[#6]1-[#6]=[#6](-[#35])-[#6](=[#8])-[#6](-[#35])=[#6]-1,1
O=[S](=O)([R])N=C1C=CC(=N[S](=O)(=O)[R])C=C1,[#0:1]-[#16](=[#8])(=[#8])-[#7]=[#6]1-[#6]=[#6]-[#6](=[#7]-[#16](=[#8])(=[#8])-[#0:2])-[#6]=[#6]-1,1
O=[S](=O)([R])N=C1[N]([R])C[N]([R])C[N]1[R],[#0:1]-[#16](=[#8])(=[#8])-[#7]=[#6]1-[#7](-[#6]-[#7](-[#0:2])-[#6]-[#7]-1-[#0:4])-[#0:3],1
O=[S](=O)([R])N1CN2CN(C1)CN([S](=O)(=O)[R])C2,[#0:1]-[#16](=[#8])(=[#8])-[#7]1-[#6]-[#7]2-[#6]-[#7](-[#6]-1)-[#6]-[#7](-[#16](=[#8])(=[#8])-[#0:2])-[#6]-2,1
O=C([N]([R])C[N]([R])[S](=O)(=O)[R])[N]([R])C[N]([R])[S](=O)(=O)[R],[#0:1]-[#16](=[#8])(=[#8])-[#7](-[#6]-[#7](-[#0:2])-[#6](-[#7](-[#0:3])-[#6]-[#7](-[#16](=[#8])(=[#8])-[#0:4])-[#0:6])=[#8])-[#0:5],1
O=[S]([R])[Nar],[#7]-[#16](=[#8])-[#0:1],1
O=[C]([R])C1=C(C(=O)[O][R])[N]([R])C(=O)C1=O,[#0:2]-[#8]-[#6](=[#8])-[#6]1=[#6](-[#6](=[#8])-[#0:3])-[#6](=[#8])-[#6](=[#8])-[#7]-1-[#0:1],1
O=C(C(=C[N]([R])[R])C(=N[O][R])[N]([R])[R])[N]([R])[R],[#0:1]-[#8]-[#7]=[#6](-[#7](-[#0:4])-[#0:5])-[#6](=[#6H]-[#7](-[#0:6])-[#0:7])-[#6](-[#7](-[#0:2])-[#0:3])=[#8],1
[R][N]([R])C=NC=N[N]([R])[R],[#0:1]-[#7](-[#0:2])-[#7]=[#6H]-[#7]=[#6]-[#7](-[#0:3])-[#0:4],1
N#CC=C([S][R])[N]([R])C=[N][R],[#6H](=[#7]-[#0:1])-[#7](-[#6](-[#16]-[#0:3])=[#6H]-[#6]#[#7])-[#0:2],1
O=[C]1N=CC=[N][R]1,[#0:1]1-[#7]=[#6H]-[#6]=[#7]-[#6]-1=[#8],1
C=C([S][R])C(=O)[N]([R])[R],[#0:1]-[#7](-[#6](=[#8])-[#6](=[#6H])-[#16]-[#0:2])-[#0:3],1
C=CC(=C)[N+](=O)[O-],[#6H]=[#6](-[#7+](=[#8])-[#8-])-[#6]=[#6H],1
O=[C]([R])[N]([R])[C]([Nar])=[N][R],[#7]-[#6](=[#7]-[#0:2])-[#7](-[#6](=[#8])-[#0:1])-[#0:3],1
C=C1[S][R][C](=O)[N]1[R],[#0:1]1-[#16]-[#6](=[#6H])-[#7](-[#0:2])-[#6]-1=[#8],1
O=C([N]=[Car])C(=C[O][R])[O][R],[#0:1]=[#7]-[#6](=[#8])-[#6](=[#6]-[#8]-[#0:2])-[#8]-[#0:3],1
O=[C]1[R][S]C(=N[S](=O)(=O)[R])[N]1[R],[#0:1]1-[#16]-[#6](=[#7]-[#16](=[#8])(=[#8])-[#0:2])-[#7](-[#0:3])-[#6]-1=[#8],1
O=C1C(Cl)=C([N]([R])[C](=O)[R])C(=O)C(Cl)=C1[N]([R])[C](=O)[R],[#0:1]-[#6](=[#8])-[#7](-[#6]1=[#6](-[#17])-[#6](=[#8])-[#6](-[#7](-[#6](=[#8])-[#0:2])-[#0:4])=[#6](-[#17])-[#6]-1=[#8])-[#0:3],1
N#CC(C#N)=C([N-][R])[C]([Nar+])=[N][R],[#7+]-[#6](=[#7]-[#0:1])-[#6](-[#7-]-[#0:2])=[#6](-[#6]#[#7])-[#6]#[#7],1
O=[C]([R])OCO[P](=O)([R])[R],[#0:1]-[#6](=[#8])-[#8]-[#6H]-[#8]-[#15](=[#8])(-[#0:2])-[#0:3],1
O=[C]([R])OCN1C(=O)C=CC1=O,[#0:1]-[#6](=[#8])-[#8]-[#6]-[#7]1-[#6](=[#8])-[#6]=[#6]-[#6]-1=[#8],1
O=[C]([R])OC=CC(=O)[O][R],[#0:1]-[#6](=[#8])-[#8]-[#6H]=[#6H]-[#6](=[#8])-[#8]-[#0:2],1
O=[C]1N=C[N]([R])[C](=O)[R]1,[#6H]1=[#7]-[#6](=[#8])-[#0:1]-[#6](=[#8])-[#7]-1-[#0:2],1
O=S(=O)([N]([R])[R])[N]([R])C[S][R],[#6H2](-[#16]-[#0:1])-[#7](-[#0:2])-[#16](=[#8])(=[#8])-[#7](-[#0:3])-[#0:4],1
O=[C]([R])N(C[O][R])C(=O)[N]([R])[R],[#0:1]-[#7](-[#6](=[#8])-[#7](-[#6](=[#8])-[#0:2])-[#6H2]-[#8]-[#0:3])-[#0:4],1
C=CC1=CC(=C)OC1=O,[#6H]=[#6]1-[#8]-[#6](=[#8])-[#6](=[#6H]-1)-[#6]=[#6H],1
O=[C]1[R][C](=O)[N]([R])C[N]1[R],[#0:1]1-[#6](=[#8])-[#7](-[#6]-[#7](-[#6]-1=[#8])-[#0:3])-[#0:2],1
[Car]=[N]CO[N]=[Car],[#6H2](-[#7]=[#0:1])-[#8]-[#7]=[#0:2],1
O=[C]1C=C[N]([R])[C](=O)[R]1,[#0:1]1-[#6](=[#8])-[#6]=[#6]-[#7](-[#6]-1=[#8])-[#0:2],1
C=CC(=O)[N]([R])C(=O)[N]([R])[R],[#6H](=[#6H2])-[#6](-[#7](-[#0:1])-[#6](=[#8])-[#7](-[#0:2])-[#0:3])=[#8],1
O=[S](=O)([R])N=c1scn[n]1[R],[#6H]1=[#7]-[#7](-[#0:1])-[#6](=[#7]-[#16](-[#0:2])(=[#8])=[#8])-[#16]-1,1
O=[C]1OC[N]([N]([R])[C](=O)[R])[R]1,[#6H2]1-[#8]-[#6](=[#8])-[#0:1]-[#7]-1-[#7](-[#6](=[#8])-[#0:2])-[#0:3],1
[R][N]=c1cc([N]([R])[R])nc[n]1[R],[#0:2]-[#7]1-[#6]=[#7]-[#6](-[#7](-[#0:3])-[#0:4])=[#6]-[#6]-1=[#7]-[#0:1],1
[R][N]1CN=CSC1,[#6H]1-[#7]=[#6H]-[#16]-[#6]-[#7]-1-[#0:1],1
O=[C]1N=C([N]([R])C(=O)[N]([R])[R])[S][R]1,[#0:1]1-[#16]-[#6](-[#7](-[#6](=[#8])-[#7](-[#0:2])-[#0:4])-[#0:3])=[#7]-[#6]-1=[#8],1
C=CC(=CC(=O)[N]([R])[R])C(=O)[O][R],[#6H]=[#6H]-[#6](=[#6]-[#6](-[#7](-[#0:1])-[#0:3])=[#8])-[#6](=[#8])-[#8]-[#0:2],1
O=C1C=CC(=C2C=C[N]([R])[N]2[R])C=C1,[#6H]1=[#6H]-[#7](-[#0:1])-[#7](-[#6]-1=[#6]1-[#6]=[#6]-[#6](=[#8])-[#6]=[#6]-1)-[#0:2],1
O=[C]1[R][C](=O)N(C(=[N][R])[N]([R])[R])[N]1[R],[#0:1]1-[#6](=[#8])-[#7](-[#6](-[#7](-[#0:2])-[#0:3])=[#7]-[#0:4])-[#7](-[#0:5])-[#6]-1=[#8],1
C=CC=C(C=CC(=O)[O][R])C(=O)[O][R],[#6H]=[#6H]/[#6]=[#6](/[#6]=[#6]/[#6](=[#8])-[#8]-[#0:1])-[#6](=[#8])-[#8]-[#0:2],1
C=CC(C=CC(=O)O)=CC(=O)[N]([R])[R],[#6H]=[#6H]-[#6](=[#6]-[#6](-[#7](-[#0:1])-[#0:2])=[#8])/[#6]=[#6]/[#6](=[#8])-[#8],1
O=C(O)C=CC1=CC(=O)C([O][R])=C([O][R])C1=O,[#6H](=[#6]-[#6]1=[#6H]-[#6](=[#8])-[#6](-[#8]-[#0:1])=[#6](-[#8]-[#0:2])-[#6]-1=[#8])-[#6](=[#8])-[#8],1
C=CC=CC=CC=CC=CC=CC(=O)[O][R],[#6H]=[#6]/[#6]=[#6]\[#6]=[#6]/[#6]=[#6]\[#6]=[#6]/[#6]=[#6]\[#6](=[#8])-[#8]-[#0:1],1
O=C1C=C(O)C(=O)C=C1O,[#6H]1=[#6](-[#8])-[#6](=[#8])-[#6]=[#6](-[#8])-[#6]-1=[#8],1
O=C(C=C([C](=O)[R])[N]([R])[R])[O][R],[#0:1]-[#7](-[#6](=[#6H]-[#6](=[#8])-[#8]-[#0:2])-[#6](-[#0:3])=[#8])-[#0:4],1
O=C(C=C(C(=O)[N]([R])[R])[N]([R])[R])[O][R],[#0:1]-[#7](-[#6](=[#6H]-[#6](=[#8])-[#8]-[#0:2])-[#6](-[#7](-[#0:3])-[#0:4])=[#8])-[#0:5],1
C=CC=N[N]([R])C(=O)[O][R],[#0:1]-[#8]-[#6](=[#8])-[#7](/[#7]=[#6]/[#6]=[#6H])-[#0:2],1
[R][N]=CC=C1OC([S][R])=N[N]1[R],[#0:1]-[#16]-[#6]1=[#7]-[#7](-[#6](=[#6H]-[#6]=[#7]-[#0:2])-[#8]-1)-[#0:3],1
O=CC=CC=C([S][R])[N]([R])[R],[#0:1]-[#7](/[#6](=[#6]/[#6]=[#6H]/[#6]=[#8])-[#16]-[#0:2])-[#0:3],1
O=C1C(=CC=C([Se][R])[N]([R])[R])C(=O)[N]([R])C(=S)[N]1[R],[#0:1]-[#7](/[#6](=[#6]/[#6]=[#6]1-[#6](=[#8])-[#7](-[#0:2])-[#6](=[#16])-[#7](-[#0:3])-[#6]-1=[#8])-[Se]-[#0:4])-[#0:5],1
O=C1C(=CC=C[N]([R])[R])C(=O)[N]([R])C(=S)[N]1[R],[#0:1]-[#7](/[#6H]=[#6]/[#6]=[#6]1-[#6](=[#8])-[#7](-[#0:2])-[#6](=[#16])-[#7](-[#0:3])-[#6]-1=[#8])-[#0:4],1
C=CC(=CC=C1C(=O)[N]([R])C(=S)[N]([R])C1=O)[N]([R])[R],[#0:1]-[#7](/[#6](=[#6]/[#6]=[#6]1-[#6](=[#8])-[#7](-[#0:2])-[#6](=[#16])-[#7](-[#0:3])-[#6]-1=[#8])-[#6]=[#6H])-[#0:4],1
O=C1C(=CC=C([O][R])[N]([R])[R])C(=O)[N]([R])C(=S)[N]1[R],[#0:1]-[#7](/[#6](=[#6]/[#6]=[#6]1-[#6](=[#8])-[#7](-[#0:2])-[#6](=[#16])-[#7](-[#0:3])-[#6]-1=[#8])-[#8]-[#0:4])-[#0:5],1
[R][N]=CC=C[N]([R])[R],[#0:1]-[#7](/[#6H]=[#6]/[#6]=[#7]/[#0:2])-[#0:3],1
[R][N]=CC=C([O][R])[N]([R])[R],[#0:1]-[#7](/[#6](=[#6]/[#6]=[#7]/[#0:2])-[#8]-[#0:3])-[#0:4],1
[R][O]C(=CC=[N+]([R])[R])[N]([R])[R],[#0:1]-[#7](-[#6](=[#6]-[#6]=[#7+](-[#0:2])-[#0:3])-[#8]-[#0:4])-[#0:5],1
O=C1C(=CC=CC=C[N]([R])[R])C(=O)[N]([R])C(=S)[N]1[R],[#0:1]-[#7](-[#6]=[#6]/[#6H]=[#6]\[#6]=[#6]1-[#6](=[#8])-[#7](-[#0:2])-[#6](=[#16])-[#7](-[#0:3])-[#6]-1=[#8])-[#0:4],1
O=C([N]([R])[R])[N]([R])C=NO,[#0:1]-[#7](-[#6](=[#8])-[#7](/[#6H]=[#7]/[#8])-[#0:3])-[#0:2],1
C=N[N]([R])C(=[N][R])[N]([R])C#N,[#0:1]-[#7](/[#6](=[#7]/[#0:2])-[#7](-[#6]#[#7])-[#0:3])-[#7]=[#6H2],1
O=C([N]([R])C(=NO)[N]([R])[R])[N]([R])[S](=O)(=O)[R],[#0:1]-[#7](-[#0:2])/[#6](=[#7]/[#8])-[#7](-[#6](=[#8])-[#7](-[#16](=[#8])(=[#8])-[#0:3])-[#0:5])-[#0:4],1
O=[P]([R])([R])[S][R],[#0:1]-[#16]-[#15](=[#8])(-[#0:2])-[#0:3],1
C=CC=[N+]([R])[R],[#6H]=[#6]-[#6H]=[#7+](-[#0:1])-[#0:2],1
C=CC1=[N+]([B-](F)(F)[Nar])C(=C)C=C1,[#6H2]=[#6]1-[#6H]=[#6]-[#6](-[#6]=[#6H])=[#7+]-1-[#5-](-[#9])(-[#9])-[#7],1
F[B-](F)([Nar])[N+]1=CC=CC1=C[N]([R])[R],[#0:1]-[#7](-[#6H]=[#6]1-[#6]=[#6]-[#6]=[#7+]-1-[#5-](-[#9])(-[#9])-[#7])-[#0:2],1
C=CC(=C)[N]([R])[R],[#0:1]-[#7](-[#6](=[#6H])-[#6]=[#6H])-[#0:2],1
O=C(C1N=C([N]([R])[R])N=C([N]([R])[R])[N]1[R])[N]([R])[R],[#0:1]-[#7](-[#6](=[#8])-[#6H]1-[#7]=[#6](-[#7](-[#0:5])-[#0:6])-[#7]=[#6](-[#7](-[#0:2])-[#0:7])-[#7]-1-[#0:3])-[#0:4],1
O=C(C1[N]([R])[R][C](=O)[N]1[R])[N]([R])[R],[#0:1]-[#7]1-[#6](=[#8])-[#0:2]-[#7](-[#6H]-1-[#6](=[#8])-[#7](-[#0:3])-[#0:5])-[#0:4],1
[Car]=[N][N]=[Car],[#0:1]=[#7]-[#7]=[#0:2],1
C=CC=C(C=C)[N]([R])[R],[#0:1]-[#7](-[#6](=[#6]-[#6]=[#6H])-[#6]=[#6H])-[#0:2],1
O=C1[N]([R])C2C([N]1[R])N(CO)C(=O)[N]2[R],[#0:1]-[#7]1-[#6](=[#8])-[#7](-[#6]-[#8])-[#6]2-[#6]-1-[#7](-[#0:2])-[#6](=[#8])-[#7]-2-[#0:3],1
O=C1C=CC=CC1=C(O)[N]([R])[R],[#0:1]-[#7](/[#6](-[#8])=[#6]1/[#6]=[#6H]-[#6]=[#6H]-[#6]-1=[#8])-[#0:2],1
[R][S]C(=CC=CC([S][R])=[N+]([R])[R])[N]([R])[R],[#0:1]-[#7](-[#0:2])/[#6](-[#16]-[#0:3])=[#6]/[#6]=[#6]/[#6](=[#7+](-[#0:4])-[#0:5])-[#16]-[#0:6],1
O=C1C=C(O)C=CC1=C1C=C(C(=O)[N]([R])[R])[N]([R])O1,[#0:1]-[#7](-[#6](=[#8])-[#6]1=[#6H]/[#6](=[#6]2\[#6]=[#6H]-[#6](-[#8])=[#6]-[#6]-2=[#8])-[#8]-[#7]-1-[#0:3])-[#0:2],1
O=C([N]([R])[R])[N]([R])C1C([N]([R])C(=O)[N]([R])[R])[N]([R])C(=O)[N]1[R],[#0:1]-[#7](-[#6](=[#8])-[#7](-[#6]1-[#6](-[#7](-[#6](=[#8])-[#7](-[#0:2])-[#0:8])-[#0:7])-[#7](-[#0:3])-[#6](=[#8])-[#7]-1-[#0:4])-[#0:6])-[#0:5],1
[R][N]=C(SC[O][R])[N]([R])[R],[#0:1]-[#7](-[#6](=[#7]-[#0:2])-[#16]-[#6H2]-[#8]-[#0:3])-[#0:4],1
O=C1C(=C[O][R])C=N[N]1[R],[#0:1]-[#8]/[#6H]=[#6]1\[#6](=[#8])-[#7](-[#0:2])-[#7]=[#6H]-1,1
[R][O]C=N[O][R],[#0:1]-[#8]/[#6H]=[#7]\[#8]-[#0:2],1
O=[C]1[R][N]([R])C(=O)OC[N]([R])C1=O,[#0:1]1-[#7](-[#6](=[#8])-[#8]-[#6H2]-[#7](-[#0:2])-[#6](=[#8])-[#6]-1=[#8])-[#0:3],1
O=C([N-][R])[O][R],[#0:1]-[#8]-[#6](=[#8])-[#7-]-[#0:2],1
O=C(O)C=CC=CC(=O)[O][R],[#0:1]-[#8]-[#6](=[#8])/[#6H]=[#6H]/[#6]=[#6]/[#6](=[#8])-[#8],1
C=C(N=[N][R])C(=O)[O][R],[#0:1]-[#8]-[#6](=[#8])-[#6](=[#6H])-[#7]=[#7]-[#0:2],1
O=C([O][R])C(=N[N]([R])[R])C(=O)[O][R],[#0:1]-[#8]-[#6](=[#8])/[#6](=[#7]/[#7](-[#0:2])-[#0:4])-[#6](=[#8])-[#8]-[#0:3],1
O=[C]([R])C(=NO)C(=O)[O][R],[#0:1]-[#8]-[#6](=[#8])/[#6](=[#7]\[#8])-[#6](=[#8])-[#0:2],1
O=C([O][R])C(C=[N][R])=NO,[#0:1]-[#8]-[#6](=[#8])/[#6](=[#7]\[#8])-[#6H]=[#7]-[#0:2],1
O=[C]([R])ON=C([C](=O)[R])C(=O)[O][R],[#0:1]-[#8]-[#6](=[#8])/[#6](=[#7]\[#8]-[#6](-[#0:2])=[#8])-[#6](=[#8])-[#0:3],1
O=C([O][R])C(=C[N]([R])[R])C(=O)[N]([R])[R],[#0:1]-[#8]-[#6](=[#8])-[#6](-[#6](=[#8])-[#7](-[#0:2])-[#0:3])=[#6H]-[#7](-[#0:4])-[#0:5],1
N#CC(C(=O)[O][R])=C1SSC(=C(C#N)C(=O)[O][R])S1,[#0:1]-[#8]-[#6](=[#8])/[#6](-[#6]#[#7])=[#6]1\[#16]-[#16]/[#6](=[#6](/[#6]#[#7])-[#6](=[#8])-[#8]-[#0:2])-[#16]-1,1
O=C([O][R])C(=C[N]([R])[R])[N]([R])C(=O)[O][R],[#0:1]-[#8]-[#6](=[#8])/[#6](-[#7](-[#6](=[#8])-[#8]-[#0:2])-[#0:4])=[#6H]/[#7](-[#0:3])-[#0:5],1
O=C(C=C[N]([R])[N]([R])[R])[O][R],[#0:1]-[#8]-[#6](=[#8])-[#6]=[#6H]-[#7](-[#7](-[#0:2])-[#0:4])-[#0:3],1
C=CC=CC=CC=CC(=O)[O][R],[#0:1]-[#8]-[#6](=[#8])/[#6]=[#6H]/[#6]=[#6]/[#6]=[#6H]/[#6]=[#6H],1
O=C(C=C[N]([R])C[N]([R])C(=O)[O][R])[O][R],[#0:1]-[#8]-[#6](=[#8])/[#6]=[#6]/[#7](-[#6]-[#7](-[#6](=[#8])-[#8]-[#0:2])-[#0:3])-[#0:4],1
O=[C]([R])C(C(=O)[O][R])=C([N]([R])[R])[N]([R])[R],[#0:1]-[#8]-[#6](=[#8])-[#6](-[#6](-[#0:2])=[#8])=[#6](-[#7](-[#0:3])-[#0:5])-[#7](-[#0:4])-[#0:6],1
O=[C]([R])OC=C(C(=O)[O][R])C(=O)[O][R],[#0:1]-[#8]-[#6](=[#8])-[#6](-[#6](=[#8])-[#8]-[#0:2])=[#6H]-[#8]-[#6](=[#8])-[#0:3],1
O=[C]([Nar])C(=O)[O][R],[#0:1]-[#8]-[#6](=[#8])-[#6](=[#8])-[#7],1
N#CC(=N[N]([R])[R])C(=O)[O][R],[#0:1]-[#8]-[#6](=[#8])-[#6](-[#6]#[#7])=[#7]-[#7](-[#0:2])-[#0:3],1
O=C([CH]=[Car])[O][R],[#0:1]-[#8]-[#6](=[#8])-[#6]=[#0:2],1
O=C([O][R])[N]([R])C(=[N][R])[N]([R])[R],[#0:1]-[#7](-[#6](=[#7]-[#0:4])-[#7](-[#6](=[#8])-[#8]-[#0:2])-[#0:5])-[#0:3],1
O=C(O)C=C[N]([R])C=CC(=O)[O][R],[#0:1]-[#8]-[#6](=[#8])-[#6H]=[#6H]-[#7](-[#6H]=[#6H]-[#6](=[#8])-[#8])-[#0:2],1
N#CC=C([S][R])[N]([R])C=CC(=O)[O][R],[#0:1]-[#8]-[#6](=[#8])-[#6H]=[#6H]-[#7](-[#6](-[#16]-[#0:2])=[#6H]-[#6]#[#7])-[#0:3],1
C=C1SC([N]([R])[R])=C(C(=O)[O][R])C1=O,[#0:1]-[#8]-[#6](=[#8])-[#6]1=[#6](-[#7](-[#0:2])-[#0:3])-[#16]-[#6](=[#6H])-[#6]-1=[#8],1
O=[C]([R])OC(=CC(=O)[O][R])C(=O)[O][R],[#0:1]-[#8]-[#6](=[#8])-[#6H]=[#6](-[#8]-[#6](=[#8])-[#0:2])-[#6](=[#8])-[#8]-[#0:3],1
C=[C]([Nar])C(=O)[O][R],[#0:1]-[#8]-[#6](=[#8])-[#6](=[#6H])-[#7],1
O=C([O][R])C1=C[N]([R])C(=O)C1=O,[#0:1]-[#8]-[#6](=[#8])-[#6]1=[#6H]-[#7](-[#0:2])-[#6](=[#8])-[#6]-1=[#8],1
C=CC(=C)[N]([R])N=C,[#6H2]=[#7]-[#7](-[#6](-[#6]=[#6H2])=[#6H2])-[#0:1],1
O=S([N]=[Car])[O][R],[#0:1]=[#7]-[#16](=[#8])-[#8]-[#0:2],1
S=C([N]([R])[R])[N]([R])C[O][R],[#0:1]-[#7](-[#6](=[#16])-[#7](-[#6H2]-[#8]-[#0:2])-[#0:4])-[#0:3],1
N#CC(=C[N]([R])[R])C(=O)[O][R],[#0:1]-[#8]-[#6](=[#8])/[#6](-[#6]#[#7])=[#6]/[#7](-[#0:2])-[#0:3],1
C=[S][R],[#6H]=[#16]-[#0:1],1
OCN=c1ccc(Cl)c[n]1[R],[#6H2](-[#8])-[#7]=[#6]1-[#6]=[#6]-[#6](-[#17])=[#6]-[#7]-1-[#0:1],1
O=C(C(=O)[N]([R])[Nar])[N]([R])[R],[#0:1]-[#7](-[#6](=[#8])-[#6](=[#8])-[#7](-[#7])-[#0:3])-[#0:2],1
O=C(C(Cl)=C(Cl)Cl)[N]([R])[R],[#0:1]-[#7](-[#6](=[#8])-[#6](-[#17])=[#6](-[#17])-[#17])-[#0:2],1
O=C[CH]=[Car],[#6H2]=[#6H]-[#6]=[#8],1
O=P(Cl)(Cl)[O][R],[#0:1]-[#8]-[#15](=[#8])(-[#17])-[#17],1
O=[C]1N=C([S][R])[S][R]1,[#0:1]1-[#16]-[#6](-[#16]-[#0:2])=[#7]-[#6]-1=[#8],1
O=[C]([R])C=C1C(=O)[N]([R])[R][C](=O)[N]1[R],[#0:1]-[#7]1-[#6](=[#8])-[#0:2]-[#7](-[#0:3])-[#6](=[#8])/[#6]-1=[#6]/[#6](=[#8])-[#0:4],1
O=C(C(=C[N]([R])[R])[N]([R])[R])[N]([R])[R],[#0:1]-[#7](-[#6]=[#6](-[#6](-[#7](-[#0:4])-[#0:5])=[#8])-[#7](-[#0:2])-[#0:6])-[#0:3],1
[S-][R],[#0:1]-[#16-],1
O=C(C=N[N]([R])C(=O)[O][R])[N]([R])[R],[#0:1]-[#8]-[#6](=[#8])-[#7](-[#7]=[#6H]-[#6](=[#8])-[#7](-[#0:2])-[#0:4])-[#0:3],1
O=C(N=[S](=O)([R])[N]([R])[R])[O][R],[#0:1]-[#8]-[#6](=[#8])-[#7]=[#16](-[#7](-[#0:3])-[#0:4])(=[#8])-[#0:2],1
O=[C]([R])N([C](=O)[R])C(=O)[O][R],[#0:1]-[#8]-[#6](=[#8])-[#7](-[#6](=[#8])-[#0:2])-[#6](-[#0:3])=[#8],1
C=CN(C=CC(=O)[O][R])C(=O)[O][R],[#0:1]-[#8]-[#6](=[#8])-[#7](-[#6]=[#6H])-[#6]=[#6H]-[#6](=[#8])-[#8]-[#0:2],1
O=C([O][R])N1CN(C(=O)[O][R])CN(C(=O)[O][R])C1,[#0:1]-[#8]-[#6](=[#8])-[#7]1-[#6]-[#7](-[#6](=[#8])-[#8]-[#0:2])-[#6]-[#7](-[#6](=[#8])-[#8]-[#0:3])-[#6]-1,1
C=C(C#N)C(=O)[N]([R])C(=O)[O][R],[#0:1]-[#8]-[#6](=[#8])-[#7](-[#6](=[#8])-[#6](-[#6]#[#7])=[#6H])-[#0:2],1
O=C([O][R])[N]([R])C(=[N][R])[S][R],[#0:1]-[#8]-[#6](=[#8])-[#7](-[#6](=[#7]-[#0:2])-[#16]-[#0:3])-[#0:4],1
O=C([O][R])OCOC=C(C(=O)[N]([R])[R])[N]([R])[S](=O)(=O)[R],[#0:1]-[#8]-[#6](=[#8])-[#8]-[#6H]-[#8]-[#6H]=[#6](-[#6](=[#8])-[#7](-[#0:2])-[#0:5])-[#7](-[#0:3])-[#16](=[#8])(=[#8])-[#0:4],1
C=C1N=C(SC(=O)[O][R])SC1=O,[#0:1]-[#8]-[#6](=[#8])-[#16]-[#6]1=[#7]-[#6](=[#6H])-[#6](=[#8])-[#16]-1,1
O=[P]([R])([R])C([O][R])[O][R],[#0:1]-[#8]-[#6](-[#8]-[#0:2])-[#15](=[#8])(-[#0:3])-[#0:4],1
S=C([O][R])SSC(=S)[O][R],[#0:1]-[#8]-[#6](=[#16])-[#16]-[#16]-[#6](=[#16])-[#8]-[#0:2],1
[R][O]CN=C[N]([R])[R],[#0:1]-[#8]-[#6H2]-[#7]=[#6]-[#7](-[#0:2])-[#0:3],1
[R][O]C1C=CC=CO1,[#0:1]-[#8]-[#6H]1-[#8]-[#6H]=[#6H]-[#6H]=[#6H]-1,1
C=C1SC(=S)N([N]([R])[S](=O)(=O)[R])C1=O,[#6H]=[#6]1-[#16]-[#6](=[#16])-[#7](-[#7](-[#16](=[#8])(=[#8])-[#0:1])-[#0:2])-[#6]-1=[#8],1
OC[N+]([R])=C[N]([R])[R],[#0:1]-[#7+](=[#6H]-[#7](-[#0:2])-[#0:3])-[#6H2]-[#8],1
O=C([N]([R])CO)[N]([R])CO,[#6H2](-[#8])-[#7](-[#6](-[#7](-[#6H2]-[#8])-[#0:1])=[#8])-[#0:2],1
O=[C]1[R][N]=C([S][R])[N]1[R],[#0:1]-[#7]1-[#6](=[#8])-[#0:2]-[#7]=[#6]-1-[#16]-[#0:3],1
OC(C=N[O][R])=[N][R],[#0:1]-[#8]-[#7]=[#6H]-[#6](-[#8])=[#7]-[#0:2],1
O=[C]([R])[N]([R])N=CC(=O)[N]([R])[O][R],[#0:1]-[#8]-[#7](-[#6](=[#8])-[#6H]=[#7]-[#7](-[#0:2])-[#6](=[#8])-[#0:3])-[#0:4],1
C=CC=N[N]([R])P(=O)([O][R])[O][R],[#6H]=[#6]/[#6]=[#7]/[#7](-[#15](=[#8])(-[#8]-[#0:1])-[#8]-[#0:2])-[#0:3],1
O=[C]([R])[N]([R])C(=C[N]([R])[R])P(=O)([O][R])[O][R],[#0:1]-[#8]-[#15](=[#8])(-[#8]-[#0:2])/[#6](=[#6]\[#7](-[#0:3])-[#0:4])-[#7](-[#6](=[#8])-[#0:5])-[#0:6],1
C=C(P(=O)([O][R])[O][R])P(=O)([O][R])[O][R],[#0:1]-[#8]-[#15](=[#8])(-[#8]-[#0:2])-[#6](=[#6H])-[#15](=[#8])(-[#8]-[#0:3])-[#8]-[#0:4],1
O=P([O][R])([O][R])[N]([R])[N]([R])[R],[#0:1]-[#8]-[#15](=[#8])(-[#7](-[#7](-[#0:4])-[#0:5])-[#0:3])-[#8]-[#0:2],1
[R][O]C[S][Au]=[P]([R])([R])[R],[#0:1]-[#15](-[#0:2])(-[#0:3])=[Au]-[#16]-[#6H2]-[#8]-[#0:4],1
O=[C]([R])[N]([R])[N]([R])C(=S)[S][R],[#0:1]-[#16]-[#6](=[#16])-[#7](-[#7](-[#6](=[#8])-[#0:2])-[#0:4])-[#0:3],1
O=[C]([R])N=C([N]([R])[R])[N]([R])[C](=O)[R],[#0:1]-[#6](=[#8])-[#7](-[#6](=[#7]-[#6](=[#8])-[#0:2])-[#7](-[#0:4])-[#0:3])-[#0:5],1
[R][N-][Car],[#7-](-[#0:1])-[#0:2],1
O[N]([R])C=C1C=NC=N1,[#6H]1=[#7]-[#6H]=[#7]-[#6]-1=[#6H]-[#7](-[#8])-[#0:1],1
[R][N]([R])C1([N]([R])[R])[N]([R])N=C2C=CC=NN21,[#6H]1=[#6]-[#6H]=[#7]-[#7]2-[#6]-1=[#7]-[#7](-[#6]-2(-[#7](-[#0:1])-[#0:4])-[#7](-[#0:2])-[#0:5])-[#0:3],1
[R][N]=C(C([O][R])[O][R])[N]([R])[R],[#0:1]-[#8]-[#6H](-[#6](=[#7]-[#0:2])-[#7](-[#0:3])-[#0:5])-[#8]-[#0:4],1
O[Si]([R])([R])[R],[#8]-[Si](-[#0:1])(-[#0:2])-[#0:3],1
C=CC=CC=CN=NC=N[N]([R])[R],[#7](/[#7]=[#6H]\[#7]=[#7]-[#6]=[#6H]-[#6]=[#6]-[#6]=[#6H])(-[#0:1])-[#0:2],1
O=C(C(=C[N]([R])[R])C(=O)[N]([R])[R])[N]([R])[R],[#7](-[#6](=[#8])-[#6](=[#6]-[#7](-[#0:1])-[#0:4])-[#6](-[#7](-[#0:5])-[#0:6])=[#8])(-[#0:2])-[#0:3],1
C=NC[N]([R])[R],[#6H2](-[#7]=[#6H])-[#7](-[#0:1])-[#0:2],1
[Cl][Hg][R],[#0:1]-[Hg]-[#17],1
[Cl][Mn][Cl],[#17]-[Mn]-[#17],1
[Cl][Ni][Cl],[#17]-[Ni]-[#17],1
[Cl][Pt-2]([Cl])([N+]([R])([R])[R])[N+]([R])([R])[R],[#7+](-[Pt-2](-[#7+](-[#0:4])(-[#0:5])-[#0:6])(-[#17])-[#17])(-[#0:1])(-[#0:2])-[#0:3],1
[Cl][Pt+2][Cl],[#17]-[Pt+2]-[#17],1
[R][N-][R],[#7-](-[#0:1])-[#0:2],1
[Cl][Ti]([Cl])[Cl],[#17]-[Ti](-[#17])-[#17],1
ClC=[CH][Nar],[#17]/[#6H]=[#6]\[#7],1
O=[N+]([O-])C(C(Cl)=C(Cl)Cl)=C([N]([R])[R])[N]([R])[R],[#8]=[#7+](-[#8-])-[#6](-[#6](-[#17])=[#6](-[#17])-[#17])=[#6](-[#7](-[#0:1])-[#0:2])-[#7](-[#0:3])-[#0:4],1
C=CC(=O)N=C,[#8]=[#6](-[#6]=[#6H])-[#7]=[#6H],1
C=CC=C1C(Cl)=C(Cl)C(Cl)=C1Cl,[#17]-[#6]1=[#6](-[#17])-[#6](-[#17])=[#6](-[#17])-[#6]-1=[#6]-[#6]=[#6H],1
C=N[N]=[Car],[#0:1]=[#7]-[#7]=[#6H],1
[R][S]C1=N[N]([R])C(=C2C=CC=N2)O1,[#0:1]-[#16]-[#6]1=[#7]-[#7](-[#6](=[#6]2-[#6]=[#6]-[#6]=[#7]-2)-[#8]-1)-[#0:2],1
O=[S](=O)([R])[S][R],[#8]=[#16](=[#8])(-[#16]-[#0:1])-[#0:2],1
O=[C]1[R][N](CN2C[N]([R])[R][C]2=O)C[N]1[R],[#0:1]-[#7]1-[#0:2]-[#6](=[#8])-[#7](-[#6]-[#7]2-[#0:3]-[#6](=[#8])-[#7](-[#0:4])-[#6]-2)-[#6]-1,1
O=P(O)([O][R])[N]([R])[R],[#0:1]-[#7](-[#0:2])-[#15](=[#8])(-[#8])-[#8]-[#0:3],1
C=NC(O)C(=O)[N]([R])[R],[#8]=[#6](-[#7](-[#0:1])-[#0:2])-[#6](-[#7]=[#6H2])-[#8],1
O=[C]([R])[N]([R])C([N]([R])[R])[N]([R])[R],[#0:1]-[#7](-[#0:2])-[#6H](-[#7](-[#6](=[#8])-[#0:3])-[#0:5])-[#7](-[#0:4])-[#0:6],1
O=[S](=O)([R])N=[S](=O)([R])[N]([R])[R],[#0:1]-[#7](-[#0:2])-[#16](-[#0:3])(=[#8])=[#7]-[#16](=[#8])(=[#8])-[#0:4],1
O=[C]1[R][N]([R])CN(C[O][R])C[N]([R])C(N=C[N]([R])[R])[N]1[R],[#0:1]-[#7](-[#0:2])/[#6]=[#7]/[#6]1-[#7](-[#6](=[#8])-[#0:3]-[#7](-[#6]-[#7](-[#6H2]-[#8]-[#0:4])-[#6H]-[#7]-1-[#0:7])-[#0:6])-[#0:5],1
O=C1C=CN([N]([R])[R])C1=CC=N[N]([R])[R],[#0:1]-[#7](-[#0:2])/[#7]=[#6]/[#6]=[#6]1\[#6](=[#8])-[#6H]=[#6]-[#7]-1-[#7](-[#0:3])-[#0:4],1
N#CC(C#N)=CC=N[N]([R])[R],[#0:1]-[#7](-[#0:2])/[#7]=[#6]\[#6]=[#6](-[#6]#[#7])-[#6]#[#7],1
C=NN=CC=NO,[#6H]=[#7]-[#7]=[#6H]-[#6H]=[#7]-[#8],1
C=[S]([R])[R],[#6H]=[#16](-[#0:1])-[#0:2],1
C=NC(=[N][R])[N]([R])[R],[#6H2]=[#7]-[#6](=[#7]-[#0:1])-[#7](-[#0:2])-[#0:3],1
[R][O]N=CC=N[O][R],[#0:1]-[#8]/[#7]=[#6]/[#6]=[#7]/[#8]-[#0:2],1
O=N[CH]=[Car],[#6H](-[#7]=[#8])=[#6H2],1
[Car]=[C]1C=CNC=C1,[#6H2]=[#6]1-[#6]=[#6]-[#7]-[#6]=[#6]-1,1
O=[C]([R])C=CC=N[N]([R])[R],[#0:1]-[#7](-[#0:2])-[#7]=[#6]-[#6]=[#6H]-[#6](-[#0:3])=[#8],1
[R][N]([R])[N]([R])C=CC=[N+]([R])[R],[#0:1]-[#7](-[#0:2])-[#7](-[#6H]=[#6]-[#6H]=[#7+](-[#0:3])-[#0:4])-[#0:5],1
O=S(=O)(N=C1C=CC(=NS(=O)(=O)[N]([R])[R])C=C1)[N]([R])[R],[#0:1]-[#7](-[#0:2])-[#16](=[#8])(=[#8])-[#7]=[#6]1-[#6]=[#6]-[#6](=[#7]-[#16](=[#8])(=[#8])-[#7](-[#0:3])-[#0:4])-[#6]=[#6]-1,1
[R][N+100]([R])([R])[R],[#0:2]-[#7+100](-[#0:3])(-[#0:4])-[#0:1],1
O=[C]1[R][N]([R])C(=O)N1C[N]([R])[S](=O)(=O)[R],[#0:1]-[#7](-[#6]-[#7]1-[#6](=[#8])-[#7](-[#0:2]-[#6]-1=[#8])-[#0:4])-[#16](-[#0:3])(=[#8])=[#8],1
S=C1C(=C[N]([R])[R])C(=C[N]([R])[R])C(=S)[N]1[R],[#0:1]-[#7](/[#6]=[#6]1/[#6](=[#16])-[#7](-[#0:2])-[#6](=[#16])/[#6]-1=[#6]/[#7](-[#0:3])-[#0:5])-[#0:4],1
C=C([S][R])[N]([R])[R],[#0:1]-[#7](-[#6](=[#6H])-[#16]-[#0:2])-[#0:3],1
O=C(C=C1SC(=[N][R])[N]([R])C1=O)[N]([R])[R],[#0:1]-[#7]1-[#6](=[#7]-[#0:3])-[#16]/[#6](=[#6H]\[#6](=[#8])-[#7](-[#0:2])-[#0:4])-[#6]-1=[#8],1
O=C(C1N=C([N]([R])[R])[N]([R])C([N]([R])[R])=N1)[N]([R])[R],[#0:1]-[#7](-[#6](=[#8])-[#6H]1-[#7]=[#6](-[#7](-[#0:5])-[#0:6])-[#7](-[#6](-[#7](-[#0:2])-[#0:3])=[#7]-1)-[#0:7])-[#0:4],1
O=C1[N]([R])C2N=C3[S][R][C](=O)N3[N]([R])C2[N]1[R],[#0:1]-[#7]1-[#6](=[#8])-[#7](-[#0:2])-[#6H]2-[#7](-[#7]3-[#6](=[#8])-[#0:3]-[#16]-[#6]-3=[#7]-[#6H]-1-2)-[#0:4],1
O=[C]1C=C([N]([R])[R])[N](C[S][R])[R]1,[#6H]1=[#6](-[#7](-[#0:3])-[#0:4])-[#7](-[#6]-[#16]-[#0:1])-[#0:2]-[#6]-1=[#8],1
OC1=C2N=C[N]([R])C2N(C[O][R])C=N1,[#0:1]-[#7]1-[#6]=[#7]-[#6]2=[#6](-[#8])-[#7]=[#6]-[#7](-[#6H]-[#8]-[#0:2])-[#6]-1-2,1
O=[C]([R])[N]([R])[N]([R])C=CC=[N][R],[#6H](=[#7]-[#0:1])-[#6H]=[#6]-[#7](-[#7](-[#6](=[#8])-[#0:2])-[#0:4])-[#0:3],1
C1=NCN=C1,[#6H2]1-[#7]=[#6H]-[#6H]=[#7]-1,1
O=[C]([R])ON=C1SC(=[N][R])C=C1[N]([R])[R],[#0:1]-[#7](-[#0:2])-[#6]1=[#6H]-[#6](-[#16]-[#6]-1=[#7]-[#8]-[#6](=[#8])-[#0:3])=[#7]-[#0:4],1
O[S](O)([R])[R],[#0:1]-[#16](-[#8])(-[#8])-[#0:2],1
C=C(C=O)[S][R],[#0:1]-[#16]-[#6](-[#6]=[#8])=[#6H],1
C=CC(=O)[N]=[Car],[#0:1]=[#7]-[#6](=[#8])-[#6]=[#6H],1
[R][N]1C=C[N]([R])C1,[#0:1]-[#7]1-[#6]-[#7](-[#0:2])-[#6H]=[#6H]-1,1
O=[C]([R])[N]([R])[N]([R])[CH]=[Car],[#6H](=[#0:1])-[#7](-[#7](-[#6](-[#0:2])=[#8])-[#0:3])-[#0:4],1
S=C([N]([R])[R])[N]([R])CN=C[O][R],[#0:1]-[#7](-[#6](=[#16])-[#7](-[#6H]/[#7]=[#6H]\[#8]-[#0:2])-[#0:4])-[#0:3],1
N#C[N]([R])CN([C](=O)[R])[S](=O)(=O)[R],[#0:1]-[#7](-[#6]#[#7])-[#6]-[#7](-[#6](=[#8])-[#0:2])-[#16](-[#0:3])(=[#8])=[#8],1
C=C(C(=O)O)N1C(=O)C([O][R])([N]([R])C(=O)C2SC(=C(C(=O)O)C(=O)[N]([R])[R])S2)C1[S][R],[#0:1]-[#8]-[#6]1(-[#7](-[#6](=[#8])-[#6]2-[#16]-[#6](=[#6](-[#6](-[#7](-[#0:4])-[#0:5])=[#8])-[#6](=[#8])-[#8])-[#16]-2)-[#0:3])-[#6](=[#8])-[#7](-[#6](-[#6](=[#8])-[#8])=[#6H2])-[#6H]-1-[#16]-[#0:2],1
O=C([O][R])OCSP(=O)([O][R])[O][R],[#0:1]-[#8]-[#15](=[#8])(-[#8]-[#0:2])-[#16]-[#6]-[#8]-[#6](=[#8])-[#8]-[#0:3],1
O=[S](=O)([R])N=[S]([R])[O][R],[#0:1]-[#8]/[#16](=[#7]\[#16](=[#8])(=[#8])-[#0:2])-[#0:3],1
C=CC(=O)C1CO1,[#6H2]=[#6]-[#6](=[#8])-[#6H]1-[#8]-[#6H2]-1,1
O=[C]([R])C(=CC=C[N]([R])[R])C(=O)[O][R],[#0:1]-[#8]-[#6](=[#8])/[#6](=[#6]/[#6]=[#6]/[#7](-[#0:2])-[#0:3])-[#6](-[#0:4])=[#8],1
O=C(C=[CH][Nar])[O][R],[#0:1]-[#8]-[#6](=[#8])/[#6]=[#6]/[#7],1
C=CC=C(C(=O)[O][R])C(=O)[O][R],[#0:1]-[#8]-[#6](=[#8])-[#6](=[#6]-[#6]=[#6H])-[#6](=[#8])-[#8]-[#0:2],1
O=C([O][R])C(=CC=C[N]([R])[R])C(=O)[O][R],[#0:1]-[#8]-[#6](=[#8])-[#6](=[#6]/[#6]=[#6]/[#7](-[#0:2])-[#0:3])-[#6](=[#8])-[#8]-[#0:4],1
O=[C]([R])C=C(C(=O)[O][R])C(=O)[O][R],[#0:1]-[#8]-[#6](=[#8])-[#6](=[#6]-[#6](=[#8])-[#0:2])-[#6](=[#8])-[#8]-[#0:3],1
O=C(C=C[N]([R])C(=O)[N]([R])[C](=O)[R])[O][R],[#0:1]-[#8]-[#6](=[#8])-[#6H]=[#6H]-[#7](-[#6](=[#8])-[#7](-[#6](-[#0:2])=[#8])-[#0:3])-[#0:4],1
N#CC(=CC(=O)[O][R])[N]([R])C=CC(=O)[O][R],[#0:1]-[#8]-[#6](=[#8])-[#6H]=[#6](-[#6]#[#7])-[#7](-[#6H]=[#6H]-[#6](=[#8])-[#8]-[#0:2])-[#0:3],1
O=C([O][R])C1=C(C(=O)[O][R])[N]([R])CO1,[#0:1]-[#8]-[#6](=[#8])-[#6]1=[#6](-[#6](=[#8])-[#8]-[#0:2])-[#8]-[#6H]-[#7]-1-[#0:3],1
O=C(C=NN(CO)[C](=O)[R])[O][R],[#0:1]-[#8]-[#6](=[#8])-[#6H]=[#7]-[#7](-[#6](=[#8])-[#0:2])-[#6H2]-[#8],1
O=[C]([R])C=CC1=CC(=C[C](=O)[R])OCO1,[#0:1]-[#6](=[#8])-[#6H]=[#6]1-[#8]-[#6]-[#8]-[#6](/[#6H]=[#6]/[#6](-[#0:2])=[#8])=[#6H]-1,1
O=[N+]([OH+126])[O][R],[#0:1]-[#8]-[#7+](=[#8])-[#8H+126],1
[R][N]([R])[CH]=[Car],[#0:1]=[#6]-[#7](-[#0:2])-[#0:3],1
C=C1SC([N]([R])[C](=O)[R])=NC1=O,[#6H]=[#6]1-[#16]-[#6](-[#7](-[#6](-[#0:1])=[#8])-[#0:2])=[#7]-[#6]-1=[#8],1
[O-][N+](O)([R])[R],[#0:1]-[#7+](-[#8-])(-[#8])-[#0:2],1
C=CC(=O)[N]([R])S(=O)(=O)[N]([R])[R],[#0:1]-[#7](-[#16](=[#8])(=[#8])-[#7](-[#6](=[#8])-[#6]=[#6H])-[#0:3])-[#0:2],1
O=[C]([R])C=CC=N[O][R],[#0:1]-[#8]-[#7]=[#6H]-[#6H]=[#6]-[#6](-[#0:2])=[#8],1
ON=C1C=CC(=NO)C([O][R])=C1,[#0:1]-[#8]-[#6]1=[#6]-[#6](=[#7]-[#8])-[#6]=[#6]-[#6]-1=[#7]-[#8],1
O=C([O][R])[N]1[R][C](=O)N1C(=O)[O][R],[#0:1]-[#8]-[#6](=[#8])-[#7]1-[#6](=[#8])-[#0:2]-[#7]-1-[#6](=[#8])-[#8]-[#0:3],1
O=C1[O][R][C](=O)C1=CO,[#6H](-[#8])=[#6]1-[#6](=[#8])-[#8]-[#0:1]-[#6]-1=[#8],1
O=[C]([R])[N]([R])C(=S)[N]([R])[N]([R])C(=O)[O][R],[#0:1]-[#8]-[#6](=[#8])-[#7](-[#7](-[#6](=[#16])-[#7](-[#6](=[#8])-[#0:2])-[#0:5])-[#0:4])-[#0:3],1
O=C([O][R])[N]([R])[N]([R])[S](=O)(=O)[R],[#0:1]-[#8]-[#6](=[#8])-[#7](-[#7](-[#16](=[#8])(=[#8])-[#0:2])-[#0:4])-[#0:3],1
O=C([O][R])[N]([R])[O][R],[#0:1]-[#8]-[#6](=[#8])-[#7](-[#8]-[#0:2])-[#0:3],1
O=C(O)C([O][R])[N]([R])[C](=O)[R],[#0:1]-[#8]-[#6](-[#7](-[#6](=[#8])-[#0:2])-[#0:3])-[#6](=[#8])-[#8],1
O=C([O][R])[N]([R])C(=S)[N]([R])[R],[#0:1]-[#8]-[#6](=[#8])-[#7](-[#6](=[#16])-[#7](-[#0:2])-[#0:4])-[#0:3],1
O=C(C([O][R])[S][R])[N]([R])[R],[#0:1]-[#8]-[#6](-[#16]-[#0:2])-[#6](-[#7](-[#0:3])-[#0:4])=[#8],1
C=C[CH]=[Car],[#6H2]=[#6]-[#6H]=[#6H],1
[R][O]CO[O][R],[#0:1]-[#8]-[#6H2]-[#8]-[#8]-[#0:2],1
[R][O]C([O][R])C([O][R])[N]([R])[R],[#0:2]-[#8]-[#6H](-[#6H](-[#8]-[#0:3])-[#8]-[#0:4])-[#7](-[#0:5])-[#0:1],1
OC=C[O][R],[#0:1]-[#8]-[#6H]=[#6H]-[#8],1
O=[C]([R])C([O][R])=C([O][R])[C](=O)[R],[#0:1]-[#8]-[#6](=[#6](-[#8]-[#0:2])-[#6](=[#8])-[#0:3])-[#6](-[#0:4])=[#8],1
C=C1N=CC=C1[O][R],[#0:1]-[#8]-[#6]1=[#6]-[#6H]=[#7]-[#6]-1=[#6H],1
O=[C]([R])[N]([R])COP(=O)(O)O,[#0:1]-[#7](-[#6]-[#8]-[#15](=[#8])(-[#8])-[#8])-[#6](=[#8])-[#0:2],1
O[N]([R])C=CC(=[N][R])[O][R],[#0:1]-[#8]-[#6](=[#7]-[#0:2])-[#6H]=[#6]-[#7](-[#8])-[#0:3],1
C=NC=[S][R],[#0:1]-[#16]=[#6H]-[#7]=[#6H2],1
C=C1SC([S][R])=NC1=O,[#6H]=[#6]1-[#16]-[#6](-[#16]-[#0:1])=[#7]-[#6]-1=[#8],1
O=[C]([R])[N]([R])N(CO)C(=O)[O][R],[#0:1]-[#6](=[#8])-[#7](-[#7](-[#6](=[#8])-[#8]-[#0:2])-[#6H2]-[#8])-[#0:3],1
C#CBr,[#6H]#[#6]-[#35],1
O=[C]([R])C(C=[N][R])=C[N]([R])[R],[#0:1]-[#6](=[#8])-[#6](=[#6H]-[#7](-[#0:2])-[#0:4])-[#6]=[#7]-[#0:3],1
O=C(O)C=S,[#6H](=[#16])-[#6](=[#8])-[#8],1
O=C(C([S][R])[S][R])[N]([R])[R],[#0:1]-[#7](-[#6](=[#8])-[#6](-[#16]-[#0:2])-[#16]-[#0:3])-[#0:4],1
O=C(SC(=[N][R])[S][R])[N]([R])[R],[#0:1]-[#7](-[#6](=[#8])-[#16]-[#6](=[#7]-[#0:2])-[#16]-[#0:3])-[#0:4],1
C=Nc1c[n]([R])[n]([R])c1=[N][R],[#6H2]=[#7]-[#6]1=[#6H]-[#7](-[#7](-[#6]-1=[#7]-[#0:1])-[#0:3])-[#0:2],1
O=CC=CCl,[#6H](-[#17])=[#6H]-[#6]=[#8],1
C=C(Br)[N+](=O)[O-],[#6H]=[#6](-[#35])-[#7+](=[#8])-[#8-],1
C=CC(=O)[N]([R])C(=S)[N]([R])[N]([R])[C](=O)[R],[#6H]=[#6]-[#6](=[#8])-[#7](-[#6](=[#16])-[#7](-[#7](-[#6](=[#8])-[#0:1])-[#0:4])-[#0:3])-[#0:2],1
C=CC(=O)[N]([R])C(=S)[N]([R])[N]([R])C(=O)[O][R],[#6H]=[#6]-[#6](=[#8])-[#7](-[#6](=[#16])-[#7](-[#7](-[#6](=[#8])-[#8]-[#0:1])-[#0:4])-[#0:3])-[#0:2],1
C=CC=NN=C[N]([R])[R],[#6H]=[#6]/[#6]=[#7]/[#7]=[#6H]/[#7](-[#0:1])-[#0:2],1
C=C1SC(=O)N=C1O,[#6H]=[#6]1-[#16]-[#6](=[#8])-[#7]=[#6]-1-[#8],1
O=[C]([R])N(C[N]([R])[R])[N]([R])[R],[#0:1]-[#6](=[#8])-[#7](-[#7](-[#0:2])-[#0:4])-[#6H]-[#7](-[#0:3])-[#0:5],1
O=[C]([R])C=C[N]([R])N([C](=O)[R])[C](=O)[R],[#0:1]-[#6](=[#8])/[#6]=[#6]/[#7](-[#7](-[#6](=[#8])-[#0:2])-[#6](-[#0:3])=[#8])-[#0:4],1
C=C(C=C[O][R])C(=O)[N]([R])[R],[#0:1]-[#7](-[#6](=[#8])-[#6](=[#6H])-[#6]=[#6]-[#8]-[#0:2])-[#0:3],1
C=C1C(=O)OCOC1=O,[#6H]=[#6]1-[#6](=[#8])-[#8]-[#6H2]-[#8]-[#6]-1=[#8],1
O=C([CH]=[Car])[N]([R])[R],[#0:1]=[#6]-[#6](=[#8])-[#7](-[#0:2])-[#0:3],1
O=C1C=CC([O][R])O1,[#6H]1=[#6H]-[#6H](-[#8]-[#0:1])-[#8]-[#6]-1=[#8],1
C=CN=CC=CN=C[N]([R])[R],[#6H](=[#6]-[#6H]=[#7]-[#6]=[#6H2])-[#7]=[#6H]-[#7](-[#0:1])-[#0:2],1
C1=NCOCS1,[#6H]1=[#7]-[#6]-[#8]-[#6]-[#16]-1,1
N#CC=C(OC=C[C](=O)[R])[N]([R])[R],[#6H](-[#6]#[#7])=[#6](-[#7](-[#0:2])-[#0:3])-[#8]-[#6H]=[#6H]-[#6](=[#8])-[#0:1],1
O=C(C=CN=C([S][R])[N]([R])[R])[N]([R])[R],[#0:1]-[#7](-[#6](-[#16]-[#0:2])=[#7]-[#6H]=[#6H]-[#6](=[#8])-[#7](-[#0:3])-[#0:5])-[#0:4],1
N#CN=C([N]([R])[R])[N]([R])C[N]([R])[C](=O)[R],[#0:1]-[#6](=[#8])-[#7](-[#6H]-[#7](/[#6](=[#7]/[#6]#[#7])-[#7](-[#0:2])-[#0:5])-[#0:4])-[#0:3],1
O=C(O)[N]([R])[C](=O)[R],[#0:1]-[#6](=[#8])-[#7](-[#6](=[#8])-[#8])-[#0:2],1
O=C1C=CC(=O)O1,[#6H]1=[#6]-[#6](=[#8])-[#8]-[#6]-1=[#8],1
C=CC(=C)F,[#6H]=[#6]-[#6](-[#9])=[#6H],1
O=[C]([R])C=C1SC=C[N]1[R],[#6H]1=[#6]-[#16]/[#6](=[#6]/[#6](-[#0:1])=[#8])-[#7]-1-[#0:2],1
O=[C]([R])C(Cl)=N[N]([R])[R],[#0:1]-[#7](/[#7]=[#6](/[#17])-[#6](-[#0:2])=[#8])-[#0:3],1
O=[C]([R])O[N]([R])[C](=O)[R],[#0:1]-[#6](=[#8])-[#7](-[#8]-[#6](=[#8])-[#0:2])-[#0:3],1
O=C1[N]([R])C[N]([R])C[N]1[Nar],[#0:1]-[#7]1-[#6]-[#7](-[#0:2])-[#6](=[#8])-[#7](-[#7])-[#6]-1,1
C=C([O][R])n1c(=[N][R])nc[n]1[R],[#0:1]-[#8]-[#6](=[#6H])-[#7]1-[#6](=[#7]-[#0:2])-[#7]=[#6H]-[#7]-1-[#0:3],1
O=[C]([R])[N]([R])C(=O)C=C[N]([R])[Nar],[#0:1]-[#7](-[#6](=[#8])/[#6H]=[#6]\[#7](-[#7])-[#0:3])-[#6](-[#0:2])=[#8],1
O=C1C=N[N]([R])C([S][R])[N]1[R],[#0:1]-[#16]-[#6]1-[#7](-[#7]=[#6H]-[#6](=[#8])-[#7]-1-[#0:2])-[#0:3],1
O=S(=O)(O)[N]([R])[N]([R])[R],[#0:1]-[#7](-[#7](-[#16](=[#8])(=[#8])-[#8])-[#0:3])-[#0:2],1
O=[S](=O)([R])N=C[N]([R])[O][R],[#0:1]-[#8]-[#7](-[#6H]=[#7]-[#16](=[#8])(=[#8])-[#0:2])-[#0:3],1
C=C[N]([R])C=[N][R],[#6H]=[#6]-[#7](/[#6]=[#7]/[#0:2])-[#0:1],1
S=P([O][R])([N]([R])[R])[N]([R])[R],[#0:2]-[#7](-[#15](=[#16])(-[#8]-[#0:3])-[#7](-[#0:1])-[#0:5])-[#0:4],1
C=C([N]([R])[R])[N]([R])[C](=O)[R],[#0:1]-[#7](-[#6](=[#8])-[#0:2])-[#6](=[#6H2])-[#7](-[#0:3])-[#0:4],1
O=[C]([R])C(=N[N]([R])[C](=O)[R])[S][R],[#0:1]-[#7](/[#7]=[#6](/[#16]-[#0:2])-[#6](-[#0:3])=[#8])-[#6](-[#0:4])=[#8],1
O=[C]([R])[N]([R])C(=O)C1N=C([N]([R])[R])[N]([R])C([N]([R])[R])=N1,[#0:1]-[#7](-[#6]1=[#7]-[#6H](-[#7]=[#6](-[#7](-[#0:5])-[#0:6])-[#7]-1-[#0:7])-[#6](=[#8])-[#7](-[#6](-[#0:2])=[#8])-[#0:3])-[#0:4],1
C=C(C(=O)OCOC(=O)[O][R])N(C[S][R])[C](=O)[R],[#6H2]=[#6](-[#6](=[#8])-[#8]-[#6H]-[#8]-[#6](=[#8])-[#8]-[#0:1])-[#7](-[#6](=[#8])-[#0:2])-[#6H2]-[#16]-[#0:3],1
C=C(C(=O)[N]([R])CO)[N]([R])[C](=O)[R],[#0:1]-[#7](-[#6](=[#8])-[#6](-[#7](-[#6](=[#8])-[#0:2])-[#0:3])=[#6H])-[#6H2]-[#8],1
O=[C]([R])O[O][R],[#0:1]-[#6](=[#8])-[#8]-[#8]-[#0:2],1
O=S(=O)(O)ON=CSC[O][R],[#6H](=[#7]-[#8]-[#16](=[#8])(=[#8])-[#8])-[#16]-[#6H2]-[#8]-[#0:1],1
O=[S](=O)([R])N=C[N]([R])C(=[N][R])[S][R],[#0:1]-[#16]-[#6](=[#7]-[#0:3])-[#7](-[#6H]=[#7]-[#16](=[#8])(=[#8])-[#0:2])-[#0:4],1
O=[C]([R])[N]([R])C(=O)[N]([R])C(=O)[S][R],[#0:1]-[#16]-[#6](=[#8])-[#7](-[#6](=[#8])-[#7](-[#6](=[#8])-[#0:2])-[#0:4])-[#0:3],1
ClC(C=C[N]([R])[R])=C(C=[N+]([R])[R])C=[N+]([R])[R],[#0:1]-[#7](-[#0:2])/[#6]=[#6]/[#6](-[#17])=[#6](-[#6]=[#7+](-[#0:3])-[#0:4])-[#6]=[#7+](-[#0:5])-[#0:6],1
FC=C(F)F,[#6H](-[#9])=[#6](-[#9])-[#9],1
[R][N]([R])N=CC=N[N]([R])[R],[#6H](/[#6]=[#7]/[#7](-[#0:1])-[#0:3])=[#7]/[#7](-[#0:2])-[#0:4],1
N#CC1=C2C=CC=CN2CN=C1[S][R],[#7]#[#6]-[#6]1=[#6]2-[#6]=[#6]-[#6]=[#6]-[#7]-2-[#6H2]-[#7]=[#6]-1-[#16]-[#0:1],1
O=C(C=[CH][Nar])[N]([R])[R],[#7](-[#6](=[#8])/[#6H]=[#6]/[#7])(-[#0:1])-[#0:2],1
C=CC=CC=NC(=S)[N]([R])[C](=O)[R],[#8]=[#6](-[#0:1])-[#7](-[#6](-[#7]=[#6H]-[#6]=[#6]-[#6]=[#6H])=[#16])-[#0:2],1
O=[C]1[O][Pt][O][C](=O)[R]1,[#8]=[#6]1-[#8]-[Pt]-[#8]-[#6](=[#8])-[#0:1]-1,1
O=S(=O)([N]([R])[R])[N]([R])C(Cl)=CCl,[#0:1]-[#7](-[#0:2])-[#16](=[#8])(=[#8])-[#7](-[#0:3])/[#6](-[#17])=[#6]\[#17],1
O=C(O)C(=CCl)[N]([R])[C](=O)[R],[#0:1]-[#6](=[#8])-[#7](-[#6](-[#6](=[#8])-[#8])=[#6H]-[#17])-[#0:2],1
ClC=C(Cl)[S][R],[#0:1]-[#16]/[#6](-[#17])=[#6]\[#17],1
[R][S]C=N[N]([R])[R],[#7](/[#7]=[#6H]/[#16]-[#0:1])(-[#0:2])-[#0:3],1
N#[N+][N-][S](=O)(=O)[R],[#0:1]-[#16](=[#8])(=[#8])-[#7-]-[#7+]#[#7],1
O=[C]([R])N=CC=C[N]([R])[R],[#0:1]-[#6](=[#8])-[#7]=[#6]-[#6H]=[#6H]-[#7](-[#0:2])-[#0:3],1
N#[C][Fe-2]([C]#N)([C]#N)([C]#N)([C]#N)[N]=O,[#7]#[#6]-[Fe-2](-[#6]#[#7])(-[#6]#[#7])(-[#6]#[#7])(-[#6]#[#7])-[#7]=[#8],1
N#CC=C([S][R])[N]([R])[R],[#7]#[#6]/[#6H]=[#6](/[#7](-[#0:2])-[#0:3])-[#16]-[#0:1],1
C=CC=CC#N,[#7]#[#6]/[#6H]=[#6]\[#6]=[#6H],1
C=C(C#N)C(=C(C#N)C#N)[N]([R])[R],[#7]#[#6]-[#6](-[#6]#[#7])=[#6](-[#7](-[#0:1])-[#0:2])-[#6](-[#6]#[#7])=[#6H],1
C=C(C#N)[S](=O)(=O)[R],[#7]#[#6]-[#6](=[#6H])-[#16](=[#8])(=[#8])-[#0:1],1
N#CC=NO,[#7]#[#6]/[#6H]=[#7]/[#8],1
N#CC=C([S][R])[N]([R])[C](=O)[R],[#7]#[#6]/[#6]=[#6](\[#7](-[#6](=[#8])-[#0:1])-[#0:3])-[#16]-[#0:2],1
N#CC=C1C=CC=N[N]1[R],[#0:1]-[#7]1-[#7]=[#6H]-[#6]=[#6]/[#6]-1=[#6H]/[#6]#[#7],1
N#C[C](=[Car])C#N,[#7]#[#6]-[#6](-[#6]#[#7])=[#6H2],1
N#CC(C#N)=C1C=CC=N[N]1[R],[#0:1]-[#7]1-[#7]=[#6H]-[#6]=[#6]-[#6]-1=[#6](-[#6]#[#7])-[#6]#[#7],1
N#CC(=CN=C[N]([R])[R])C(=O)[N]([R])[R],[#7]#[#6]-[#6](-[#6](=[#8])-[#7](-[#0:1])-[#0:2])=[#6H]-[#7]=[#6H]-[#7](-[#0:3])-[#0:4],1
N#CC=C(C=C(C#N)C#N)[N]([R])[R],[#7]#[#6]-[#6](-[#6]#[#7])=[#6]/[#6](-[#7](-[#0:1])-[#0:2])=[#6H]/[#6]#[#7],1
N#CC=C([N]([R])[R])[N]([R])[C](=O)[R],[#7]#[#6]-[#6H]=[#6](-[#7](-[#0:3])-[#0:4])-[#7](-[#0:1])-[#6](=[#8])-[#0:2],1
[R][N]([R])C=NC[N]([R])[R],[#6H](=[#7]-[#6H]-[#7](-[#0:3])-[#0:4])-[#7](-[#0:1])-[#0:2],1
C=CC(=O)[N]([R])[Nar],[#6H]=[#6]-[#6](=[#8])-[#7](-[#7])-[#0:1],1
O=[C]([R])N(C[O][R])[C](=O)[R],[#0:1]-[#8]-[#6]-[#7](-[#6](=[#8])-[#0:2])-[#6](-[#0:3])=[#8],1
[R][N]([R])C1N=CC=C[N]1[R],[#0:1]-[#7](-[#6]1-[#7]=[#6]-[#6]=[#6]-[#7]-1-[#0:3])-[#0:2],1
N#C[N]([R])C=[N][R],[#7]#[#6]-[#7](-[#6H]=[#7]-[#0:2])-[#0:1],1
C=N[N]([R])C(=[N][R])[N]([R])N=C,[#7](=[#6](-[#7](-[#7]=[#6H])-[#0:2])-[#7](-[#7]=[#6H])-[#0:3])-[#0:1],1
C=C1C(=O)SC(=[N][R])[N]1[R],[#7](=[#6]1-[#7](-[#6](=[#6H])-[#6](=[#8])-[#16]-1)-[#0:2])-[#0:1],1
[R][N]=CN=c1nccc[n]1[R],[#7](=[#6H]-[#7]=[#6]1-[#7]=[#6]-[#6]=[#6]-[#7]-1-[#0:1])-[#0:2],1
OC=C(O)C(=[N][R])[O][R],[#7](=[#6](-[#8]-[#0:1])-[#6](=[#6H]-[#8])-[#8])-[#0:2],1
[R][N]=C[N]([R])C(=[N][R])[S][R],[#7](=[#6](-[#16]-[#0:1])-[#7](-[#6H]=[#7]-[#0:2])-[#0:3])-[#0:4],1
O=[S](=O)([R])[N]([R])C=C[S][R],[#8]=[#16](=[#8])(-[#0:1])-[#7](-[#6]=[#6H]-[#16]-[#0:2])-[#0:3],1
[R][B]([N]([R])[R])[N]([R])[R],[#0:1]-[#5](-[#7](-[#0:2])-[#0:4])-[#7](-[#0:3])-[#0:5],1
O=C1[N]([R])C2C([N]1[R])[N]([R])C(=O)[N]2[R],[#8]=[#6]1-[#7](-[#6]2-[#7](-[#6](=[#8])-[#7](-[#6]-2-[#7]-1-[#0:4])-[#0:3])-[#0:2])-[#0:1],1
C=C([N]([R])[R])[N]([R])O[C](=O)[R],[#7](-[#6](=[#6H])-[#7](-[#8]-[#6](=[#8])-[#0:1])-[#0:4])(-[#0:2])-[#0:3],1
[R][N]=[C]([Nar])[N]([R])[R],[#7](=[#6](-[#7](-[#0:2])-[#0:3])-[#7])-[#0:1],1
S=C([N]([R])[R])[N]([R])C(=[N][R])[N]([R])[R],[#7](=[#6](-[#7](-[#0:3])-[#0:4])-[#7](-[#6](=[#16])-[#7](-[#0:1])-[#0:6])-[#0:5])-[#0:2],1
O=[C]([R])N=C([N]=[Car])[N]([R])[R],[#7](-[#6](=[#7]-[#6](=[#8])-[#0:1])-[#7]=[#0:2])(-[#0:3])-[#0:4],1
O=C(C=C([S][R])[N]([R])[C](=O)[R])[N]([R])[R],[#7](-[#6](=[#8])-[#6H]=[#6](-[#7](-[#6](=[#8])-[#0:1])-[#0:5])-[#16]-[#0:2])(-[#0:3])-[#0:4],1
O=C(C=N[N]([R])[R])[N]([R])C(=[N][R])[S][R],[#6H](-[#6](=[#8])-[#7](-[#6](=[#7]-[#0:2])-[#16]-[#0:3])-[#0:5])=[#7]-[#7](-[#0:4])-[#0:1],1
O=[C]1[R][N](C(=O)[O][R])C=C[N]1[R],[#0:1]-[#7]1-[#6]=[#6]-[#7](-[#6](=[#8])-[#8]-[#0:2])-[#0:3]-[#6]-1=[#8],1
O=C([N]([R])[R])[N]([R])N=CC=NO,[#7](-[#6](=[#8])-[#7](/[#7]=[#6H]/[#6]=[#7]/[#8])-[#0:3])(-[#0:1])-[#0:2],1
C=CC=CC=N[N]([R])C(=O)[N]([R])[R],[#6H]=[#6]-[#6H]=[#6]/[#6H]=[#7]/[#7](-[#6](-[#7](-[#0:2])-[#0:3])=[#8])-[#0:1],1
O=C(C=CO)[N]([R])C(=O)[N]([R])[R],[#7](-[#6](=[#8])-[#7](-[#6](=[#8])/[#6H]=[#6H]\[#8])-[#0:1])(-[#0:2])-[#0:3],1
O=C1C([N]([R])C(=O)[N]([R])[R])[N]([R])C(=O)[N]1[R],[#7](-[#6](=[#8])-[#7](-[#6]1-[#7](-[#6](=[#8])-[#7](-[#6]-1=[#8])-[#0:5])-[#0:4])-[#0:3])(-[#0:1])-[#0:2],1
S=C(N=C[N]([R])[R])[N]([R])[R],[#0:1]-[#7](-[#0:2])/[#6]=[#7]/[#6](-[#7](-[#0:3])-[#0:4])=[#16],1
[R][S]C[N+]([R])=C[N]([R])[R],[#0:1]-[#16]-[#6]-[#7+](=[#6H]-[#7](-[#0:2])-[#0:3])-[#0:4],1
O=C(O)C=N[N]([R])C[N]([R])[R],[#7](-[#6H]-[#7](/[#7]=[#6]/[#6](=[#8])-[#8])-[#0:3])(-[#0:1])-[#0:2],1
O=C(O)C([N]([R])C(=O)[N]([R])[R])[N]([R])C(=O)[N]([R])[R],[#7](-[#6](=[#8])-[#7](-[#6](-[#7](-[#6](-[#7](-[#0:5])-[#0:6])=[#8])-[#0:4])-[#6](=[#8])-[#8])-[#0:3])(-[#0:1])-[#0:2],1
[R][N]=C([N]([R])[R])[N]([R])C[O][R],[#0:1]-[#8]-[#6H2]-[#7](-[#6](=[#7]-[#0:2])-[#7](-[#0:3])-[#0:5])-[#0:4],1
O=[C]([R])[N]([R])[N]([R])C(=[N][R])[N]([R])[R],[#7](-[#6](=[#7]-[#0:1])-[#7](-[#7](-[#6](-[#0:2])=[#8])-[#0:5])-[#0:6])(-[#0:3])-[#0:4],1
O=[C]([R])C(=C[N]([R])[R])C(=C[N]([R])[R])[C](=O)[R],[#7](-[#6H]=[#6](-[#6](=[#8])-[#0:1])-[#6](-[#6](-[#0:2])=[#8])=[#6H]-[#7](-[#0:5])-[#0:6])(-[#0:3])-[#0:4],1
[R][O]C1=NC([N]([R])[R])=NC[N]1[R],[#7](-[#6]1=[#7]-[#6H2]-[#7](-[#6](=[#7]-1)-[#8]-[#0:1])-[#0:2])(-[#0:3])-[#0:4],1
O=S(=O)(O)[O][Nar],[#7]-[#8]-[#16](=[#8])(=[#8])-[#8],1
C=CN=C([S][R])[N]([R])[R],[#7](-[#6](=[#7]-[#6H]=[#6H2])-[#16]-[#0:1])(-[#0:2])-[#0:3],1
[R][N]=C(C(=[N][R])[N]([R])[R])[N]([R])[R],[#7](=[#6](-[#7](-[#0:1])-[#0:4])-[#6](=[#7]-[#0:5])-[#7](-[#0:2])-[#0:6])-[#0:3],1
O=P(O)([O][Na])OP(=O)([O][Na])[O][R],[#0:1]-[#8]-[#15](=[#8])(-[#8]-[Na])-[#8]-[#15](=[#8])(-[#8])-[#8]-[Na],1
O=[C]1[R][N]([R])C(Br)N(C[O][R])C[N]([R])C([N]([R])[R])[N]1[R],[#7](-[#6]1-[#7](-[#6](=[#8])-[#0:1]-[#7](-[#6](-[#35])-[#7](-[#6H2]-[#8]-[#0:2])-[#6H]-[#7]-1-[#0:7])-[#0:6])-[#0:5])(-[#0:3])-[#0:4],1
O=[P+](O)[O][R],[#0:1]-[#8]-[#15+](=[#8])-[#8],1
[R][N]=NC[N]([R])[R],[#6H](-[#7](-[#0:2])-[#0:3])-[#7]=[#7]-[#0:1],1
O=[C]([Nar])C(=C[O][R])[O][R],[#7]-[#6](=[#8])-[#6](=[#6]-[#8]-[#0:1])-[#8]-[#0:2],1
ON=[CH][Nar],[#6H](=[#7]-[#8])-[#7],1
OCN=C([N]([R])[R])[N]([R])[R],[#6H2](-[#8])-[#7]=[#6](-[#7](-[#0:2])-[#0:3])-[#7](-[#0:1])-[#0:4],1
O=[C]([R])C=NC(C(=O)[O][R])[N]([R])[R],[#6H](-[#6](=[#8])-[#8]-[#0:1])(-[#7]=[#6H]-[#6](=[#8])-[#0:2])-[#7](-[#0:3])-[#0:4],1
O=P(O)(O)[S][R],[#0:1]-[#16]-[#15](=[#8])(-[#8])-[#8],1
O=[S](=O)([R])[N]([R])C=C[O][R],[#0:2]-[#8]-[#6H]=[#6]-[#7](-[#16](=[#8])(=[#8])-[#0:3])-[#0:1],1
[R][O][B]([R])[R],[#0:1]-[#8]-[#5](-[#0:2])-[#0:3],1
O=[C]1[R][S]C(=[N][R])N1[N]([R])[R],[#7](-[#7]1-[#6](=[#8])-[#0:1]-[#16]/[#6]-1=[#7]\[#0:2])(-[#0:3])-[#0:4],1
O=[C]1[R][N]([R])C(=O)N1[N]([R])[R],[#7](-[#7]1-[#6](=[#8])-[#7](-[#0:1]-[#6]-1=[#8])-[#0:4])(-[#0:2])-[#0:3],1
C=CC=C(C(=O)[N]([R])[N]([R])[R])[N]([R])[C](=O)[R],[#7](-[#7](-[#6](=[#8])/[#6](=[#6]/[#6]=[#6H])-[#7](-[#6](=[#8])-[#0:1])-[#0:5])-[#0:4])(-[#0:2])-[#0:3],1
S=C[N]([R])[N]([R])[R],[#7](-[#7](-[#6H]=[#16])-[#0:3])(-[#0:1])-[#0:2],1
C#CS(=O)(=O)[N]([R])[R],[#7](-[#16](=[#8])(=[#8])-[#6]#[#6H])(-[#0:1])-[#0:2],1
O=NC(=C1C([N]([R])[R])=NO[N]1[R])[N]([R])[R],[#0:1]-[#7](-[#6]1=[#7]-[#8]-[#7](/[#6]-1=[#6](/[#7]=[#8])-[#7](-[#0:2])-[#0:5])-[#0:4])-[#0:3],1
[Cl][Ru]([Cl])([Nar+])([Nar+])([Nar+])[Nar+],[#17]-[Ru](-[#17])(-[#7+])(-[#7+])(-[#7+])-[#7+],1
O=[C]([R])C(C=CS(=O)(=O)O)=N[N]([R])[R],[#8]=[#6](/[#6](=[#7]/[#7](-[#0:1])-[#0:3])-[#6]=[#6H]-[#16](=[#8])(=[#8])-[#8])-[#0:2],1
[R][Hg],[#0:1]-[Hg],1
N#CC(=NO)C(=O)[O][R],[#0:1]-[#8]-[#6](=[#8])/[#6](-[#6]#[#7])=[#7]/[#8],1
O=[C]([R])[N]([R])C[N]([R])[Nar],[#7]-[#7](-[#0:2])-[#6H2]-[#7](-[#0:3])-[#6](=[#8])-[#0:1],1
O=C([O][R])OC[O][R],[#0:1]-[#8]-[#6](=[#8])-[#8]-[#6]-[#8]-[#0:2],1
O=C(O)C(O)[O][R],[#0:1]-[#8]-[#6H](-[#8])-[#6](=[#8])-[#8],1
O=P([O-])(O)OP(=O)([O][R])[O][R],[#0:1]-[#8]-[#15](=[#8])(-[#8]-[#0:2])-[#8]-[#15](=[#8])(-[#8-])-[#8],1
O=P([O][Na])([O][Na])OP(=O)([O][Na])OP(=O)([O][Na])[O][R],[#0:1]-[#8]-[#15](=[#8])(-[#8]-[Na])-[#8]-[#15](=[#8])(-[#8]-[Na])-[#8]-[#15](=[#8])(-[#8]-[Na])-[#8]-[Na],1
O=P([O][Na])([O][Na])OP(=O)([O][R])[O][R],[#0:1]-[#8]-[#15](=[#8])(-[#8]-[#0:2])-[#8]-[#15](=[#8])(-[#8]-[Na])-[#8]-[Na],1
O=C(C=CC=CC=CC=CC=CC=CC=CC(=O)OC[O][R])OC[O][R],[#6H](/[#6]=[#6]/[#6]=[#6H]-[#6](=[#8])-[#8]-[#6H2]-[#8]-[#0:1])=[#6]\[#6]=[#6]\[#6]=[#6H]\[#6]=[#6]\[#6]=[#6H]-[#6](=[#8])-[#8]-[#6H2]-[#8]-[#0:2],1
O=C([O][R])C(=C[O][Na])OP(=O)([O][Na])[O][Na],[#8]=[#6](-[#8]-[#0:1])-[#6](=[#6H]-[#8]-[Na])-[#8]-[#15](=[#8])(-[#8]-[Na])-[#8]-[Na],1
O=S(=O)([O][K])ON=CSC[O][R],[#6H](=[#7]-[#8]-[#16](=[#8])(=[#8])-[#8]-[K])-[#16]-[#6H2]-[#8]-[#0:1],1
OCOCOCO[O][R],[#6H2](-[#8])-[#8]-[#6H2]-[#8]-[#6H2]-[#8]-[#8]-[#0:1],1
OCO[N+]([R])([R])[R],[#8]-[#6H2]-[#8]-[#7+](-[#0:1])(-[#0:2])-[#0:3],1
C=CC1(O)C(=O)[N]([R])C([O][R])C(=O)[N]1[R],[#6]=[#6H]-[#6]1(-[#6](-[#7](-[#6H](-[#8]-[#0:1])-[#6](-[#7]-1-[#0:3])=[#8])-[#0:2])=[#8])-[#8],1
O=S(=O)([O][Na])[N]([R])[R],[#0:1]-[#7](-[#16](=[#8])(=[#8])-[#8]-[Na])-[#0:2],1
O=C(O)C=CC=CC=CC=CC=CC=CC=CC(=O)O,[#6H](/[#6]=[#6]/[#6]=[#6H]-[#6](=[#8])-[#8])=[#6]\[#6]=[#6]\[#6]=[#6H]\[#6]=[#6]\[#6]=[#6H]-[#6](=[#8])-[#8],1
[R][O]CSC[O][R],[#0:1]-[#8]-[#6H2]-[#16]-[#6H2]-[#8]-[#0:2],1
O=P(O)([O][R])OP(=O)([O][Na])[O][R],[#0:1]-[#8]-[#15](=[#8])(-[#8]-[Na])-[#8]-[#15](=[#8])(-[#8])-[#8]-[#0:2],1
O=P([O][Na])([O][Na])OC[O][R],[#8]=[#15](-[#8]-[Na])(-[#8]-[Na])-[#8]-[#6H2]-[#8]-[#0:1],1
O=P([O-])([O][R])OP(=O)([O][Na])[O][R],[#0:1]-[#8]-[#15](=[#8])(-[#8-])-[#8]-[#15](=[#8])(-[#8]-[Na])-[#8]-[#0:2],1
OCOCOCOCO,[#6H2](-[#8]-[#6H2]-[#8]-[#6H2]-[#8])-[#8]-[#6H2]-[#8],1
O=[Si](O)O,[#8]=[Si](-[#8])-[#8],1
O=[As]O,[#8]=[As]-[#8],1
O=[As]([R])O[As](=O)[R],[#8]=[As](-[#8]-[As](=[#8])-[#0:2])-[#0:1],1
O=[N+]([O-])C(C(Cl)=C(Cl)Cl)=C([S][R])[N]([R])[R],[#8]=[#7+](-[#8-])/[#6](-[#6](-[#17])=[#6](-[#17])-[#17])=[#6](/[#16]-[#0:1])-[#7](-[#0:2])-[#0:3],1
O=[N+]([O-])C(C(Cl)=C(Cl)Cl)=[C]([Nar])[N]([R])[R],[#8]=[#7+](-[#8-])/[#6](-[#6](-[#17])=[#6](-[#17])-[#17])=[#6](\[#7](-[#0:1])-[#0:2])-[#7],1
O=[N+]([O-])N=C([N]([R])[R])[N]([R])[R],[#8]=[#7+](-[#8-])/[#7]=[#6](\[#7](-[#0:1])-[#0:4])-[#7](-[#0:2])-[#0:3],1
O=[N+]([O-])N=C1[N]([R])COC[N]1[R],[#0:1]-[#7]1-[#6]-[#8]-[#6]-[#7](-[#0:2])/[#6]-1=[#7]/[#7+](=[#8])-[#8-],1
[R][N][N]([R])[R],[#0:1]-[#7]-[#7](-[#0:2])-[#0:3],1
O=P([O][R])([N]([R])[R])[N]([R])C[S][R],[#8]=[#15](-[#7](-[#0:1])-[#0:2])(-[#7](-[#6H2]-[#16]-[#0:3])-[#0:5])-[#8]-[#0:4],1
[O]=[Nar]([O][R])([O][R])[O][Nar](=[O])([O][R])[O][R],[#0:1]-[#8]-[Sb](=[#8])(-[#8]-[Sb](=[#8])(-[#8]-[#0:2])-[#8]-[#0:3])-[#8]-[#0:4],1
O=C1C2OC2C2OC2C12CO2,[#6H]12-[#8]-[#6H]-1-[#6H]1-[#8]-[#6H]-1-[#6]1(-[#6H2]-[#8]-1)-[#6]-2=[#8],1
O=C([O-])[C](=O)[R],[#0:1]-[#6](=[#8])-[#6](=[#8])-[#8-],1
O=C([O-])O,[#8]=[#6](-[#8-])-[#8],1
O=C(O)P(=O)(O)O,[#8]=[#6](-[#8])-[#15](=[#8])(-[#8])-[#8],1
C=C=CC=CC=CC=CC=CC=CC=CC=C[C](=O)[R],[#6H2]=[#6]=[#6]/[#6H]=[#6]/[#6]=[#6]/[#6H]=[#6]/[#6]=[#6]/[#6]=[#6H]/[#6]=[#6]/[#6]=[#6H]-[#6](=[#8])-[#0:1],1
C=CC(O)=C[C](=O)[R],[#6H]=[#6]/[#6](-[#8])=[#6]/[#6](=[#8])-[#0:1],1
C=CC(=O)C=C(O)C=C,[#6H]=[#6]-[#6](=[#8])/[#6]=[#6](\[#8])-[#6]=[#6H],1
C=CC(=O)C(=O)C=C,[#8]=[#6](-[#6]=[#6H])-[#6](=[#8])-[#6]=[#6H],1
[R][N]1N=N1,[#0:1]-[#7]1-[#7]=[#7]-1,1
C=CC=C1C(=O)[N]([R])[N]([R])C1=O,[#8]=[#6]1-[#7](-[#7](-[#0:1])-[#6](=[#8])/[#6]-1=[#6]/[#6]=[#6H])-[#0:2],1
O=C1C=C(O)C(=O)[N]1[R],[#8]=[#6]1-[#7](-[#6](=[#8])-[#6H]=[#6]-1-[#8])-[#0:1],1
O=[C]([R])[N]([R])C1([O][R])C(=O)[N]([R])C1[S][R],[#0:1]-[#8]-[#6]1(-[#7](-[#6](=[#8])-[#0:2])-[#0:5])-[#6](=[#8])-[#7](-[#0:3])-[#6H]-1-[#16]-[#0:4],1
[R][O]C[N]([R])[Nar],[#0:1]-[#8]-[#6]-[#7](-[#0:2])-[#7],1
C=CC=C(C(=O)OCO[C](=O)[R])N(C[S][R])[C](=O)[R],[#0:1]-[#6](=[#8])-[#7](-[#6](-[#6](=[#8])-[#8]-[#6]-[#8]-[#6](=[#8])-[#0:2])=[#6H]-[#6]=[#6H])-[#6H2]-[#16]-[#0:3],1
C=CC([O][R])=C([O][R])[C](=O)[R],[#0:1]-[#6](=[#8])-[#6](-[#8]-[#0:2])=[#6](-[#8]-[#0:3])-[#6]=[#6H2],1
O=C1C=CS(=O)[N]1[R],[#6H]1=[#6]-[#6](=[#8])-[#7](-[#16]-1=[#8])-[#0:1],1
C=CC(=O)[N]([R])[N]([R])C(=O)[N]([R])[R],[#8]=[#6](-[#6]=[#6H2])-[#7](-[#7](-[#6](=[#8])-[#7](-[#0:1])-[#0:4])-[#0:3])-[#0:2],1
C=CC(=O)C=C[N]([R])[R],[#8]=[#6](-[#6]=[#6H])-[#6H]=[#6]-[#7](-[#0:1])-[#0:2],1
OO[N]([R])[R],[#0:1]-[#7](-[#8]-[#8])-[#0:2],1
O=C(C(=C[N]([R])[C](=O)[R])[N]([R])[R])[N]([R])[R],[#0:1]-[#6](=[#8])-[#7](-[#6H]=[#6](-[#6](=[#8])-[#7](-[#0:2])-[#0:5])-[#7](-[#0:3])-[#0:6])-[#0:4],1
O=C(C=CN=C[N]([R])[R])[O][R],[#0:1]-[#8]-[#6](=[#8])-[#6H]=[#6H]-[#7]=[#6H]-[#7](-[#0:2])-[#0:3],1
O=[C]([R])OCOC(=O)C=C[N]([R])C=CC(=O)[O][R],[#0:1]-[#6](=[#8])-[#8]-[#6]-[#8]-[#6](=[#8])-[#6H]=[#6H]-[#7](-[#6H]=[#6H]-[#6](=[#8])-[#8]-[#0:2])-[#0:3],1
O=C(C=C[N]([R])C(=CC(=O)[O][R])[N]([R])[R])[O][R],[#6H](=[#6H]-[#6](=[#8])-[#8]-[#0:1])-[#7](-[#6](=[#6H]-[#6](=[#8])-[#8]-[#0:2])-[#7](-[#0:3])-[#0:4])-[#0:5],1
[OH][Sear]([O][R])[O][R],[#0:2]-[#8]-[Bi](-[#8H])-[#8]-[#0:1],1
O=[C]([R])S[S](=O)(=O)[R],[#8]=[#6](-[#16]-[#16](=[#8])(=[#8])-[#0:1])-[#0:2],1
C=NC=C(C(=O)O)[C](=O)[R],[#8]=[#6](-[#8])-[#6](=[#6]-[#7]=[#6H2])-[#6](-[#0:1])=[#8],1
O=C(C=COCO)[O][R],[#0:1]-[#8]-[#6](=[#8])-[#6H]=[#6]-[#8]-[#6H2]-[#8],1
O=C1C=CN([C](=O)[R])C[N]1[R],[#8]=[#6]1-[#7](-[#6H2]-[#7](-[#6](=[#8])-[#0:1])-[#6H]=[#6H]-1)-[#0:2],1
O=[C]([R])C(O)([O][R])[C](=O)[R],[#8]=[#6](-[#0:1])-[#6](-[#8])(-[#8]-[#0:2])-[#6](-[#0:3])=[#8],1
O=C(C1=COC=CN1[C](=O)[R])[N]([R])[R],[#8]=[#6](-[#7](-[#0:1])-[#0:3])-[#6]1=[#6H]-[#8]-[#6H]=[#6]-[#7]-1-[#6](=[#8])-[#0:2],1
O=[C]([R])C1=C(O)N=C[N]([R])[N]1[R],[#8]=[#6](-[#6]1=[#6](-[#8])-[#7]=[#6H]-[#7](-[#7]-1-[#0:3])-[#0:2])-[#0:1],1
O=[C]([R])[N]([R])CS(=O)(=O)O,[#0:1]-[#6](=[#8])-[#7](-[#6]-[#16](=[#8])(=[#8])-[#8])-[#0:2],1
O=C1C=COC1O,[#6H]1(-[#8])-[#8]-[#6H]=[#6]-[#6]-1=[#8],1
O=C1C([N]([R])[C](=O)[R])N=C([S][R])[N]1[R],[#8]=[#6](-[#0:1])-[#7](-[#6H]1-[#7]=[#6](-[#16]-[#0:2])-[#7](-[#0:3])-[#6]-1=[#8])-[#0:4],1
O=[C]1N=C([N]([R])[N]([R])[R])[S][R]1,[#0:1]1-[#16]-[#6](-[#7](-[#7](-[#0:2])-[#0:4])-[#0:3])=[#7]-[#6]-1=[#8],1
O=[S](=O)([R])N=c1nc[n]([R])[n]1[R],[#0:1]-[#7]1-[#6]=[#7]-[#6](=[#7]-[#16](=[#8])(=[#8])-[#0:2])-[#7]-1-[#0:3],1
O=C([O][R])C([S][R])[N]([R])[C](=O)[R],[#0:1]-[#8]-[#6](=[#8])-[#6H](-[#7](-[#6](-[#0:2])=[#8])-[#0:3])-[#16]-[#0:4],1
O=S1(=O)N=C([N]([R])[R])C([N]([R])[R])=N1,[#0:1]-[#7](-[#6]1=[#7]-[#16](=[#8])(=[#8])-[#7]=[#6]-1-[#7](-[#0:2])-[#0:4])-[#0:3],1
N#C[N]([R])[S](=O)(=O)[R],[#0:1]-[#16](=[#8])(=[#8])-[#7](-[#6]#[#7])-[#0:2],1
O=C(C=CC(=O)[N]([R])[N]([R])[C](=O)[R])[O][R],[#0:1]-[#8]-[#6](=[#8])/[#6]=[#6]/[#6](=[#8])-[#7](-[#0:2])-[#7](-[#6](=[#8])-[#0:3])-[#0:4],1
O=C[N](O)[R],[#0:1]-[#7](-[#8])-[#6]=[#8],1
O=[C]([R])[C]([Nar+])=C([S-])[N]([R])[C](=O)[R],[#8]=[#6](-[#7](/[#6](-[#16-])=[#6](\[#6](=[#8])-[#0:1])-[#7+])-[#0:3])-[#0:2],1
O=[C]([R])[N]([R])C=C[S](=O)(=O)[R],[#6H](=[#6]-[#7](-[#6](=[#8])-[#0:1])-[#0:3])-[#16](=[#8])(=[#8])-[#0:2],1
C=N[N]([R])C(=O)C([O][R])[O][R],[#8]=[#6](-[#7](-[#7]=[#6H])-[#0:3])-[#6](-[#8]-[#0:1])-[#8]-[#0:2],1
C=C=NC(=O)C(=O)C=C=[N][R],[#8]=[#6](-[#6]=[#6]=[#7]-[#0:1])-[#6](=[#8])-[#7]=[#6]=[#6H],1
O=C1C(=O)[N]([R])C[N]1[R],[#8]=[#6]1-[#7](-[#6H2]-[#7](-[#0:1])-[#6]-1=[#8])-[#0:2],1
O=C([O][R])C1=CSCN1[C](=O)[R],[#0:1]-[#8]-[#6](=[#8])-[#6]1=[#6H]-[#16]-[#6H2]-[#7]-1-[#6](-[#0:2])=[#8],1
O=C([S][R])[N]([R])C(=O)[N]([R])[R],[#0:2]-[#16]-[#6](=[#8])-[#7](-[#6](=[#8])-[#7](-[#0:3])-[#0:4])-[#0:1],1
C=C1SC([N]([R])[N]([R])[R])=NC1=O,[#8]=[#6]1-[#7]=[#6](-[#7](-[#0:1])-[#7](-[#0:2])-[#0:3])-[#16]-[#6]-1=[#6H],1
O=[C]([R])[N]([R])C(=O)C=[N][R],[#7](=[#6H]-[#6](=[#8])-[#7](-[#6](=[#8])-[#0:1])-[#0:3])-[#0:2],1
N#CC(=N[O][R])C(=O)[N]([R])C(=O)[N]([R])[R],[#0:1]-[#7](-[#6](=[#8])-[#7](-[#6](=[#8])/[#6](-[#6]#[#7])=[#7]/[#8]-[#0:2])-[#0:4])-[#0:3],1
O=C(c1c[n]([R])c(=N[S](=O)(=O)[R])s1)[N]([R])[R],[#8]=[#6](-[#7](-[#0:1])-[#0:4])-[#6]1=[#6H]-[#7](-[#0:2])-[#6](=[#7]-[#16](-[#0:3])(=[#8])=[#8])-[#16]-1,1
N#CC(=NO)C(=O)[N]([R])[R],[#7]#[#6]/[#6](=[#7]\[#8])-[#6](=[#8])-[#7](-[#0:1])-[#0:2],1
O=C(c1ccc(=N[S](=O)(=O)[R])[n]([R])c1)[N]([R])C(=[N][R])[S][R],[#8]=[#6](-[#7](-[#6](=[#7]-[#0:1])-[#16]-[#0:2])-[#0:5])-[#6]1=[#6]-[#7](-[#0:3])-[#6](=[#7]-[#16](-[#0:4])(=[#8])=[#8])-[#6]=[#6]-1,1
O=[C]([R])[N]([R])C=N[N]([R])[C](=O)[R],[#8]=[#6](-[#7](-[#6H]=[#7]-[#7](-[#6](=[#8])-[#0:1])-[#0:4])-[#0:3])-[#0:2],1
C=CC=C[N]([R])C(=O)[N]([R])[R],[#8]=[#6](-[#7](-[#6H]=[#6]-[#6]=[#6H])-[#0:2])-[#7](-[#0:1])-[#0:3],1
ON=C[O][R],[#0:1]-[#8]/[#6H]=[#7]\[#8],1
O=C([N]([R])[R])[N]([R])C[S][R],[#0:2]-[#16]-[#6]-[#7](-[#6](=[#8])-[#7](-[#0:3])-[#0:4])-[#0:1],1
C=C(C(=O)C(=O)[N]([R])[R])[N]([R])[C](=O)[R],[#8]=[#6](-[#7](-[#0:1])-[#0:3])-[#6](=[#8])-[#6](=[#6H])-[#7](-[#6](=[#8])-[#0:2])-[#0:4],1
O=C1C(N(CO)C(=O)[N]([R])CO)N(CO)C(=O)N1CO,[#8]=[#6]1-[#6](-[#7](-[#6]-[#8])-[#6](=[#8])-[#7](-[#6]-[#8])-[#0:1])-[#7](-[#6]-[#8])-[#6](=[#8])-[#7]-1-[#6]-[#8],1
O=[C]([R])[N]([R])CSC(=[N][R])[S][R],[#8]=[#6](-[#7](-[#6]-[#16]-[#6](=[#7]-[#0:1])-[#16]-[#0:2])-[#0:4])-[#0:3],1
O=[C]([R])[N]([R])N=CC(=O)[N]([R])[N]([R])[C](=O)[R],[#8]=[#6](-[#7](-[#7](-[#0:1])-[#6](-[#0:2])=[#8])-[#0:5])-[#6H]=[#7]-[#7](-[#0:3])-[#6](=[#8])-[#0:4],1
O=C(C(=C[O][R])[O][R])[N]([R])[Nar],[#8]=[#6](-[#7](-[#7])-[#0:3])-[#6](=[#6]-[#8]-[#0:1])-[#8]-[#0:2],1
O=C([N]([R])[R])[N]([R])[N]([R])C(=O)[N]([R])[R],[#8]=[#6](-[#7](-[#7](-[#6](=[#8])-[#7](-[#0:1])-[#0:5])-[#0:4])-[#0:3])-[#7](-[#0:2])-[#0:6],1
O=C([O][R])[N]([R])[N]([R])C=S,[#0:1]-[#8]-[#6](=[#8])-[#7](-[#7](-[#6H]=[#16])-[#0:3])-[#0:2],1
O=C([N]([R])[R])[N]([R])[N]([R])C(=S)[N]([R])[R],[#0:1]-[#7](-[#6](=[#16])-[#7](-[#7](-[#6](=[#8])-[#7](-[#0:2])-[#0:6])-[#0:5])-[#0:4])-[#0:3],1
O=C(C=[CH][Nar])[N]([R])[N]([R])[R],[#8]=[#6](/[#6]=[#6]\[#7])-[#7](-[#7](-[#0:1])-[#0:3])-[#0:2],1
C#CC=CC(=O)[N](O)[R],[#8]=[#6](/[#6]=[#6]/[#6]#[#6H])-[#7](-[#8])-[#0:1],1
O=[C]([R])[N]([R])OCO[N]([R])[C](=O)[R],[#8]=[#6](-[#7](-[#8]-[#6]-[#8]-[#7](-[#6](=[#8])-[#0:1])-[#0:4])-[#0:3])-[#0:2],1
O=[C]([R])[N]([R])P(=O)([N]([R])[R])[N]([R])[R],[#7](-[#15](-[#7](-[#0:4])-[#0:5])(=[#8])-[#7](-[#6](=[#8])-[#0:1])-[#0:6])(-[#0:2])-[#0:3],1
O=C(O)C=NO,[#8]=[#6](-[#8])/[#6H]=[#7]\[#8],1
C=N[N]([R])C(=O)C=CC(=O)O,[#8]=[#6](-[#8])/[#6]=[#6]\[#6](=[#8])-[#7](-[#7]=[#6H])-[#0:1],1
O=C(O)C=CO[C](=O)[R],[#8]=[#6](-[#8])/[#6]=[#6H]\[#8]-[#6](=[#8])-[#0:1],1
O=C(O)C([C](=O)[R])=C([N]([R])[R])[N]([R])[R],[#8]=[#6](-[#8])-[#6](-[#6](=[#8])-[#0:1])=[#6](-[#7](-[#0:2])-[#0:4])-[#7](-[#0:3])-[#0:5],1
O=CC(=O)O,[#8]=[#6]-[#6](=[#8])-[#8],1
O=C(O)c1c[n]([R])c(=N[S](=O)(=O)[R])s1,[#8]=[#6](-[#8])-[#6]1=[#6H]-[#7](-[#0:1])-[#6](=[#7]-[#16](-[#0:2])(=[#8])=[#8])-[#16]-1,1
O=C(O)C1=C([N]([R])[R])[O][R][C]1=O,[#8]=[#6](-[#8])-[#6]1=[#6](-[#7](-[#0:1])-[#0:3])-[#8]-[#0:2]-[#6]-1=[#8],1
O=C(O)C1=NCN=N1,[#8]=[#6](-[#8])-[#6]1=[#7]-[#6H]-[#7]=[#7]-1,1
O=[C]([R])[N]([R])c1ccccccccccccc1,[#0:1]-[#6](=[#8])-[#7](-[#6]1=[#6H]-[#6]=[#6]-[#6H]=[#6]-[#6]=[#6]-[#6H]=[#6]-[#6]=[#6H]-[#6]=[#6]-1)-[#0:2],1
O=[C]1O[B]([R])[O][R]1,[#0:1]-[#5]1-[#8]-[#6](=[#8])-[#0:2]-[#8]-1,1
O=P([O][Na])([O][Na])[N]([R])C(=[N][R])[N]([R])[R],[#0:1]-[#7](-[#0:2])-[#6](=[#7]-[#0:3])-[#7](-[#15](=[#8])(-[#8]-[Na])-[#8]-[Na])-[#0:4],1
O=C(C(=CO)C(=O)[N]([R])[R])[N]([R])[R],[#0:1]-[#7](-[#6](=[#8])-[#6](=[#6H]-[#8])-[#6](-[#7](-[#0:2])-[#0:3])=[#8])-[#0:4],1
O=[C]([R])C(O)[S][R],[#0:1]-[#16]-[#6](-[#8])-[#6](=[#8])-[#0:2],1
O=[C]([R])OC=C[S][R],[#8]=[#6](-[#8]-[#6H]=[#6]-[#16]-[#0:1])-[#0:2],1
O=[C]([R])[O][Eu]([OH])([OH])([O][C](=O)[R])[O][C](=O)[R],[#0:1]-[#6](=[#8])-[#8]-[Eu](-[#8H])(-[#8H])(-[#8]-[#6](=[#8])-[#0:2])-[#8]-[#6](=[#8])-[#0:3],1
O=[C]([R])[O][Lu]([OH])([OH])([O][C](=O)[R])[O][C](=O)[R],[#0:1]-[#6](=[#8])-[#8]-[Lu](-[#8H])(-[#8H])(-[#8]-[#6](=[#8])-[#0:2])-[#8]-[#6](=[#8])-[#0:3],1
O=[C]([R])[O][Tb]([O][C](=O)[R])[O][C](=O)[R],[#0:1]-[#6](=[#8])-[#8]-[Tb](-[#8]-[#6](=[#8])-[#0:2])-[#8]-[#6](=[#8])-[#0:3],1
C=COC(=O)C=C,[#6H]=[#6H]-[#6](=[#8])-[#8]-[#6H]=[#6H],1
C=CC1=NC(=C)C(=O)O1,[#8]=[#6]1-[#8]/[#6](-[#6]=[#6H])=[#7]/[#6]-1=[#6H],1
O=C([O][R])C(C(=O)[O][R])=C1SC=CS1,[#0:1]-[#8]-[#6](=[#8])-[#6](-[#6](=[#8])-[#8]-[#0:2])=[#6]1-[#16]-[#6]=[#6]-[#16]-1,1
O=C(C=CN=C([N]([R])[R])[N]([R])[R])[O][R],[#0:1]-[#7](-[#6](=[#7]-[#6H]=[#6H]-[#6](=[#8])-[#8]-[#0:2])-[#7](-[#0:3])-[#0:4])-[#0:5],1
C=CC(=O)[S][R],[#0:1]-[#16]-[#6](=[#8])-[#6]=[#6H2],1
O=C(C=CC(=O)C(O)([O][R])C(O)O)[O][R],[#8]=[#6](-[#8]-[#0:1])-[#6H]=[#6]-[#6](=[#8])-[#6](-[#8])(-[#8]-[#0:2])-[#6H](-[#8])-[#8],1
O=C(OC=C[O][R])[N]([R])[R],[#0:1]-[#7](-[#0:2])-[#6](=[#8])-[#8]-[#6H]=[#6H]-[#8]-[#0:3],1
O=C([O][R])[N]([R])S[N]([R])[R],[#0:1]-[#7](-[#0:2])-[#16]-[#7](-[#0:3])-[#6](=[#8])-[#8]-[#0:4],1
O=C([O][R])C(=O)[O][R],[#8]=[#6](-[#8]-[#0:1])-[#6](=[#8])-[#8]-[#0:2],1
O=C([O][R])C(=C[N]([R])[R])[S][R],[#6H](=[#6](-[#6](=[#8])-[#8]-[#0:1])-[#16]-[#0:2])-[#7](-[#0:3])-[#0:4],1
O=C([O][R])c1ccc(=N[S](=O)(=O)[R])[n]([R])c1,[#8]=[#6](-[#8]-[#0:1])-[#6]1=[#6]-[#7](-[#0:2])-[#6](=[#7]-[#16](-[#0:3])(=[#8])=[#8])-[#6]=[#6]-1,1
O=[C]([R])ON=C([S][R])[C](=O)[R],[#8]=[#6](-[#8]-[#7]=[#6](-[#16]-[#0:1])-[#6](-[#0:2])=[#8])-[#0:3],1
O=C(O)C(=C[S][R])N(C[S][R])[C](=O)[R],[#0:1]-[#6](=[#8])-[#7](-[#6](-[#6](=[#8])-[#8])=[#6H]-[#16]-[#0:2])-[#6H2]-[#16]-[#0:3],1
O=P(O)(O)[N]([R])[R],[#0:1]-[#7](-[#15](=[#8])(-[#8])-[#8])-[#0:2],1
O=C1C=COS(=O)(=O)[N]1[R],[#6H]1=[#6]-[#6](=[#8])-[#7](-[#16](=[#8])(=[#8])-[#8]-1)-[#0:1],1
C=CC=C([O][R])[C](=O)[R],[#8]=[#6](/[#6](=[#6]/[#6]=[#6H])-[#8]-[#0:1])-[#0:2],1
O=[C]([R])C(=C[N]([R])[R])[S][R],[#8]=[#6](/[#6](=[#6]/[#7](-[#0:1])-[#0:4])-[#16]-[#0:2])-[#0:3],1
C=C1N=CN(O)C1=O,[#8]=[#6]1-[#6](=[#6H])-[#7]=[#6H]-[#7]-1-[#8],1
O=C1C=C([N]([R])[R])C=CC1=N[N]([R])C(=O)[N]([R])[R],[#0:1]-[#7](-[#0:2])-[#6]1-[#6H]=[#6]/[#6](=[#7]/[#7](-[#6](-[#7](-[#0:4])-[#0:5])=[#8])-[#0:3])-[#6](=[#8])-[#6]=1,1
C=CC(=O)C(O)=CC(=C[N]([R])[R])C(=O)[O][R],[#0:1]-[#7](/[#6]=[#6](/[#6](=[#8])-[#8]-[#0:2])-[#6H]=[#6](-[#8])-[#6](=[#8])-[#6H]=[#6H2])-[#0:3],1
C=CC(O)=C([C](=O)[R])[C](=O)[R],[#8]=[#6](-[#6](=[#6](-[#8])-[#6]=[#6H])-[#6](=[#8])-[#0:1])-[#0:2],1
O=[C]([R])C(=O)[N]([R])C[N]([R])[R],[#8]=[#6](-[#6](=[#8])-[#7](-[#6]-[#7](-[#0:1])-[#0:4])-[#0:2])-[#0:3],1
C=C1OC([N]([R])[R])=C(C(=O)[O][R])C1=O,[#0:1]-[#8]-[#6](=[#8])-[#6]1=[#6](-[#7](-[#0:2])-[#0:3])-[#8]-[#6](=[#6H])-[#6]-1=[#8],1
O=C(C=CO)[N]([R])[R],[#8]=[#6](-[#6H]=[#6H]-[#8])-[#7](-[#0:2])-[#0:1],1
O=C1C(Cl)=C(Cl)C(=O)C(Cl)=C1Cl,[#8]=[#6]1-[#6](-[#17])=[#6](-[#17])-[#6](=[#8])-[#6](-[#17])=[#6]-1-[#17],1
O=[C]([Nar])C=[N][R],[#8]=[#6](-[#6H]=[#7]-[#0:1])-[#7],1
O=[C]([R])C(O)(O)[C](=O)[R],[#8]=[#6](-[#0:1])-[#6](-[#6](-[#0:2])=[#8])(-[#8])-[#8],1
O=C1C=C([N]([R])[R])C(=O)C=C1O,[#6H]1=[#6](-[#8])-[#6](=[#8])-[#6H]=[#6](-[#7](-[#0:1])-[#0:2])-[#6]-1=[#8],1
O=[C]([R])N=CC=C(O)[C](=O)[R],[#0:1]-[#6](=[#8])-[#7]=[#6H]-[#6H]=[#6](-[#8])-[#6](=[#8])-[#0:2],1
O=C(C(O)[O][R])[N](O)[R],[#0:2]-[#8]-[#6](-[#8])-[#6](=[#8])-[#7](-[#8])-[#0:1],1
O=[C]([R])N=c1cc[n]([R])[n]1[R],[#8]=[#6](-[#0:1])-[#7]=[#6]1-[#6H]=[#6]-[#7](-[#7]-1-[#0:2])-[#0:3],1
C=C1CO1,[#6H]=[#6]1-[#8]-[#6H2]-1,1
O=[C]([R])C(=O)C=C[N]([R])[R],[#8]=[#6](-[#6]=[#6H]-[#7](-[#0:1])-[#0:2])-[#6](-[#0:3])=[#8],1
O=C1C=CC(=N[N]([R])[R])C(O)=C1,[#8]=[#6]1-[#6]=[#6]/[#6](=[#7]/[#7](-[#0:1])-[#0:2])-[#6](-[#8])=[#6]-1,1
C=C1C=CC(=O)C(O)=C1,[#8]=[#6]1-[#6]=[#6H]-[#6](=[#6H2])-[#6]=[#6]-1-[#8],1
O=C1C=CC(=C2C=C[N]([R])C=C2)C=C1,[#6H]1=[#6]-[#6](=[#6]2-[#6]=[#6]-[#6](=[#8])-[#6]=[#6]-2)-[#6]=[#6H]-[#7]-1-[#0:1],1
O=C1C=CC(=CC=C2C=C[N]([R])C=C2)C=C1,[#0:1]-[#7]1-[#6]=[#6]-[#6](=[#6]-[#6]=[#6]2-[#6]=[#6]-[#6](=[#8])-[#6]=[#6]-2)-[#6]=[#6]-1,1
O=[C]([R])OC1OC=CC1=O,[#8]=[#6](-[#8]-[#6H]1-[#8]-[#6]=[#6H]-[#6]-1=[#8])-[#0:1],1
C=CC=CC(=O)[N]([R])C(=C[C](=O)[R])[C](=O)[R],[#0:2]-[#6](=[#8])-[#6]=[#6](-[#7](-[#6](=[#8])/[#6H]=[#6]/[#6]=[#6H])-[#0:3])-[#6](=[#8])-[#0:1],1
O=[C]([R])C(=C[S][R])[C](=O)[R],[#0:1]-[#6](=[#8])-[#6](=[#6H]-[#16]-[#0:2])-[#6](-[#0:3])=[#8],1
O=[C]([R])N([C](=O)[R])N([C](=O)[R])[C](=O)[R],[#8]=[#6](-[#0:1])-[#7](-[#6](-[#0:2])=[#8])-[#7](-[#6](=[#8])-[#0:3])-[#6](-[#0:4])=[#8],1
O=[C]([R])N([C](=O)[R])S(=O)(=O)[N]([R])[R],[#0:1]-[#7](-[#0:2])-[#16](=[#8])(=[#8])-[#7](-[#6](=[#8])-[#0:3])-[#6](-[#0:4])=[#8],1
O=C(C([N]([R])[R])[N]([R])[R])[N]([R])[R],[#0:2]-[#7](-[#6H](-[#7](-[#0:1])-[#0:5])-[#6](=[#8])-[#7](-[#0:3])-[#0:6])-[#0:4],1
[R][N]=CO[O][R],[#0:1]/[#7]=[#6]/[#8]-[#8]-[#0:2],1
O=C(C([S][R])[N]([R])[C](=O)[R])[N]([R])C(=[N][R])[S][R],[#8]=[#6](-[#0:1])-[#7](-[#6H](-[#6](=[#8])-[#7](-[#6](=[#7]-[#0:2])-[#16]-[#0:3])-[#0:6])-[#16]-[#0:4])-[#0:5],1
O=C([O][R])ON([C](=O)[R])[C](=O)[R],[#8]=[#6](-[#8]-[#0:1])-[#8]-[#7](-[#6](=[#8])-[#0:2])-[#6](-[#0:3])=[#8],1
C=CS[C](=O)[R],[#0:1]-[#6](=[#8])-[#16]-[#6H]=[#6H],1
O=C(C=COC([O][R])[O][R])[O][R],[#0:1]-[#8]-[#6](=[#8])/[#6]=[#6H]/[#8]-[#6H](-[#8]-[#0:2])-[#8]-[#0:3],1
O=[C]([R])C=C[N]([R])C(=[N][R])[N]([R])[R],[#8]=[#6](-[#0:1])-[#6H]=[#6H]-[#7](-[#6](=[#7]-[#0:2])-[#7](-[#0:3])-[#0:4])-[#0:5],1
O=C(C=N[O][R])[N]([R])C1=[N][R][C](=O)[N]1[R],[#8]=[#6]1-[#0:1]-[#7]=[#6](-[#7](-[#6](=[#8])-[#6H]=[#7]-[#8]-[#0:2])-[#0:3])-[#7]-1-[#0:4],1
O=[C]([R])[N]([R])N1[C](=O)[R][S]C1=S,[#8]=[#6](-[#7](-[#7]1-[#6](=[#8])-[#0:1]-[#16]-[#6]-1=[#16])-[#0:3])-[#0:2],1
C=C(C=C([S][R])[S][R])N=C1[S][R][C](=O)[N]1[R],[#8]=[#6]1-[#0:1]-[#16]-[#6](=[#7]-[#6](=[#6H2])-[#6H]=[#6](-[#16]-[#0:2])-[#16]-[#0:3])-[#7]-1-[#0:4],1
O=[C]1[R][S]C2=NC[N]([R])CN12,[#8]=[#6]1-[#0:1]-[#16]-[#6]2=[#7]-[#6]-[#7](-[#0:2])-[#6]-[#7]-1-2,1
O=[C]([R])N([C](=O)[R])C(=[N][R])[S][R],[#0:2]-[#6](=[#8])-[#7](-[#6](=[#7]-[#0:3])-[#16]-[#0:4])-[#6](=[#8])-[#0:1],1
C=CC([N]([R])[R])[N]([R])[C](=O)[R],[#8]=[#6](-[#0:1])-[#7](-[#6](-[#7](-[#0:2])-[#0:4])-[#6H]=[#6H])-[#0:3],1
O=C([N]([R])C[N]([R])[R])[N]([R])C[N]([R])[R],[#8]=[#6](-[#7](-[#6]-[#7](-[#0:1])-[#0:5])-[#0:2])-[#7](-[#0:3])-[#6]-[#7](-[#0:4])-[#0:6],1
O=[C]1[R][N]([R])C(=O)N1COP(=O)([O][Na])[O][Na],[#8]=[#6]1-[#7](-[#0:1]-[#6](=[#8])-[#7]-1-[#6]-[#8]-[#15](=[#8])(-[#8]-[Na])-[#8]-[Na])-[#0:2],1
O=[C]([R])N(C[O][R])[O][R],[#8]=[#6](-[#0:1])-[#7](-[#6H]-[#8]-[#0:2])-[#8]-[#0:3],1
O=[C]([R])N([S][R])[C](=O)[R],[#8]=[#6](-[#0:1])-[#7](-[#6](-[#0:2])=[#8])-[#16]-[#0:3],1
O=C1[N]([R])COC(=[N][R])[N]1[R],[#8]=[#6]1-[#7](-[#6H2]-[#8]-[#6](=[#7]-[#0:1])-[#7]-1-[#0:2])-[#0:3],1
C=C1C(=O)OC(=O)[N]1[R],[#8]=[#6]1-[#7](-[#6](=[#6H])-[#6](=[#8])-[#8]-1)-[#0:1],1
C=C1SC([N]([R])[S](=O)(=O)[R])=NC1=O,[#8]=[#6]1-[#7]=[#6](-[#7](-[#16](=[#8])(=[#8])-[#0:1])-[#0:2])-[#16]-[#6]-1=[#6H],1
O=[C]1N=C2C=CC=C[N]2[R]1,[#8]=[#6]1-[#7]=[#6]2-[#6]=[#6]-[#6]=[#6]-[#7]-2-[#0:1]-1,1
O=C([N]=[Car])C([C](=[Car])[N]([R])[R])=C([N]([R])[R])[N]([R])[R],[#8]=[#6](-[#7]=[#0:1])-[#6](-[#6](=[#0:2])-[#7](-[#0:3])-[#0:6])=[#6](-[#7](-[#0:4])-[#0:7])-[#7](-[#0:5])-[#0:8],1
O=C([O-])C(=C[S][R])[N]([R])[C](=O)[R],[#0:1]-[#6](=[#8])-[#7](-[#6](-[#6](=[#8])-[#8-])=[#6H]-[#16]-[#0:2])-[#0:3],1
[R][S][C](=[Car])[S][R],[#0:1]=[#6](-[#16]-[#0:2])-[#16]-[#0:3],1
C=C[N]=[Car],[#6H]=[#6H]-[#7]=[#0:1],1
O=[C]([R])[C](=O)[Nar],[#8]=[#6](-[#6](=[#8])-[#7])-[#0:1],1
O=[C]([R])[N]([R])C(=O)C=C[N]([R])[R],[#8]=[#6](-[#7](-[#6](=[#8])-[#0:1])-[#0:3])-[#6H]=[#6]-[#7](-[#0:2])-[#0:4],1
O=[C]([R])[N]([R])C(=O)C=C[N]([R])[N]([R])[S](=O)(=O)[R],[#8]=[#6](-[#7](-[#6](=[#8])-[#0:1])-[#0:3])-[#6H]=[#6]-[#7](-[#7](-[#16](=[#8])(=[#8])-[#0:2])-[#0:5])-[#0:4],1
[R][N]=c1cncc[n]1[R],[#0:2]-[#7]1-[#6]=[#6]-[#7]=[#6]-[#6]-1=[#7]-[#0:1],1
C=NN=[N][R],[#6H2]=[#7]-[#7]=[#7]-[#0:1],1
O=C1C2=C[N]([R])[N]([R])C2=NC[N]1[R],[#8]=[#6]1-[#7](-[#6H2]-[#7]=[#6]2-[#6]-1=[#6]-[#7](-[#7]-2-[#0:1])-[#0:3])-[#0:2],1
O=C1C=COC[N]1[R],[#8]=[#6]1-[#7](-[#6H2]-[#8]-[#6H]=[#6H]-1)-[#0:1],1
O=C(C1SC=N[N]1[R])[N]([R])[R],[#8]=[#6](-[#7](-[#0:1])-[#0:2])-[#6H]1-[#7](-[#7]=[#6H]-[#16]-1)-[#0:3],1
O=[C]([R])C(=CC(=O)[N]([R])[R])[N]([R])[R],[#8]=[#6](-[#7](-[#0:1])-[#0:4])-[#6H]=[#6](-[#7](-[#0:2])-[#0:5])-[#6](-[#0:3])=[#8],1
O=C(C=C([N]=[Car])[C](=[Car])[N](O)[R])[N]([R])[R],[#8]=[#6](-[#7](-[#0:1])-[#0:4])-[#6H]=[#6](-[#7]=[#0:2])-[#6](=[#0:3])-[#7](-[#8])-[#0:5],1
O=C(C=C[N]([R])[N]([R])[R])[N]([R])[R],[#8]=[#6](-[#7](-[#0:1])-[#0:4])-[#6H]=[#6]-[#7](-[#7](-[#0:2])-[#0:3])-[#0:5],1
O=C([O][R])[N]([R])C(=O)[N]([R])[R],[#0:1]-[#8]-[#6](=[#8])-[#7](-[#6](=[#8])-[#7](-[#0:2])-[#0:4])-[#0:3],1
O=[C]([R])C=C(C(=O)[N]([R])[R])[N]([R])[R],[#8]=[#6](-[#7](-[#0:1])-[#0:4])/[#6](-[#7](-[#0:2])-[#0:5])=[#6]/[#6](=[#8])-[#0:3],1
C=N[N]([R])C(=O)C=N[N]([R])[C](=O)[R],[#0:1]-[#6](=[#8])-[#7](-[#7]=[#6H]-[#6](=[#8])-[#7](-[#7]=[#6H])-[#0:3])-[#0:2],1
O=[C]1[R][N]([R])[C]([Nar])=N[N]1[R],[#8]=[#6]1-[#0:1]-[#7](-[#6](=[#7]-[#7]-1-[#0:3])-[#7])-[#0:2],1
O=C1[N]([R])[N]([R])C(O)=CC1([O][R])[O][R],[#8]=[#6]1-[#7](-[#7](-[#6](-[#8])=[#6]-[#6]-1(-[#8]-[#0:1])-[#8]-[#0:2])-[#0:4])-[#0:3],1
O=[C]([R])OC=CBr,[#8]=[#6](-[#8]/[#6H]=[#6]/[#35])-[#0:1],1
C=CC=C1C=CC(=O)O1,[#8]=[#6]1-[#8]/[#6](=[#6]\[#6]=[#6H])-[#6H]=[#6H]-1,1
C=CC=C1C=COC1=O,[#8]=[#6]1-[#8]-[#6H]=[#6]/[#6]-1=[#6]/[#6]=[#6H],1
O=C1OC=NC1=C[N]([R])[R],[#8]=[#6]1-[#8]-[#6H]=[#7]/[#6]-1=[#6]\[#7](-[#0:1])-[#0:2],1
O=C1CO1,[#8]=[#6]1-[#8]-[#6H]-1,1
C=C1OC(=O)C=C1C(O)[O][R],[#8]=[#6]1-[#6]=[#6](-[#6](=[#6H])-[#8]-1)-[#6](-[#8]-[#0:1])-[#8],1
O=[C]([R])C=C(C(=O)[O][R])[N]([R])[R],[#8]=[#6](-[#8]-[#0:1])/[#6](-[#7](-[#0:2])-[#0:4])=[#6]\[#6](=[#8])-[#0:3],1
O=[C]1OC[N]([C](=O)[R])[R]1,[#8]=[#6]1-[#0:1]-[#7](-[#6](=[#8])-[#0:2])-[#6]-[#8]-1,1
O=C1SC=CC1=C[N]([R])[R],[#8]=[#6]1-[#16]-[#6H]=[#6]/[#6]-1=[#6]/[#7](-[#0:1])-[#0:2],1
C=CC=CC=O,[#6H](=[#6H]-[#6]=[#8])-[#6]=[#6H],1
O=CC=CO,[#6H](-[#6]=[#8])=[#6H]-[#8],1
O=CC=C[O][R],[#6H](=[#6H]-[#6]=[#8])-[#8]-[#0:1],1
C=C[N]([R])C=O,[#8]=[#6]-[#7](-[#6]=[#6H])-[#0:1],1
C=CC(=O)[N]([R])C=O,[#8]=[#6]-[#7](-[#0:1])-[#6](-[#6H]=[#6H])=[#8],1
O=C[N]([R])C(=O)N=C[N]([R])[R],[#0:1]-[#7](-[#0:2])/[#6]=[#7]/[#6](=[#8])-[#7](-[#6]=[#8])-[#0:3],1
O=NC(=C[N]([R])[R])[S][R],[#8]=[#7]-[#6](=[#6H]-[#7](-[#0:1])-[#0:3])-[#16]-[#0:2],1
O=N[N](O)[R],[#8]=[#7]-[#7](-[#8])-[#0:1],1
O=[C]([R])OP(=O)(O)O,[#0:1]-[#6](=[#8])-[#8]-[#15](=[#8])(-[#8])-[#8],1
O=[P]([R])([O][Na])OP(=O)([O][Na])[O][R],[#0:1]-[#8]-[#15](=[#8])(-[#8]-[Na])-[#8]-[#15](=[#8])(-[#8]-[Na])-[#0:2],1
O=[P]([R])([O][Na])[O][Na],[#0:1]-[#15](=[#8])(-[#8]-[Na])-[#8]-[Na],1
O=[P](O)([R])C([O][R])[O][R],[#0:1]-[#8]-[#6](-[#8]-[#0:2])-[#15](=[#8])(-[#8])-[#0:3],1
O=P(O)([N]([R])[R])[N]([R])[R],[#8]=[#15](-[#8])(-[#7](-[#0:1])-[#0:3])-[#7](-[#0:2])-[#0:4],1
C=CP(=O)(O)C=C,[#8]=[#15](-[#8])(-[#6]=[#6H])-[#6]=[#6H],1
O=P([O][K])([O][K])[O][R],[#0:1]-[#8]-[#15](=[#8])(-[#8]-[K])-[#8]-[K],1
O=P([O][K])([O][K])OC[O][R],[#8]=[#15](-[#8]-[K])(-[#8]-[K])-[#8]-[#6H2]-[#8]-[#0:1],1
O=P([O][R])([N]([R])[R])[N]([R])COO,[#8]=[#15](-[#7](-[#0:1])-[#0:2])(-[#7](-[#6H]-[#8]-[#8])-[#0:4])-[#8]-[#0:3],1
O=S(=O)([O-])[O-],[#8]=[#16](=[#8])(-[#8-])-[#8-],1
C=C[S](=O)[R],[#0:1]-[#16](=[#8])-[#6]=[#6H],1
O=S(=O)(O)C=CO,[#8]=[#16](=[#8])(-[#8])-[#6H]=[#6H]-[#8],1
C=CS(=O)(=O)O,[#8]=[#16](=[#8])(-[#8])-[#6H]=[#6H],1
C=CS(=O)(=O)[O][R],[#8]=[#16](=[#8])(-[#6]=[#6H])-[#8]-[#0:1],1
O=[S](=O)([R])N=C[S][R],[#8]=[#16](=[#8])(/[#7]=[#6H]/[#16]-[#0:1])-[#0:2],1
O=S(=O)(N=[S](=O)([R])[R])[N]([R])[O][R],[#8]=[#16](=[#8])(-[#7]=[#16](=[#8])(-[#0:1])-[#0:2])-[#7](-[#0:3])-[#8]-[#0:4],1
O=S(=O)([N]([R])[R])[N]([R])[O][R],[#8]=[#16](=[#8])(-[#7](-[#0:1])-[#0:2])-[#7](-[#0:3])-[#8]-[#0:4],1
O=S(=O)(O)O,[#8]=[#16](=[#8])(-[#8])-[#8],1
O=[S](=O)([R])[N]([Na])Cl,[#0:1]-[#16](=[#8])(=[#8])-[#7](-[Na])-[#17],1
O=C([O][R])[N]([R])O[S](=O)(=O)[R],[#0:1]-[#16](=[#8])(=[#8])-[#8]-[#7](-[#6](=[#8])-[#8]-[#0:2])-[#0:3],1
C=CC=C1SC(=S)N([N]([R])[S](=O)(=O)[R])C1=O,[#8]=[#6]1/[#6](=[#6]/[#6]=[#6H])-[#16]-[#6](=[#16])-[#7]-1-[#7](-[#16](=[#8])(=[#8])-[#0:1])-[#0:2],1
C=C[N]([R])[S](=O)(=O)[R],[#8]=[#16](=[#8])(-[#0:1])-[#7](-[#6]=[#6H])-[#0:2],1
O=[C]([R])[N]([R])S(=O)[O][R],[#8]=[#6](-[#7](-[#16](=[#8])-[#8]-[#0:1])-[#0:3])-[#0:2],1
C=C[S](=O)([R])=N[S](=O)(=O)[R],[#8]=[#16](=[#8])(-[#7]=[#16](=[#8])(-[#6]=[#6H])-[#0:1])-[#0:2],1
C=C[S](=O)([R])=N[S](=O)[R],[#8]=[#16](-[#7]=[#16](=[#8])(-[#6]=[#6H])-[#0:1])-[#0:2],1
O=[S](=O)([R])n1ccsc1=[N][R],[#8]=[#16](=[#8])(-[#0:1])-[#7]1-[#6](=[#7]-[#0:2])-[#16]-[#6H]=[#6H]-1,1
O=[S](=O)([R])N=c1snc([S][R])[n]1[R],[#8]=[#16](=[#8])(-[#0:1])-[#7]=[#6]1-[#7](-[#0:2])-[#6](-[#16]-[#0:3])=[#7]-[#16]-1,1
C=CC=N[N]([R])C=N[S](=O)(=O)[R],[#8]=[#16](=[#8])(-[#7]=[#6H]-[#7](-[#7]=[#6]-[#6H]=[#6H])-[#0:2])-[#0:1],1
O=[S](=O)([R])[N]([R])C[N]([R])C[N]([R])C[N]([R])[S](=O)(=O)[R],[#8]=[#16](=[#8])(-[#0:1])-[#7](-[#6]-[#7](-[#0:2])-[#6]-[#7](-[#0:3])-[#6]-[#7](-[#16](-[#0:4])(=[#8])=[#8])-[#0:5])-[#0:6],1
[R][N]=C([S][R])[N]([R])C[N]([R])[R],[#6H](-[#7](-[#6](=[#7]-[#0:1])-[#16]-[#0:2])-[#0:5])-[#7](-[#0:3])-[#0:4],1
C=NN=C[S][R],[#6H2]=[#7]-[#7]=[#6H]-[#16]-[#0:1],1
OCO[B](O)[R],[#8]-[#5](-[#8]-[#6H]-[#8])-[#0:1],1
O=C([O][R])C(=CO)OC[O][R],[#8]=[#6](-[#8]-[#0:1])-[#6](=[#6H]-[#8])-[#8]-[#6H2]-[#8]-[#0:2],1
O=[C]([R])C=C(O)C(=O)O,[#0:1]-[#6](=[#8])/[#6]=[#6](\[#8])-[#6](=[#8])-[#8],1
[R][S]C[N+]([R])([R])[R],[#0:1]-[#7+](-[#0:2])(-[#6]-[#16]-[#0:3])-[#0:4],1
C=[N+]([O-])C(C(=O)O)[N](O)[R],[#6H2]=[#7+](-[#8-])-[#6](-[#6](=[#8])-[#8])-[#7](-[#8])-[#0:1],1
C=CC(C=C[S][R])=[N][R],[#0:1]/[#7]=[#6](/[#6]=[#6H])-[#6]=[#6H]-[#16]-[#0:2],1
C=C(O)C(=O)[N]([R])[R],[#6H2]=[#6](-[#8])-[#6](=[#8])-[#7](-[#0:1])-[#0:2],1
O=C1C=CC([N]([R])[R])=C([N+](=O)[O-])C1=O,[#6H]1=[#6]-[#6](=[#8])-[#6](=[#8])-[#6](-[#7+](=[#8])-[#8-])=[#6]-1-[#7](-[#0:1])-[#0:2],1
O=[C]([R])[O][Pt]([Cl])([Cl])([O][C](=O)[R])([N]([R])[R])[N]([R])[R],[#0:1]-[#6](=[#8])-[#8]-[Pt](-[#7](-[#0:3])-[#0:4])(-[#7](-[#0:5])-[#0:6])(-[#17])(-[#17])-[#8]-[#6](=[#8])-[#0:2],1
C=CC=C[N]([R])[O][R],[#6H2]=[#6]/[#6H]=[#6]/[#7](-[#8]-[#0:1])-[#0:2],1
C=C1SC(=O)N(C(=O)O)C1=O,[#8]=[#6](-[#8])-[#7]1-[#6](=[#8])-[#16]-[#6](=[#6H])-[#6]-1=[#8],1
C=CC=NOC(=O)O,[#6H2]=[#6]/[#6H]=[#7]\[#8]-[#6](=[#8])-[#8],1
C=CC(=O)C(=C)[O][R],[#0:1]-[#8]-[#6](=[#6H])-[#6](-[#6]=[#6H2])=[#8],1
O=C(O)C(=[N][R])[N]([R])[R],[#0:1]-[#7](-[#6](=[#7]-[#0:3])-[#6](=[#8])-[#8])-[#0:2],1
C=CC(=O)C(=CO)C(=O)C=CO,[#8]=[#6](-[#6]=[#6H])-[#6](=[#6H]-[#8])-[#6](-[#6H]=[#6H]-[#8])=[#8],1
O=C(O)C(O)O,[#8]=[#6](-[#8])-[#6](-[#8])-[#8],1
O=C(O)C(O)[N]([R])[C](=O)[R],[#8]=[#6](-[#7](-[#6](-[#8])-[#6](=[#8])-[#8])-[#0:2])-[#0:1],1
O=P([O][Na])([O][R])OP(=O)([O][Na])OC[O][R],[#0:1]-[#8]-[#15](=[#8])(-[#8]-[Na])-[#8]-[#15](=[#8])(-[#8]-[Na])-[#8]-[#6H2]-[#8]-[#0:2],1
O=[C]([R])C(=CO)C(=O)C=CO,[#6H](=[#6H]-[#8])-[#6](-[#6](=[#6H]-[#8])-[#6](-[#0:1])=[#8])=[#8],1
O=[C]([R])[N]([R])C=C1C=NN=C1O,[#8]=[#6](-[#0:1])-[#7](-[#6H]=[#6]1-[#6](-[#8])=[#7]-[#7]=[#6H]-1)-[#0:2],1
OC=CO,[#6H](-[#8])=[#6H]-[#8],1
O=[C]([R])C=C[N]([R])C=C[C](=O)[R],[#8]=[#6](-[#0:1])-[#6H]=[#6H]-[#7](-[#6H]=[#6H]-[#6](-[#0:2])=[#8])-[#0:3],1
[R][N]1C=NC=NC1,[#6H]1-[#7]=[#6H]-[#7]=[#6H]-[#7]-1-[#0:1],1
OC[S][R],[#8]-[#6H]-[#16]-[#0:1],1
OC[N]([R])C=[N][R],[#8]-[#6H]-[#7](-[#6]=[#7]-[#0:1])-[#0:2],1
C=CC(=O)C(=C)Cl,[#6H2]=[#6]-[#6](=[#8])-[#6](-[#17])=[#6H],1
C=C=[CH][Nar],[#7]-[#6]=[#6]=[#6H],1
[R][O]C[N]([R])C[O][R],[#0:2]-[#8]-[#6H2]-[#7](-[#6H2]-[#8]-[#0:3])-[#0:1],1
[R][N]([R])C=C[N]([R])[R],[#6H](=[#6]-[#7](-[#0:1])-[#0:3])-[#7](-[#0:2])-[#0:4],1
[R][O]C[S][Au],[#0:1]-[#8]-[#6H2]-[#16]-[Au],1
O=C1C=CC(=O)C([N]([R])[R])=C1,[#8]=[#6]1-[#6]=[#6]-[#6](=[#8])-[#6](-[#7](-[#0:1])-[#0:2])=[#6]-1,1
O=C1[N]([R])C[N]([R])C[N]1[R],[#8]=[#6]1-[#7](-[#6]-[#7](-[#0:1])-[#6]-[#7]-1-[#0:3])-[#0:2],1
O=[C]([R])C([S][R])=C([S][R])[C](=O)[R],[#8]=[#6](-[#6](-[#16]-[#0:1])=[#6](-[#16]-[#0:2])-[#6](=[#8])-[#0:3])-[#0:4],1
O=C1C([S][R])=C([S][R])C(=O)[N]1[R],[#8]=[#6]1-[#6](-[#16]-[#0:1])=[#6](-[#16]-[#0:2])-[#6](=[#8])-[#7]-1-[#0:3],1
O=[C]([R])N(CO)[C](=O)[R],[#8]=[#6](-[#0:1])-[#7](-[#6](-[#0:2])=[#8])-[#6]-[#8],1
O=C1C([N]([R])C(=O)[N]([R])C[N]([R])C(=O)[N]([R])C2C(=O)[N]([R])C(=O)N2CO)N(CO)C(=O)[N]1[R],[#8]=[#6](-[#7](-[#6]-[#7](-[#6](=[#8])-[#7](-[#6]1-[#6](=[#8])-[#7](-[#6](=[#8])-[#7]-1-[#6]-[#8])-[#0:4])-[#0:3])-[#0:2])-[#0:1])-[#7](-[#6]1-[#6](=[#8])-[#7](-[#6](=[#8])-[#7]-1-[#6]-[#8])-[#0:6])-[#0:5],1
C=C1SC(=S)N(CO)C1=O,[#6H]=[#6]1-[#16]-[#6](=[#16])-[#7](-[#6]-[#8])-[#6]-1=[#8],1
S=C(N=[N][R])[N]([R])[N]([R])[R],[#16]=[#6](/[#7]=[#7]/[#0:1])-[#7](-[#7](-[#0:2])-[#0:4])-[#0:3],1
O=[C]([R])[N]([R])[N]([R])C=S,[#0:1]-[#7](-[#7](-[#6](=[#8])-[#0:2])-[#0:3])-[#6H]=[#16],1
S=C([S][R])[S][R],[#16]=[#6](-[#16]-[#0:1])-[#16]-[#0:2],1
S=C1[N]([R])CN(C=C[Si]([R])([R])[R])[N]1[R],[#6H](-[Si](-[#0:1])(-[#0:2])-[#0:3])=[#6H]-[#7]1-[#7](-[#0:4])-[#6](=[#16])-[#7](-[#0:5])-[#6H]-1,1
S=C[N]([R])C[N]([R])[R],[#16]=[#6H]-[#7](-[#6H2]-[#7](-[#0:1])-[#0:3])-[#0:2],1
S=P(N1CC1)(N1CC1)N1CC1,[#16]=[#15](-[#7]1-[#6]-[#6]-1)(-[#7]1-[#6]-[#6]-1)-[#7]1-[#6]-[#6]-1,1
S=P([N]([R])[R])(N1CC1)N1CC1,[#16]=[#15](-[#7](-[#0:1])-[#0:2])(-[#7]1-[#6]-[#6]-1)-[#7]1-[#6]-[#6]-1,1
S=[P]([R])([O][R])[N]([R])[R],[#16]=[#15](-[#0:1])(-[#7](-[#0:2])-[#0:4])-[#8]-[#0:3],1
O=C(O)[N]([R])[R],[#0:1]-[#7](-[#6](=[#8])-[#8])-[#0:2],1
S=[P]([R])([S][R])[N]([R])[R],[#0:1]-[#15](=[#16])(-[#16]-[#0:4])-[#7](-[#0:2])-[#0:3],1
