smarts,cleaned_description
"[Br,Cl,I][CX4;CH,CH2]",reactive alkyl halides
"[S,C](=[O,S])[F,Br,Cl,I]",acid halides
O=CN=[N+]=[N-],carbazides
"COS(=O)O[C,c]",sulphate esters
"COS(=O)(=O)[C,c]",sulphonates
C(=O)OC(=O),acid anhydrides
OO,peroxides
C(=O)Oc1c(F)c(F)c(F)c(F)c1(F),pentafluorophenyl esters
C(=O)Oc1ccc(N(=O)~[OX1])cc1,paranitrophenyl esters
C(=O)Onnn,esters of hobt
"N=C=[S,O]",isocyanates & isothiocyanates
OS(=O)(=O)C(F)(F)F,triflates
P(=S)(S)S,lawesson's reagent and derivatives
NP(=O)(N)N,phosphoramides
cN=[N+]=[N-],aromatic azides
"C(=O)C[N+,n+]",beta carbonyl quaternary nitrogen
[N;R0][N;R0]C(=O),acylhydrazide
"[C+,Cl+,I+,P+,S+]","quaternary c, cl, i, p or s"
C=P,phosphoranes
[Cl]C([C&R0])=N,chloramidines
[N&D2](=O),nitroso
"[P,S][Cl,Br,F,I]",p/s halides
N=C=N,carbodiimide
[N+]#[C-],isonitrile
C(=O)N(C(=O))OC(=O),triacyloximes
N#CC[OH],cyanohydrins
N#CC(=O),acyl cyanides
S(=O)(=O)C#N,sulfonyl cyanides
P(OCC)(OCC)(=O)C#N,cyanophosphonates
[N;R0]=[N;R0]C#N,azocyanamides
[N;R0]=[N;R0]CC=O,azoalkanals
[CD2;R0][CD2;R0][CD2;R0][CD2;R0][CD2;R0][CD2;R0][CD2;R0],aliphatic methylene chains 7 or more long
"[C,S,P](=O)[OH].[C,S,P](=O)[OH].[C,S,P](=O)[OH].[C,S,P](=O)[OH]",compounds with 4 or more acidic groups
[O;R1][C;R1][C;R1][O;R1][C;R1][C;R1][O;R1],crown ethers
SS,disulphides
[SH],thiols
"C1[O,S,N]C1","epoxides, thioepoxides, aziridines"
c([OH])c([OH])c([OH]),"2,4,5 trihydroxyphenyl"
c([OH])c([OH])cc([OH]),"2,3,4 trihydroxyphenyl"
N=NC(=S)N,hydrazothiourea
SC#N,thiocyanate
cC[N+],benzylic quaternary nitrogen
"C[O,S;R0][C;R0](=S)",thioesters
N[CH2]C#N,cyanamides
C1(=O)OCC1,four membered lactones
P(=O)([OH])OP(=O)[OH],di and triphosphates
N1CCC1=O,betalactams
O=C1[#6]~[#6]C(=O)[#6]~[#6]1,quinones
C=CC=CC=CC=C,polyenes
O1CCCCC1OC2CCC3CCCCC3C2,saponin derivatives
O=C1NCC2CCCCC21,cytochalasin derivatives
O=C1CCCC(N1)=O,cycloheximide derivatives
O1CCCCC1C2CCCO2,monensin derivatives
[OH]c1cc([OH])cc2=[O+]C(=C([OH])Cc21)c3cc([OH])c([OH])cc3,cyanidin derivatives
C12OCCC(O1)CC2,squalestatin derivatives
"C(=O)O[C,H1].C(=O)O[C,H1].C(=O)O[C,H1]",> 2 ester groups
"n1c([F,Cl,Br,I])cccc1",2-halo pyridine
"C(=O)[Cl,Br,I,F]",acid halide
C=[C!r]O,acyclic c=c-o
N#CC(=O),acyl cyanide
C(=O)N[NH2],acyl hydrazine
[CH1](=O),aldehyde
[R0;D2][R0;D2][R0;D2][R0;D2],aliphatic long chain
"[CX4][Cl,Br,I]",alkyl halide
c1nnnn1C=O,amidotetrazole
c1cc([NH2])ccc1,aniline
[CH2R2]1N[CH2R2][CH2R2][CH2R2][CH2R2][CH2R2]1,azepane
N=[N+]=[N-],azido group
N#N,azo group
[CH2R2]1N[CH2R2][CH2R2][CH2R2][CH2R2][CH2R2][CH2R2]1,azocane
"[cR2]1[cR2][cR2]([Nv3X3,Nv4X4])[cR2][cR2][cR2]1[cR2]2[cR2][cR2][cR2]([Nv3X3,Nv4X4])[cR2][cR2]2",benzidine
"[C,c](=O)[CX4,CR0X3,O][C,c](=O)",beta-keto/anhydride
C12C(NC(N1)=O)CSC2,biotin analogue
"[C+,c+,C-,c-]",carbocation/anion
"c1c([OH])c([OH,NH2,NH])ccc1",catechol
"[O+,o+,S+,s+]",charged oxygen or sulfur atoms
"C1(=[O,N])C=CC(=[O,N])C=C1",chinone
"C1(=[O,N])C(=[O,N])C=CC=C1",chinone
C=[C!r]C#N,conjugated nitrile group
"[OR2,NR2]@[CR2]@[CR2]@[OR2,NR2]@[CR2]@[CR2]@[OR2,NR2]",crown ether
c1ccc2c(c1)ccc(=O)o2,cumarine
N[CH2]C#N,cyanamide
"[N,O,S]C#N",cyanate/aminonitrile/thiocyanate
N#CC[OH],cyanohydrins
[CR2]1[CR2][CR2][CR2][CR2][CR2][CR2]1,cycloheptane
[CR2]1[CR2][CR2]cc[CR2][CR2]1,cycloheptane
[CR2]1[CR2][CR2][CR2][CR2][CR2][CR2][CR2]1,cyclooctane
[CR2]1[CR2][CR2]cc[CR2][CR2][CR2]1,cyclooctane
"[cR2]1[cR2]c([N+0X3R0,nX3R0])c([N+0X3R0,nX3R0])[cR2][cR2]1",diaminobenzene
"[cR2]1[cR2]c([N+0X3R0,nX3R0])[cR2]c([N+0X3R0,nX3R0])[cR2]1",diaminobenzene
"[cR2]1[cR2]c([N+0X3R0,nX3R0])[cR2][cR2]c1([N+0X3R0,nX3R0])",diaminobenzene
[N!R]=[N!R],diazo group
"[C,c](=O)[C,c](=O)",diketo group
SS,disulphide
[CX2R0][NX3R0],enamine
C(=O)Onnn,ester of hobt
C1(=O)OCC1,four member lactones
"c1cc([Cl,Br,I,F])cc([Cl,Br,I,F])c1[Cl,Br,I,F]",halogenated ring
"c1ccc([Cl,Br,I,F])c([Cl,Br,I,F])c1[Cl,Br,I,F]",halogenated ring
"[Hg,Fe,As,Sb,Zn,Se,se,Te,B,Si]",heavy metal
"[NX3R0,NX4R0,OR0,SX2R0][CX4][NX3R0,NX4R0,OR0,SX2R0]",het-c-het not in ring
C1NC(=O)NC(=O)1,hydantoin
N[NH2],hydrazine
"[OH]c1ccc([OH,NH2,NH])cc1",hydroquinone
C(=O)N[OH],hydroxamic acid
C=[N!R],imine
"N=[CR0][N,n,O,S]",imine
I,iodine
N=C=O,isocyanate
"[$([CH2]),$([CH][CX4]),$(C([CX4])[CX4])]=[$([CH2]),$([CH][CX4]),$(C([CX4])[CX4])]",isolated alkene
C=C=O,ketene
S1C=CSC1=S,"methylidene-1,3-dithiole"
"C=!@CC=[O,S]",michael acceptor
"[$([CH]),$(CC)]#CC(=O)[C,c]",michael acceptor
"[$([CH]),$(CC)]#CS(=O)(=O)[C,c]",michael acceptor
C=C(C=O)C=O,michael acceptor
"[$([CH]),$(CC)]#CC(=O)O[C,c]",michael acceptor
"[NX2,nX3][OX1]",n oxide
s1c(S)nnc1NC=O,"n-acyl-2-amino-5-mercapto-1,3,4-thiadiazole"
"NC[F,Cl,Br,I]",n-c-halo
"[NX3,NX4][F,Cl,Br,I]",n-halo
n[OH],n-hydroxyl pyridine
[N+](=O)[O-],nitro group
[#7]-N=O,n-nitroso
"[C,c]=N[OH]",oxime
"[C,c]=NOC=O",oxime
"[OR0,NR0][OR0,NR0]",oxygen-nitrogen single bond
[CX4](F)(F)[CX4](F)F,perfluorinated chain
OO,peroxide
c1ccccc1OC(=O)[#6],phenol ester
c1ccccc1OC(=O)O,phenyl carbonate
P,phosphor
"[cR,CR]~C(=O)NC(=O)~[cR,CR]",phthalimide
a1aa2a3a(a1)A=AA=A3=AA=A2,polycyclic aromatic hydrocarbon
a21aa3a(aa1aaaa2)aaaa3,polycyclic aromatic hydrocarbon
a31a(a2a(aa1)aaaa2)aaaa3,polycyclic aromatic hydrocarbon
[CR0]=[CR0][CR0]=[CR0],polyene
"[s,S,c,C,n,N,o,O]~[nX3+,NX3+](~[s,S,c,C,n,N])~[s,S,c,C,n,N]",quaternary nitrogen
"[s,S,c,C,n,N,o,O]~[n+,N+](~[s,S,c,C,n,N,o,O])(~[s,S,c,C,n,N,o,O])~[s,S,c,C,n,N,o,O]",quaternary nitrogen
[*]=[N+]=[*],quaternary nitrogen
O1CCCCC1OC2CCC3CCCCC3C2,saponine derivative
"[Si][F,Cl,Br,I]",silicon halogen
c1ccccc1C=Cc2ccccc2,stilbene
"[SX3](=O)[O-,OH]",sulfinic acid
"[C,c]S(=O)(=O)O[C,c]",sulfonic acid
"S(=O)(=O)[O-,OH]",sulfonic acid
S(=O)(=O)C#N,sulfonyl cyanide
[SX2]O,sulfur oxygen single bond
OS(=O)(=O)[O-],sulphate
[SX2H0][N],sulphur-nitrogen single bond
c12ccccc1(SC(S)=N2),thiobenzothiazole
c12ccccc1(SC(=S)N2),thiobenzothiazole
"[C,c]=S",thiocarbonyl group
SC=O,thioester
[S-],thiol
[SH],thiol
"*1[O,S,N]*1",three-membered heterocycle
OS(=O)(=O)C(F)(F)F,triflate
"[SiR0,CR0](c1ccccc1)(c2ccccc2)(c3ccccc3)",triphenyl methylsilyl
C#C,triple bond
"[#7;R1]1[#6]([F,Cl,Br,I])[#6]([$(S(=O)(=O)),$(C(F)(F)(F)),$(C#N),$(N(=O)(=O)),$([N+](=O)[O-]),$(C=O)])[#7][#6][#6]1",2halo pyrazine 3ewg
"[#7;R1]1[#6]([F,Cl,Br,I])[#6;!$(c-N)][#7][#6]([$(S(=O)(=O)),$(C(F)(F)(F)),$(C#N),$(N(=O)(=O)),$([N+](=O)[O-]),$(C=O)])[#6;!$(c-N)]1",2halo pyrazine 5ewg
"[#7;R1]1[#6]([F,Cl,Br,I])[#6]([$(S(=O)(=O)),$(C(F)(F)(F)),$(C#N),$(N(=O)(=O)),$([N+](=O)[O-]),$(C=O)])[#6][#6][#7]1",2halo pyridazine 3ewg
"[#7;R1]1[#6]([F,Cl,Br,I])[#6][#6][#6]([$(S(=O)(=O)),$(C(F)(F)(F)),$(C#N),$(N(=O)(=O)),$([N+](=O)[O-]),$(C=O)])[#7]1",2halo pyridazine 5ewg
"[#7;R1]1[#6;!$(c=O)]([F,Cl,Br,I])[#6]([$(S(=O)(=O)),$(C(F)(F)(F)),$(C#N),$(N(=O)(=O)),$([N+](=O)[O-]),$(C=O)])[#6;!$(c-N)][#6][#6;!$(c-N)]1",2halo pyridine 3ewg
"[#7;R1]1[#6;!$(c=O)]([F,Cl,Br,I])[#6][#6;!$(c-N)][#6]([$(S(=O)(=O)),$(C(F)(F)(F)),$(C#N),$(N(=O)(=O)),$([N+](=O)[O-]),$(C=O)])[#6;!$(c=O);!$(c-N)]1",2halo pyridine 5ewg
"[#7;R1]1[#6]([F,Cl,Br,I])[#7][#6][#6]([$(S(=O)(=O)),$(C(F)(F)(F)),$(C#N),$(N(=O)(=O)),$([N+](=O)[O-]),$(C=O)])[#6]1",2halo pyrimidine 5ewg
"[#7;R1]1[#6]([$(S(=O)(=O)),$(C(F)(F)(F)),$(C#N),$(N(=O)(=O)),$([N+](=O)[O-]),$(C=O)])[#6]([F,Cl,Br,I])[#6][#6][#7]1",3halo pyridazine 2ewg
"[#7;R1]1[#6][#6]([F,Cl,Br,I])[#6]([$(S(=O)(=O)),$(C(F)(F)(F)),$(C#N),$(N(=O)(=O)),$([N+](=O)[O-]),$(C=O)])[#6][#7]1",3halo pyridazine 4ewg
"[#7,#8,#16]1~[#6;H]~[#6]([$(S(=O)(=O)),$(C(F)(F)(F)),$(C#N),$(N(=O)(=O)),$([N+](=O)[O-]),$(C=O)])~[#6](=O)~[#6]([$(S(=O)(=O)),$(C(F)(F)(F)),$(C#N),$(N(=O)(=O)),$([N+](=O)[O-]),$(C=O)])~[#6;H]1",4 pyridone 3 5 ewg
"[#7;R1]1[#6;!$(c=O);!$(c-N)][#6]([$(S(=O)(=O)),$(C(F)(F)(F)),$(C#N),$(N(=O)(=O)),$([N+](=O)[O-]),$(C=O)])[#6]([F,Cl,Br,I])[#6][#6;!$(c=O);!$(c-N)]1",4halo pyridine 3ewg
"[#7]1[#6]([$(S(=O)(=O)),$(C(F)(F)(F)),$(C#N),$(N(=O)(=O)),$([N+](=O)[O-]),$(C=O)])[#7;R1][#6]([F,Cl,Br,I])[#6][#6]1([$(S(=O)(=O)),$(C(F)(F)(F)),$(C#N),$(N(=O)(=O)),$([N+](=O)[O-]),$(C=O)])",4halo pyrimidine 2 6ewg
"[#7]1[#6][#7;R1][#6]([F,Cl,Br,I])[#6]([$(S(=O)(=O)),$(C(F)(F)(F)),$(C#N),$(N(=O)(=O)),$([N+](=O)[O-]),$(C=O)])[#6]1",4halo pyrimidine 5ewg
"[CH2]1[O,S]C1",ch2 s#o 3 ring
"O=C(-[!N])O[$(nnn),$([#7]-[#7]=[#7])]",hobt ester
P(=O)ON,no phosphonate
[CH2]=[C;!$(C-N);!$(C-O)]C(=O),acrylate
"[#6]1~[$(C(=O)),$(S(=O))]~[O,S,N]~[$(C(=O)),$(S(=O))]1",activated 4mem ring
"C1~[O,S]~[C,N,O,S]1[a,N,O,S]",activated s#o 3 ring
"[$(S(=O)(=O)),$(C(F)(F)(F)),$(C#N),$(N(=O)(=O)),$([N+](=O)[O-]),$(C(=O))]C#[C;!$(C-N);!$(C-n)]",activated acetylene
"[N;!R]([$(S(=O)(=O)),$(C(F)(F)(F)),$(C#N),$(N(=O)(=O)),$([N+](=O)[O-]),$(C(=O))])=[N;!R]([$(S(=O)(=O)),$(C(F)(F)(F)),$(C#N),$(N(=O)(=O)),$([N+](=O)[O-]),$(C(=O))])",activated diazo
"O=COC=[$(C(S(=O)(=O))),$(C(C(F)(F)(F))),$(C(C#N)),$(C(N(=O)(=O))),$(C([N+](=O)[O-])),$(C(C(=O)));!$(C(N))]",activated vinyl ester
"O(-S(=O)(=O))C=[$(C(S(=O)(=O))),$(C(C(F)(F)(F))),$(C(C#N)),$(C(N(=O)(=O))),$(C([N+](=O)[O-])),$(C(C(=O)));!$(C(N))]",activated vinyl sulfonate
"[C,c][C;!R](=O)[N;!R][C;!R](=O)[C,c]",acyclic imide
[#7;R1]1~[#7;R1]~[#7;R1](-C(=O))~[#6]~[#6]1,acyl 123 triazole
[#7]1~[#7]~[#6]~[#7](-C(=O)[!N])~[#6]1,acyl 134 triazole
"O=C(-[!N])O[$([#7;+]),$(N(C=[O,S,N])(C=[O,S,N]))]",acyl activated no
C(=O)-C#N,acyl cyanide
"[C;!$(C-N)](=O)[#7]1[#6;H1,$([#6]([*;!R]))][#7][#6;H1,$([#6]([*;!R]))][#6;H1,$([#6]([*;!R]))]1",acyl imidazole
"[C;!$(C-N)](=O)[#7]1[#7][#6;H1,$([#6]([*;!R]))][#6;H1,$([#6]([*;!R]))][#6;H1,$([#6]([*;!R]))]1",acyl pyrazole
"[C,c][C;H1](=O)",aldehyde
C(=O)!@C(=O),alpha dicarbonyl
"[$(C(F)(F)(F)),$(C#N),$(N(=O)(=O)),$([N+](=O)[O-])]-[CH,CH2]-[Cl,Br,I,$(O(S(=O)(=O)))]",alpha halo ewg
"[F,Cl,Br,I,$(O(S(=O)(=O)))]-[CH,CH2;!$(C(F)F)]-[N,n]",alpha halo amine
"C(=O)([CH,CH2][Cl,Br,I,$(O(S(=O)(=O)))])",alpha halo carbonyl
"[N,n,O,S;!$(S(=O)(=O))]-[CH,CH2;!$(C(F)(F))][F,Cl,Br,I,$(O(S(=O)(=O)))]",alpha halo heteroatom
"[N,n,O,S;!$(S(=O)(=O))]-C([Cl,Br,I,$(O(S(=O)(=O)))])(C)(C)",alpha halo heteroatom tert
"[$(C(=O)),$(C(=S))]-[O,S]-[$(C(=O)),$(C(=S)),$(C(=[N;!R])),$(C(=N(-[C;X4])))]",anhydride
P(=O)-[O;!R]-a,aryl phosphonate
a-[S;X2;!R]-[C;!R](=O),aryl thiocarbonyl
"[$(N#[N+]-[N-]),$([N-]=[N+]=N)]",azide
"[C,N]1~[C,N]~N~1",aziridine diazirine
[N]=[N;!R]-[N],azo amino
c[N;!R;!+]=[N;!R;!+]-c,azo aryl
[N;!R]=[N;!R]-[N]=[*],azo filter1
[N;!$(N-S(=O)(=O));!$(N-C=O)]-[N;!r3;!$(N-S(=O)(=O));!$(N-C=O)]-[N;!$(N-S(=O)(=O));!$(N-C=O)],azo filter2
[N;!R]-[N;!R]-[N;!R],azo filter3
a-N=N-[N;H2],azo filter4
"[B-,BH2,BH3,$(B(F)(F))]",bad boron
"[C+,F+,Cl+,Br+,I+,Se+]",bad cations
c([N;!+])1ccc(c2ccc([N;!+])cc2)cc1,benzidine like
"[#6,#15,#16]1(=O)~[#6]~[#6]~[#8,#16]1",beta lactone
C1(=O)~[#6]~[#6]N1,betalactam
"C1(=O)~[#6]~[#6]N1([$(S(=O)(=O)[C,c,O&D2]),$(C(F)(F)(F)),$(C#N),$(N(=O)(=O)),$([N+](=O)[O-]),$(C(=O)[C,c,O&D2])])",betalactam ewg
"O=[C,S]Oc1aaa([$(S(=O)(=O)),$(C(F)(F)(F)),$(C#N),$(N(=O)(=O)),$([N+](=O)[O-]),$(C(=O)O),$(C(=O)N)])aa([$(S(=O)(=O)),$(C(F)(F)(F)),$(C#N),$(N(=O)(=O)),$([N+](=O)[O-]),$(C(=O)O),$(C(=O)N)])1",bis activated aryl ester
"CC(=O)[$([C&H1]),$(C-F),$(C-Cl),$(C-Br),$(C-I)]=[$([C&H1]),$(C-F),$(C-Cl),$(C-Br),$(C-I)]C(=O)C",bis keto olefin
"[C,c]~[#5]",boron warhead
a1(a2aa(a3aaaaa3)aa(a4aaaaa4)a2)aaaaa1,branched polycyclic aromatic
"N=C=[N,O,S]",carbodiimide iso#thio#cyanate
"O=C[F,Cl,Br,I]",carbonyl halide
"[$([Ru]),$([Rh]),$([Se]),$([se]),$([Pd]),$([Sc]),$([Bi]),$([Sb]),$([Ag]),$([Ti]),$([Al]),$([Cd]),$([V]),$([In]),$([Cr]),$([Sn]),$([Mn]),$([La]),$([Fe]),$([Er]),$([Tm]),$([Yb]),$([Lu]),$([Hf]),$([Ta]),$([W]),$([Re]),$([Co]),$([Os]),$([Ni]),$([Ir]),$([Cu]),$([Zn]),$([Ga]),$([Ge]),$([As]),$([as]),$([Y]),$([Zr]),$([Nb]),$([Ce]),$([Pr]),$([Nd]),$([Sm]),$([Eu]),$([Gd]),$([Tb]),$([Dy]),$([Ho]),$([Pt]),$([Au]),$([Hg]),$([Tl]),$([Pb]),$([Ac]),$([Th]),$([Pa]),$([Mo]),$([U]),$([Tc]),$([Te]),$([Po]),$([At])]",contains metal
"[$([O,S,#7;R1;r9,r10,r11,r12,r13,r14,r15,r16,r17,r18][CH,CH2;r9,r10,r11,r12,r13,r14,r15,r16,r17,r18][CH,CH2;r9,r10,r11,r12,r13,r14,r15,r16,r17,r18][O,S,#7;R1;r9,r10,r11,r12,r13,r14,r15,r16,r17,r18][CH,CH2;r9,r10,r11,r12,r13,r14,r15,r16,r17,r18][CH,CH2;r9,r10,r11,r12,r13,r14,r15,r16,r17,r18][O,S,#7;R1;r9,r10,r11,r12,r13,r14,r15,r16,r17,r18]),$([O,S,#7;R1;r9,r10,r11,r12,r13,r14,r15,r16,r17,r18][CH,CH2;r9,r10,r11,r12,r13,r14,r15,r16,r17,r18][CH,CH2;r9,r10,r11,r12,r13,r14,r15,r16,r17,r18][CH,CH2;r9,r10,r11,r12,r13,r14,r15,r16,r17,r18][O,S,#7;R1;r9,r10,r11,r12,r13,r14,r15,r16,r17,r18][CH,CH2;r9,r10,r11,r12,r13,r14,r15,r16,r17,r18][CH,CH2;r9,r10,r11,r12,r13,r14,r15,r16,r17,r18][CH,CH2;r9,r10,r11,r12,r13,r14,r15,r16,r17,r18][O,S,#7;R1;r9,r10,r11,r12,r13,r14,r15,r16,r17,r18]),$([O,S,#7;R1;r9,r10,r11,r12,r13,r14,r15,r16,r17,r18][CH,CH2;r9,r10,r11,r12,r13,r14,r15,r16,r17,r18][CH,CH2;r9,r10,r11,r12,r13,r14,r15,r16,r17,r18][O,S,#7;R1;r9,r10,r11,r12,r13,r14,r15,r16,r17,r18][CH,CH2;r9,r10,r11,r12,r13,r14,r15,r16,r17,r18][CH,CH2;r9,r10,r11,r12,r13,r14,r15,r16,r17,r18][CH,CH2;r9,r10,r11,r12,r13,r14,r15,r16,r17,r18][O,S,#7;R1;r9,r10,r11,r12,r13,r14,r15,r16,r17,r18])]",crown ether
"P(O[A,a])(O[A,a])(=O)C#N",cyano phosphonate
"[C;X4](-[OH,NH1,NH2,SH])(-C#N)",cyanohydrin
"[N,n]~[S;!R;D2]~[N,n]",diamino sulfide
"[$(N=N=C~C=O),$(N#N-C~C=O)]",diazo carbonyl
a[N+]#N,diazonium
"[$(N(-C(=O))(-C(=O))(-S(=O))),$(n([#6](=O))([#6](=O))([#16](=O)))]",dicarbonyl sulfonamide
[S;!R;X2]-[S;!R;X2],disulfide acyclic
S(=O)(=O)N=C1C=CC(=NS(=O)(=O))C=C1,disulfonyliminoquinone
NC(C[S;D1])C([N;H1]([O;D1]))=O,double trouble warhead
O=C2CC(a3aaaaa3)Oa1aaaaa12,flavanoid
C#N.C#N.C#N.C#N,four nitriles
[C;!R]-[C;!R]-[C;!R]-[C;!R]-[C;!R]-[C;!R]-[C;!R]-[C;!R]-[C;!R]-[C;!R],gte 10 carbon sb chain
"[N,n;H0;+;!$(N~O);!$(n~O)].[N,n;H0;+;!$(N~O);!$(n~O)]",gte 2 n quats
P([O;D1])=O.P([O;D1])=O,gte 2 free phos
"[C,c]S(=O)(=O)[O;D1].[C,c]S(=O)(=O)[O;D1]",gte 2 sulfonic acid
C(=O)[O;D1].C(=O)[O;D1].C(=O)[O;D1],gte 3 cooh
[#53].[#53].[#53],gte 3 iodine
"[N;!$(N(=[N,O,S,C]));!$(N(S(=O)(=O)));!$(N(C(F)(F)(F)));!$(N(C#N));!$(N(C(=O)));!$(N(C(=S)));!$(N(C(=N)));!$(N(#C));!$(Nc)].[N;!$(N(=[N,O,S,C]));!$(N(S(=O)(=O)));!$(N(C(F)(F)(F)));!$(N(C#N));!$(N(C(=O)));!$(N(C(=S)));!$(N(C(=N)));!$(N(#C));!$(Nc)].[N;!$(N(=[N,O,S,C]));!$(N(S(=O)(=O)));!$(N(C(F)(F)(F)));!$(N(C#N));!$(N(C(=O)));!$(N(C(=S)));!$(N(C(=N)));!$(N(#C));!$(Nc)].[N;!$(N(=[N,O,S,C]));!$(N(S(=O)(=O)));!$(N(C(F)(F)(F)));!$(N(C#N));!$(N(C(=O)));!$(N(C(=S)));!$(N(C(=N)));!$(N(#C));!$(N-c)]",gte 4 basic n
"[$([N+](=O)[O-]),$(N(=O)=O)].[$([N+](=O)[O-]),$(N(=O)=O)].[$([N+](=O)[O-]),$(N(=O)=O)].[$([N+](=O)[O-]),$(N(=O)=O)]",gte 4 nitro
a[O;D1].a[O;D1].a[O;D1].a[O;D1].a[O;D1],gte 5 phenolic oh
C[O;D1].C[O;D1].C[O;D1].C[O;D1].C[O;D1].C[O;D1].C[O;D1],gte 7 aliphatic oh
"[Cl,Br,I].[Cl,Br,I].[Cl,Br,I].[Cl,Br,I].[Cl,Br,I].[Cl,Br,I].[Cl,Br,I]",gte 7 total hal
"[CH2,$(C(F)(F));R0][CH2,$(C(F)(F));R0][CH2,$(C(F)(F));R0][CH2,$(C(F)(F));R0][CH2,$(C(F)(F));R0][CH2,$(C(F)(F));R0][CH2,$(C(F)(F));R0][CH2,$(C(F)(F));R0]",gte 8 cf2 or ch2
"[#7,#8,#16]1[#6]([$(S(=O)(=O)),$([F,Cl]),$(C(F)(F)(F)),$(C#N),$(N(=O)(=O)),$([N+](=O)[O-]),$(C(=O))])[#6]([$(S(=O)(=O)),$([F,Cl]),$(C(F)(F)(F)),$(C#N),$(N(=O)(=O)),$([N+](=O)[O-]),$(C(=O))])[#7][#6]1([Cl,Br,I])",halo 5heterocycle bis ewg
"[$([C;H2]),$([C&H1;$(C-F)]),$([C&H1;$(C-Cl)]),$([C&H1;$(C-Br)]),$([C&H1;$(CI)]),$(C(F)F),$(C(Cl)Cl),$(C(Br)Br),$(C(I)I),$(C(F)Cl),$(C(F)Br),$(C(F)I),$(C(Cl)Br),$(C(Br)I)](=[$([C&H1;$(C(-C(=O)))]),$(C(F)(C(=O))),$(C(Cl)(C(=O))),$(C(Br)(C(=O))),$(C(I)(C(=O))),$(C(C)(C(=O))),$(C(c)(C(=O)))])",halo acrylate
"C(=[#7])([Cl,Br,I,$(O(S(=O)(=O)))])",halo imino
"C([Cl,Br,I,$(O(S(=O)(=O)))])=C([$(S(=O)(=O)),$(C(F)(F)(F)),$(C#N),$(N(=O)(=O)),$([N+](=O)[O-]),$(C=O)])([$(S(=O)(=O)),$(C(F)(F)(F)),$(C#N),$(N(=O)(=O)),$([N+](=O)[O-]),$(C=O)])",halo olefin bis ewg
"C(=O)Oc1c([Cl,F])[cH1,$(c[F,Cl])]c([F,Cl])[cH1,$(c[F,Cl])]c1([F,Cl])",halo phenolic carbonyl
"S(=O)Oc1c([Cl,F])[cH1,$(c[F,Cl])]c([F,Cl])[cH1,$(c[F,Cl])]c1([F,Cl])",halo phenolic sulfonyl
"[!C;!c;!H][F,Cl,Br,I]",halogen heteroatom
[Si]~[!#6],hetero silyl
[N;X3;!$(N-S(=O)(=O));!$(N-C(F)(F)(F));!$(N-C#N);!$(N-C(=O));!$(N-C(=S));!$(N-C(=N))]-[N;X3;!$(N-S(=O)(=O));!$(N-C(F)(F)(F));!$(N-C#N);!$(N-C(=O));!$(N-C(=S));!$(N-C(=N))],hydrazine
[N;!R]=NC(=S)N,hydrazothiourea
C([N;H1]([O;D1]))=O,hydroxamate warhead
"[$([#16&D3]),$([#16&D4])]=,:[#6]",hyperval sulfur
[N+]#[C-],isonitrile
"[$(c([C;!R;!$(C-[N,O,S]);!$(C-[H])](=O))1naaaa1),$(c([C;!R;!$(C-[N,O,S]);!$(C-[H])](=O))1naa[n,s,o]1)]",keto def heterocycle
"[$(a12aaaaa1aa3a(aa(aaaa4)a4a3)a2),$(a12aaaaa1aa3a(aaa4a3aaaa4)a2),$(a12aaaaa1a(aa5)a3a(aaa4a3a5aaa4)a2)]",linear polycyclic aromatic i
"[$(a12aaaa4a1a3a(aaaa3aa4)aa2),$(a12aaaaa1a3a(aaa4a3aaaa4)aa2),$(a1(a(aaaa4)a4a3a2aaaa3)a2aaaa1)]",linear polycyclic aromatic ii
"[$([C;H1]),$(C(-[F,Cl,Br,I]))]1=[$([C;H1]),$(C(-[F,Cl,Br,I]))]C(=O)[N,O,S]C(=O)1",maleimide etc
O=C1OC(C)(C)OC(C1)=O,meldrums acid deriv
"[C;H2](F)C(=O)[O,N,S]",monofluoroacetate
[C;!R]=[N+][O;D1],nitrone
N-[N;X2](=O),nitrosamine
"[O,N,S;!$(S~O)]!@[CH2]!@[O,S,N;!$(S~O)]",non ring ch2o acetal
"[O,N,S;!$(S~O)]!@[C;H1;X4]!@[O,N,S;!$(S~O)]",non ring acetal
"[O,N,S;!$(S~O)]!@[C;H0;X4](!@[O,N,S;!$(S~O)])(C)",non ring ketal
c1c([N;D1])c([N;D1])c[cH1][cH1]1,ortho hydroiminoquinone
"a1c([O,S;D1])c([O,S;D1])a[cH1][cH1]1",ortho hydroquinone
"[#6]1(-O-[C;!R](=[O,N;!R]))[#6]([$(N(=O)(=O)),$([N+](=O)[O-])])[#6][#6][#6][#6]1",ortho nitrophenyl carbonyl
"[CH1,$(C(-[Cl,Br,I]))]1=CC(=[O,N,S;!R])C(=[O,N,S])C=[CH1,$(C(-[Cl,Br,I]))]1",ortho quinone
"C1~[O,S]~N1",oxaziridine
[$(C=N[O;D1]);!$(C=[N+])][#6][#6],oxime
"[o+,O+]",oxonium
a1[cH1]c([N;D1])[cH1]ac([N;D1])1,para hydroiminoquinone
"a1[cH1]c([O,S;D1])[cH1]ac([O,S;D1])1",para hydroquinone
"[#6]1(-O(-[C;!R](-[!N])(=[O,N;!R])))[#6][#6][#6]([$(N(=O)(=O)),$([N+](=O)[O-])])[#6][#6]1",para nitrophenyl ester
"[CH1,$(C(-[Cl,Br,I]))]1=[CH1,$(C(-[Cl,Br,I]))]C(=[O,N,S])[CH1,$(C(-[Cl,Br,I]))]=[CH1,$(C(-[Cl,Br,I]))]C1(=[O,N,S])",para quinone
[#6]1[#6][#6]([#6]2[#6][#6][#7;+][#6][#6]2)[#6][#6][#7;+]1,paraquat like
C(=O)Oc1c(F)c(F)c(F)c(F)c1(F),pentafluorophenylester
C1(Cl)(Cl)C(Cl)C(Cl)=C(Cl)C1(Cl),perchloro cp
"c1(C=O)c([Br,Cl,I])c([Br,Cl,I])c([Br,Cl,I])c([Br,Cl,I])c1(C=O)",perhalo dicarbonyl phenyl
"c1c([Br,Cl,I])c([Br,Cl,I])c([Br,Cl,I])c([Br,Cl,I])c1([Br,Cl,I])",perhalo phenyl
[#8]~[#8],peroxide
"O=[C,S]Oc1aaa([$(S(=O)(=O)),$(C(F)(F)(F)),$(C#N),$(N(=O)(=O)),$([N+](=O)[O-]),$(C(=O)O),$(C(=O)N)])aa([$(S(=O)(=O)),$(C(F)(F)(F)),$(C#N),$(N(=O)(=O)),$([N+](=O)[O-]),$(C(=O)O),$(C(=O)N)])1",phenolate bis ewg
NC(COP(O)(O)=O)C(O)=O,phos serine warhead
NC(C(C)OP(O)(O)=O)C(O)=O,phos threonine warhead
NC(Cc1ccc(OP(O)(O)=O)cc1)C(O)=O,phos tyrosine warhead
"[c,C]-[P;v3]",phosphite
[#15;+]~[!O],phosphonium
C=P,phosphorane
"[#15]~[N,n]",phosphorous nitrogen bond
P~P,phosphorus phosphorus bond
P~S,phosphorus sulfur bond
C=[C;!R][C;!R]=[C;!R][C;!R]=[C;!R],polyene
"c1c([O;D1])c(-[Cl,Br,I])c(-[Cl,Br,I])cc1.c1c([O;D1])c(-[Cl,Br,I])c(-[Cl,Br,I])cc1",polyhalo phenol a
"c1c([O;D1])c(-[Cl,Br,I])cc(-[Cl,Br,I])c1.c1c([O;D1])c(-[Cl,Br,I])cc(-[Cl,Br,I])c1",polyhalo phenol b
"c1c([O;D1])ccc(-[Cl,Br,I])c(-[Cl,Br,I])1.c1c([O;D1])ccc(-[Cl,Br,I])c(-[Cl,Br,I])1",polyhalo phenol c
"c(-[Cl,Br,I])1c([O;D1])c(-[Cl,Br,I])ccc1.c(-[Cl,Br,I])1c([O;D1])c(-[Cl,Br,I])ccc1",polyhalo phenol d
"c1c([O;D1])ccc(-[Cl,Br,I])c(-[Cl,Br,I])1.c1c([O;D1])ccc(-[Cl,Br,I])c(-[Cl,Br,I])1",polyhalo phenol e
[S;D2]-[S;D2]-[S;D2],polysulfide
"[#6;r16,r17,r18]~[#6]1~[#6]~[#6]~[#6](~[#6])~[#7]1",porphyrin
"[CH2][Cl,Br,I,$(O(S(=O)(=O)[!$(N);!$([O&D1])]))]",primary halide sulfate
"[N,n;R;+]!@[N,n]",quat n n
"[N,n;+]!@C(=O)",quat n acyl
"[#6;!$([#6](-[N,O,S]))]1=[#6;!$([#6](-[N,O,S]))][#6](=[#6])[#6;!$([#6](-[N,O,S]))]=[#6;!$([#6](-[N,O,S]))][#6]1(=[O,N,S])",quinone methide
C(=C)1SC(=S)NC(=O)1,rhodanine
"[CH;!$(C=C)][Cl,Br,I,$(O(S(=O)(=O)[!$(N);!$([O&D1])]))]",secondary halide sulfate
[S;D2](-[N;!$(N(=C));!$(N(-S(=O)(=O)));!$(N(-C(=O)))]),sulf d2 nitrogen
[S;D2][O;D2],sulf d2 oxygen d2
"[S;D3](-N)(-[c,C])(-[c,C])",sulf d3 nitrogen
"[C,c]OS(=O)O[C,c]",sulfite sulfate ester
[S+;X3;$(S-C);!$(S-[O;D1])],sulfonium
"[$(C(=O)),$(S(=O)(=O))][O,S](S(=O)(=O))",sulfonyl anhydride
"S(=O)(=O)[F,Cl,Br,I]",sulfonyl halide
"[!#6;!#1;!#11;!#19]O(S(=O)(=O)(-[C,c]))",sulfonyl heteroatom
S(=O)(=O)C#N,sulphonyl cyanide
"[C;X4](-[Cl,Br,I,$(O(S(=O)(=O)[!$(N);!$([O&D1])]))])(-[c,C])(-[c,C])(-[c,C])",tertiary halide sulfate
"[S;D2]([$(N(=C)),$(N(-S(=O)(=O))),$(N(-C(=O)))])",thio hydroxamate
[S;!R]-[C;!R](=[S;!R])(-[S;!R]),thio xanthate
"SC(=O)[O,S]",thiocarbonate
"[S;!R;H0]C(=[S,O;!R])([!O;!S;!N])",thioester
NC(C[S;D1])C(O)=O,thiol warhead
"c1[S,s;+]cccc1",thiopyrylium
"[C,c][S;X3](~O)-S",thiosulfoxide
"[$(N(-C(=O))(-C(=O))(-C(=O))),$(n([#6](=O))([#6](=O))([#6](=O)))]",triamide
P(=O)(a)(a)(a),triaryl phosphine oxide
[$(C(=O));!$(C-N);!$(C-O);!$(C-S)]C(Cl)(Cl)(Cl),trichloromethyl ketone
OS(=O)(=O)(C(F)(F)(F)),triflate
C(F)(F)(F)C(=O)O,trifluoroacetate ester
C(F)(F)(F)C(=O)S,trifluoroacetate thioester
[$(C(=O));!$(C-N);!$(C-O);!$(C-S)]C(F)(F)(F),trifluoromethyl ketone
"C(-[Cl,Br,I])(-[Cl,Br,I])=C(-[Cl,Br,I])(-[N,O,S])",trihalovinyl heteroatom
"[$(a1aaa([$(N(=O)(=O)),$([N+](=O)[O-])])a([$(N(=O)(=O)),$([N+](=O)[O-])])a1([$(N(=O)(=O)),$([N+](=O)[O-])])),$(a1aa([$(N(=O)(=O)),$([N+](=O)[O-])])a([$(N(=O)(=O)),$([N+](=O)[O-])])aa1([$(N(=O)(=O)),$([N+](=O)[O-])])),$(a1a([$(N(=O)(=O)),$([N+](=O)[O-])])aa([$(N(=O)(=O)),$([N+](=O)[O-])])aa1([$(N(=O)(=O)),$([N+](=O)[O-])]))]",trinitro aromatic
"C([$([N+](=O)[O-]),$(N(=O)=O)])([$([N+](=O)[O-]),$(N(=O)=O)])([$([N+](=O)[O-]),$(N(=O)=O)])",trinitromethane derivative
"[$(O=[C,S]Oc1a([$(S(=O)(=O)),F,$(C(F)(F)(F)),$(C#N),$(N(=O)(=O)),$([N+](=O)[O-]),$(C(=O)O),$(C(=O)N)])a([$(S(=O)(=O)),F,$(C(F)(F)(F)),$(C#N),$(N(=O)(=O)),$([N+](=O)[O-]),$(C(=O)O),$(C(=O)N)])a([$(S(=O)(=O)),F,$(C(F)(F)(F)),$(C#N),$(N(=O)(=O)),$([N+](=O)[O-]),$(C(=O)O),$(C(=O)N)])aa1),$(O=[C,S]Oc1a([$(S(=O)(=O)),F,$(C(F)(F)(F)),$(C#N),$(N(=O)(=O)),$([N+](=O)[O-]),$(C(=O)O),$(C(=O)N)])a([$(S(=O)(=O)),F,$(C(F)(F)(F)),$(C#N),$(N(=O)(=O)),$([N+](=O)[O-]),$(C(=O)O),$(C(=O)N)])aaa([$(S(=O)(=O)),F,$(C(F)(F)(F)),$(C#N),$(N(=O)(=O)),$([N+](=O)[O-]),$(C(=O)O),$(C(=O)N)])1),$(O=[C,S]Oc1a([$(S(=O)(=O)),F,$(C(F)(F)(F)),$(C#N),$(N(=O)(=O)),$([N+](=O)[O-]),$(C(=O)O),$(C(=O)N)])aa([$(S(=O)(=O)),F,$(C(F)(F)(F)),$(C#N),$(N(=O)(=O)),$([N+](=O)[O-]),$(C(=O)O),$(C(=O)N)])a([$(S(=O)(=O)),F,$(C(F)(F)(F)),$(C#N),$(N(=O)(=O)),$([N+](=O)[O-]),$(C(=O)O),$(C(=O)N)])a1),$(O=[C,S]Oc1a([$(S(=O)(=O)),F,$(C(F)(F)(F)),$(C#N),$(N(=O)(=O)),$([N+](=O)[O-]),$(C(=O)O),$(C(=O)N)])aa([$(S(=O)(=O)),F,$(C(F)(F)(F)),$(C#N),$(N(=O)(=O)),$([N+](=O)[O-]),$(C(=O)O),$(C(=O)N)])aa([$(S(=O)(=O)),F,$(C(F)(F)(F)),$(C#N),$(N(=O)(=O)),$([N+](=O)[O-]),$(C(=O)O),$(C(=O)N)])1)]",tris activated aryl ester
"[CH;!R;!$(C-N)]=C([$(S(=O)(=O)),$(C(F)(F)(F)),$(C#N),$(N(=O)(=O)),$([N+](=O)[O-]),$(C(=O))])([$(S(=O)(=O)),$(C(F)(F)(F)),$(C#N),$(N(=O)(=O)),$([N+](=O)[O-]),$(C(=O))])",trisub bis act olefin
"[C;!R]([$(S(=O)(=O)),$(C(F)(F)(F)),$(C#N),$(N(=O)(=O)),$([N+](=O)[O-]),$(C=O)])([$(S(=O)(=O)),$(C(F)(F)(F)),$(C#N),$(N(=O)(=O)),$([N+](=O)[O-]),$(C=O)])=[C;!R]([C;!R](=O))([!$([#8]);!$([#7])])",vinyl carbonyl ewg
[#6]-1(-[#6](~[!#6&!#1]~[#6]-[!#6&!#1]-[#6]-1=[!#6&!#1])~[!#6&!#1])=[#6;!R]-[#1],ene six het a
c:1:c:c(:c(:c:c:1)-[#6]=[#7]-[#7])-[#8]-[#1],hzone phenol a
"[#6](-[#1])(-[#1])-[#7](-[#6](-[#1])-[#1])-c:1:c:c(:c(:[c;!H0,$(c-[#6](-[#1])-[#1]),$(c-[#8]-[#6](-[#1])(-[#1])-[#6](-[#1])-[#1])](:c:1))-[#7])-[#1]",anil di alk a
"[n;!H0,$(n-[#6;!H0;!H1])]:1(c(c(c:2:c:1:c:c:c:c:2-[#1])-[#6;X4]-[#1])-[$([#6](-[#1])-[#1]),$([#6]=,:[!#6&!#1]),$([#6](-[#1])-[#7]),$([#6](-[#1])(-[#6](-[#1])-[#1])-[#6](-[#1])(-[#1])-[#7](-[#1])-[#6](-[#1])-[#1])])",indol 3yl alk
"[!#6&!#1]=[#6]1[#6]=,:[#6][#6](=[!#6&!#1])[#6]=,:[#6]1",quinone a
[#7;!R]=[#7],azo a
"[#6]-[#6](=[!#6&!#1;!R])-[#6](=[!#6&!#1;!R])-[$([#6]),$([#16](=[#8])=[#8])]",imine one a
[#7]-[#6;X4]-c:1:c:c:c:c:c:1-[#8]-[#1],mannich a
c:1:c:c(:c:c:c:1-[#7](-[#6;X4])-[#6;X4])-[#6]=[#6],anil di alk b
"c:1:c:c(:c:c:c:1-[#8]-[#6;X4])-[#7;$([#7!H0]-[#6;X4]),$([#7](-[#6;X4])-[#6;X4])]",anil di alk c
[#7]-1-[#6](=[#16])-[#16]-[#6](=[#6])-[#6]-1=[#8],ene rhod a
c:1(:c:c:c(:c:c:1)-[#6]=[#7]-[#7])-[#8]-[#1],hzone phenol b
"[#6]-1(=[#6])-[#6]=[#7]-[#7,#8,#16]-[#6]-1=[#8]",ene five heta1
[#6]-1(=[#6])-[#6]=[#7]-[!#6&!#1]-[#6]-1=[#8],ene five het a
"c:1:c:c(:c:c:c:1-[#7](-[#6;X4])-[#6;X4])-[#6;X4]-[$([#8]-[#1]),$([#6]=[#6]-[#1]),$([#7](-[#6X4])-[#6;X4])]",anil di alk d
[#8]=[#6]-2-[#6](=!@[#7]-[#7])-c:1:c:c:c:c:c:1-[#7]-2,imine one isatin
"[#6](-[#1])-[#7](-[#6](-[#1])-[#1])-c:1:c(:c(:c(:[c;!H0,$(c-[#6](-[#1])-[#1])](:c:1-[#1]))-[#6&!H0;!H1,$([#6]-[#6;!H0])])-[#1])-[#1]",anil di alk e
"[#6]-,:1(=,:[#6;!H0,$([#6]-[#6;!H0;!H1]),$([#6]-[#6]=[#8])]-,:[#16]-,:[#6](-,:[#7;!H0,$([#7]-[#6;!H0]),$([#7]-[#6]:[#6])]-,:1)=[#7;!R])-[$([#6](-[#1])-[#1]),$([#6]:[#6])]",thiaz ene a
n2(-[#6]:1:[!#1]:[#6]:[#6]:[#6]:[#6]:1)c(cc(c2-[#6;X4])-[#1])-[#6;X4],pyrrole a
c:1:c:c(:c(:c:c:1)-[#8]-[#1])-[#8]-[#1],catechol a
[#6]-1(=[#6])-[#6](-[#7]=[#6]-[#16]-1)=[#8],ene five het b
[#6]-1=[!#1]-[!#6&!#1]-[#6](-[#6]-1=[!#6&!#1;!R])=[#8],imine one fives
[#6]-1(-[#6](-[#6]=[#6]-[!#6&!#1]-1)=[#6])=[!#6&!#1],ene five het c
[#6]-[#7]-1-[#6](-[#1])(-[#1])-[#6](-[#1])(-[#1])-[#7](-[#6](-[#1])(-[#1])-[#6]-1(-[#1])-[#1])-[#7]=[#6](-[#1])-[#6]:[!#1],hzone pipzn
c:1-2:c(:c:c:c:c:1)-[#6](=[#8])-[#6;X4]-[#6]-2=[#8],keto keto beta a
n1(-[#6])c(c(-[#1])c(c1-[#6]=[#7]-[#7])-[#1])-[#1],hzone pyrrol
[#6]=!@[#6](-[!#1])-@[#6](=!@[!#6&!#1])-@[#6](=!@[#6])-[!#1],ene one ene a
[#6](-[#6]#[#7])(-[#6]#[#7])-[#6](-[#7](-[#1])-[#1])=[#6]-[#6]#[#7],cyano ene amine a
c:1-2:c(:c:c:c:c:1)-[#6](=[#8])-[#6](=[#6])-[#6]-2=[#8],ene five one a
"[#6]-,:1(=,:[!#1]-,:[!#1]=,:[!#1]-,:[#7](-,:[#6]-,:1=[#16])-[#1])-[#6]#[#7]",cyano pyridone a
c:1:c:c-2:c(:c:c:1)-[#6]-3-[#6](-[#6]-[#7]-2)-[#6]-[#6]=[#6]-3,anil alk ene
c:1:c:2:c(:c:c:c:1):n:c:3:c(:c:2-[#7]):c:c:c:c:3,amino acridine a
[#6]-1(=[#6])-[#6](=[#8])-[#7]-[#7]-[#6]-1=[#8],ene five het d
[#7](-[#1])(-[#1])-c:1:c(:c(:c(:s:1)-[!#1])-[!#1])-[#6]=[#8],thiophene amino aa
[#7]-[#6]=!@[#6]-2-[#6](=[#8])-c:1:c:c:c:c:c:1-[!#6&!#1]-2,ene five het e
"c:1(:c(:c(:c(:c(:c:1-[#8]-[#1])-[F,Cl,Br,I])-[#1])-[F,Cl,Br,I])-[#1])-[#16](=[#8])(=[#8])-[#7]",sulfonamide a
[#6]-[#6](=[#16])-[#6],thio ketone
c:1:c:c(:c:c:c:1-[#8]-[#1])-[#7](-[#1])-[#16](=[#8])=[#8],sulfonamide b
"c:1(:c(:c(:c(:c(:c:1-[#1])-[#1])-[$([#8]),$([#7]),$([#6](-[#1])-[#1])])-[#1])-[#1])-[#7](-[#1])-[#1]",anil no alk
"[c;!H0,$(c-[#6](-[#1])-[#1]),$(c-[#6]:[#6])]:1:c(:c(:c(:s:1)-[#7](-[#1])-[#6](=[#8])-[#6])-[#6](=[#8])-[#8])-[$([#6]:1:[#6]:[#6]:[#6]:[#6]:[#6]:1),$([#6]:1:[#16]:[#6]:[#6]:[#6]:1)]",thiophene amino ab
"[#7+]:1(:[#6]:[#6]:[!#1]:c:2:c:1:c(:[c;!H0,$(c-[#7])]:c:c:2)-[#1])-[$([#6](-[#1])(-[#1])-[#1]),$([#8;X1]),$([#6](-[#1])(-[#1])-[#6](-[#1])=[#6](-[#1])-[#1]),$([#6](-[#1])(-[#1])-[#6](-[#1])(-[#1])-[#8]-[#1]),$([#6](-[#1])(-[#1])-[#6](=[#8])-[#6]),$([#6](-[#1])(-[#1])-[#6](=[#8])-[#7](-[#1])-[#6]:[#6]),$([#6](-[#1])(-[#1])-[#6](-[#1])(-[#1])-[#1])]",het pyridiniums a
"c:1:c:c:c:c(:c:1-[#7&!H0;!H1,!$([#7]-[#6]=[#8])])-[#6](-[#6]:[#6])=[#8]",anthranil one a
[#7](-[#1])-[#7]=[#6](-[#6]#[#7])-[#6]=[!#6&!#1;!R],cyano imine a
"[#7](-c:1:c:c:c:c:c:1)-[#16](=[#8])(=[#8])-[#6]:2:[#6]:[#6]:[#6]:[#6]:3:[#7]:[$([#8]),$([#16])]:[#7]:[#6]:2:3",diazox sulfon a
"[#6](-[#1])(-[#1])-[#7](-[#6](-[#1])-[#1])-c:1:c(:c(:c(:c(:c:1-[#1])-[#1])-[#6](-[#1])=[#7]-[#7]-[$([#6](=[#8])-[#6](-[#1])(-[#1])-[#16]-[#6]:[#7]),$([#6](=[#8])-[#6](-[#1])(-[#1])-[!#1]:[!#1]:[#7]),$([#6](=[#8])-[#6]:[#6]-[#8]-[#1]),$([#6]:[#7]),$([#6](-[#1])(-[#1])-[#6](-[#1])-[#8]-[#1])])-[#1])-[#1]",hzone anil di alk
[#7]-1-[#6](=[#16])-[#16]-[#6;X4]-[#6]-1=[#8],rhod sat a
"[#7](-[#1])-[#7]=[#6]-[#6;!H0,$(*(-[#6])-[#6])]=[#6](-[#6])-!@[$([#7]),$([#8]-[#1])]",hzone enamin
n2(-[#6]:1:[!#1]:[#6]:[#6]:[#6]:[#6]:1)c(cc(c2-[#6]:[#6])-[#1])-[#6;X4],pyrrole b
s1ccc(c1)-[#8]-[#1],thiophene hydroxy
"[#6]-,:1(=,:[#6](-,:[#6](=[#8])-,:[#7]-,:[#6](=,:[#7]-,:1)-,:[!#6&!#1])-[#6]#[#7])-[#6]",cyano pyridone b
[#6]-1(-[#6](=[#8])-[#7]-[#6](=[#8])-[#7]-[#6]-1=[#8])=[#7],imine one sixes
"c:2:c:1:c:c:c:c-,:3:c:1:c(:c:c:2)-,:[#7]-,:[#6]=,:[#7]-,:3",naphth amino a
c:2:c:1:c:c:c:c-3:c:1:c(:c:c:2)-[#7](-[#6;X4]-[#7]-3-[#1])-[#1],naphth amino b
[#6]-[#6](=[#8])-[#6](-[#1])=[#6](-[#7](-[#1])-[#6])-[#6](=[#8])-[#8]-[#6],ene one ester
"[#16]=[#6]-1-[#6]=,:[#6]-[!#6&!#1]-[#6]=,:[#6]-1",thio dibenzo
"[#6](-[#6]#[#7])(-[#6]#[#7])-[#6](-[$([#6]#[#7]),$([#6]=[#7])])-[#6]#[#7]",cyano cyano a
c:1:2:c(:c(:c(:c(:c:1:c(:c(:c(:c:2-[#1])-[#8]-[#1])-[#6](=[#8])-[#7](-[#1])-[#7]=[#6])-[#1])-[#1])-[#1])-[#1])-[#1],hzone acyl naphthol
[#8]=[#6]-c2c1nc(-[#6](-[#1])-[#1])cc(-[#8]-[#1])n1nc2,het 65 a
n:1:c(:n(:c(:c:1-c:2:c:c:c:c:c:2)-c:3:c:c:c:c:c:3)-[#1])-[#6]:[!#1],imidazole a
[#6](-[#6]#[#7])(-[#6]#[#7])=[#6]-c:1:c:c:c:c:c:1,ene cyano a
c:1(:c:c:c:c:c:1-[#7](-[#1])-[#7]=[#6])-[#6](=[#8])-[#8]-[#1],anthranil acid a
[#7](-[#1])(-[#1])-[#6]-1=[#6](-[#6]#[#7])-[#6](-[#1])(-[#6]:[#6])-[#6](=[#6](-[#7](-[#1])-[#1])-[#16]-1)-[#6]#[#7],dhp bis amino cn
"[#7]~[#6]:1:[#7]:[#7]:[#6](:[$([#7]),$([#6]-[#1]),$([#6]-[#7]-[#1])]:[$([#7]),$([#6]-[#7])]:1)-[$([#7]-[#1]),$([#8]-[#6](-[#1])-[#1])]",het 6 tetrazine
"[#6]-[#6]=[#6](-[F,Cl,Br,I])-[#6](=[#8])-[#6]",ene one hal
[#6](-[#6]#[#7])(-[#6]#[#7])=[#7]-[#7](-[#1])-c:1:c:c:c:c:c:1,cyano imine b
"[#6]-,:1(=,:[#6](-!@[#6](=[#8])-[#7]-[#6](-[#1])-[#1])-,:[#16]-,:[#6](-,:[#7]-,:1-,:[$([#6](-[#1])(-[#1])-[#6](-[#1])=[#6](-[#1])-[#1]),$([#6]:[#6])])=[#16])-,:[$([#7]-[#6](=[#8])-[#6]:[#6]),$([#7](-[#1])-[#1])]",thiaz ene b
"[#16]-1-[#6](=[#8])-[#7]-[#6](=[#8])-[#6]-1=[#6](-[#1])-[$([#6]-[#35]),$([#6]:[#6](-[#1]):[#6](-[F,Cl,Br,I]):[#6]:[#6]-[F,Cl,Br,I]),$([#6]:[#6](-[#1]):[#6](-[#1]):[#6]-[#16]-[#6](-[#1])-[#1]),$([#6]:[#6]:[#6]:[#6]:[#6]:[#6]:[#6]:[#6]:[#6]:[#6]-[#8]-[#6](-[#1])-[#1]),$([#6]:1:[#6](-[#6](-[#1])-[#1]):[#7](-[#6](-[#1])-[#1]):[#6](-[#6](-[#1])-[#1]):[#6]:1)]",ene rhod b
"[#8]-,:1-,:[#6](-,:[#16]-,:c:2:c-,:1:c:c:c(:c:2)-,:[$([#7]),$([#8])])=[$([#8]),$([#16])]",thio carbonate a
[#7](-[#6](-[#1])-[#1])(-[#6](-[#1])-[#1])-c:1:c(:c(:c(:o:1)-[#6]=[#7]-[#7](-[#1])-[#6]=[!#6&!#1])-[#1])-[#1],anil di alk furan a
c:1(:c:c:c:c:c:1)-[#6](-[#1])=!@[#6]-3-[#6](=[#8])-c:2:c:c:c:c:c:2-[#16]-3,ene five het f
"c:1:c:c(:c:c:c:1-[#6;X4]-c:2:c:c:c(:c:c:2)-[#7&H2,$([#7;!H0]-[#6;X4]),$([#7](-[#6X4])-[#6X4])])-[#7&H2,$([#7;!H0]-[#6;X4]),$([#7](-[#6X4])-[#6X4])]",anil di alk f
c:1(:c(:c(:c(:c(:c:1-[#1])-[#1])-[#7](-[#1])-[#1])-[#1])-[#1])-[#6]=[#7]-[#7]-[#1],hzone anil
"c1(nn(c([c;!H0,$(c-[#6;!H0])]1)-[#8]-[#1])-c:2:c(:c(:c(:c(:c:2-[#1])-[#1])-[#1])-[#1])-[#1])-[#6;X4]",het 5 pyrazole oh
"c:2(:c:1-[#16]-c:3:c(-[#7;!H0,$([#7]-[CH3]),$([#7]-[#6;!H0;!H1]-[#6;!H0])](-c:1:c(:c(:c:2-[#1])-[#1])-[#1])):[c;!H0,$(c~[#7](-[#1])-[#6;X4]),$(c(cc)(cc)~[#6]:[#6])](:[c;!H0,$(c(cc)(cc)~[#6]:[#6])]:[c;!H0,$(c-[#7](-[#1])-[#1]),$(c-[#8]-[#6;X4])]:c:3-[#1]))-[#1]",het thio 666 a
[#6]-2-[#6]-c:1:c(:c:c:c:c:1)-[#6](-c:3:c:c:c:c:c-2:3)=[#6]-[#6],styrene a
"[#16]-1-[#6](=[#7]-[#6]:[#6])-[#7;!H0,$([#7]-[#6](-[#1])(-[#1])-[#6](-[#1])(-[#1])-[#8]),$([#7]-[#6]:[#6])]-[#6](=[#8])-[#6]-1=[#6](-[#1])-[$([#6]:[#6]:[#6]-[#17]),$([#6]:[!#6&!#1])]",ene rhod c
[#7](-[#1])(-[#1])-[#6]-1=[#6](-[#6]#[#7])-[#6](-[#1])(-[#6]:[#6])-[#6](=[#6](-[#6]=[#6])-[#8]-1)-[#6](-[#1])-[#1],dhp amino cn a
[#8]=[#16](=[#8])-[#6](-[#6]#[#7])=[#7]-[#7]-[#1],cyano imine c
c:1:c:c:c:c:c:1-[#7](-[#1])-[#6](=[#16])-[#7](-[#1])-[#6](-[#1])(-[#1])-[#6](-[#1])(-[#1])-[#6](-[#1])(-[#1])-[#7](-[#6](-[#1])-[#1])-c:2:c:c:c:c:c:2,thio urea a
"c:1:c(:c:c:c:c:1)-[#7](-[#1])-c:2:c(:c(:c(:s:2)-[$([#6]=[#8]),$([#6]#[#7]),$([#6](-[#8]-[#1])=[#6])])-[#7])-[$([#6]#[#7]),$([#6](:[#7]):[#7])]",thiophene amino b
[#6;X4]-1-[#6](=[#8])-[#7]-[#7]-[#6]-1=[#8],keto keto beta b
c:1:c-3:c(:c:c:c:1)-[#6]:2:[#7]:[!#1]:[#6]:[#6]:[#6]:2-[#6]-3=[#8],keto phenone a
[#6]-1(-[#6](=[#6](-[#6]#[#7])-[#6](~[#8])~[#7]~[#6]-1~[#8])-[#6](-[#1])-[#1])=[#6](-[#1])-[#6]:[#6],cyano pyridone c
"[#6]-,:1(=,:[#6](-!@[#6]=[#7])-,:[#16]-,:[#6](-,:[#7]-,:1)=[#8])-[$([F,Cl,Br,I]),$([#7+](:[#6]):[#6])]",thiaz ene c
"c:1:2:c(:c(:c(:c(:c:1-[#1])-[#1])-[#1])-[#1]):[!#6&!#1]:[#6;!H0,$([#6]-[OH]),$([#6]-[#6;H2,H3])](:[#6]:2-[#6](-[#1])=[#7]-[#7](-[#1])-[$([#6]:1:[#7]:[#6]:[#6](-[#1]):[#16]:1),$([#6]:[#6](-[#1]):[#6]-[#1]),$([#6]:[#7]:[#6]:[#7]:[#6]:[#7]),$([#6]:[#7]:[#7]:[#7]:[#7])])",hzone thiophene a
"[!#1]:[!#1]-[#6;!H0,$([#6]-[#6]#[#7])]=[#6]-1-[#6]=,:[#6]-[#6](=[$([#8]),$([#7;!R])])-[#6]=,:[#6]-1",ene quin methide
"c:1:c:c-2:c(:c:c:1)-[#6]-[#6](-c:3:c(-[#16]-2):c(:c(-[#1]):[c;!H0,$(c-[#8]),$(c-[#16;X2]),$(c-[#6;X4]),$(c-[#7;H2,H3,$([#7!H0]-[#6;X4]),$([#7](-[#6;X4])-[#6;X4])])](:c:3-[#1]))-[#1])-[#7;H2,H3,$([#7;!H0](-[#6])-[#6;X4]),$([#7](-[#6])(-[#6;X4])-[#6;X4])]",het thio 676 a
"[#6]-1(=[#8])-[#6](=[#6](-[#1])-[$([#6]:1:[#6]:[#6]:[#6]:[#6]:[#6]:1),$([#6]:1:[#6]:[#6]:[#6]:[!#6&!#1]:1)])-[#7]=[#6](-[!#1]:[!#1]:[!#1])-[$([#16]),$([#7]-[!#1]:[!#1])]-1",ene five het g
[#7+](:[!#1]:[!#1]:[!#1])-[!#1]=[#8],acyl het a
"[#6;X4]-[#7](-[#6;X4])-c:1:c(:c(:c(:c(:c:1-[#1])-[#1])-[#6]2=,:[#7][#6]:[#6]:[!#1]2)-[#1])-[#1]",anil di alk g
"[#7;!H0,$([#7]-[#6;X4])]-1-[#6]=,:[#6](-[#6](=[#8])-[#6]:[#6]:[#6])-[#6](-[#6])-[#6](=[#6]-1-[#6](-[#1])(-[#1])-[#1])-[$([#6]=[#8]),$([#6]#[#7])]",dhp keto a
c:1:c:c:c:c:c:1-[#7](-[#1])-[#6](=[#16])-[#7](-[#1])-[#6](-[#1])(-[#1])-[#6](-[#1])(-[#1])-[#7](-[#6](-[#1])-[#1])-c:2:c:c:c:c:c:2,thio urea b
c:1:3:c(:c(:c(:c(:c:1-[#1])-[#1])-[#7](-[#1])-[#6](-[#1])(-[#1])-c:2:c:c:c:c:c:2)-[#1]):n:c(-[#1]):n:3-[#6],anil alk bim
c:1:c:c-2:c(:c:c:1)-[#7]=[#6]-[#6]-2=[#7;!R],imine imine a
"c:1(:c:c:c:c:c:1)-[#7](-[#1])-[#6](=[#16])-[#7]-[#7](-[#1])-[#6](=[#8])-[#6]-,:2:[!#1]:[!#6&!#1]:[#6]:[#6]-,:2",thio urea c
[#7;!R]=[#6]-2-[#6](=[#8])-c:1:c:c:c:c:c:1-[#16]-2,imine one fives b
"[$([#7](-[#1])-[#1]),$([#8]-[#1])]-[#6]-2=[#6](-[#6]#[#7])-[#6](-[#1])(-[#6]:[#6])-c:1:c(:n(-[#6]):n:c:1)-[#8]-2",dhp amino cn b
[#7](-[#1])(-[#1])-c:1:c(:c(:c(:n:c:1-[#1])-[#8]-c:2:c:c:c:c:c:2)-[#1])-[#1],anil oc no alk a
[#6](=[#8])-[#6]-1=[#6]-[#7]-c:2:c(-[#16]-1):c:c:c:c:2,het thio 66 one
"c:1:c:c-2:c(:c:c:1)-[#6](-c:3:c(-[$([#16;X2]),$([#6;X4])]-2):c:c:[c;!H0,$(c-[#17]),$(c-[#6;X4])](:c:3))=[#6]-[#6]",styrene b
[#6](-[#1])(-[#1])-[#16;X2]-c:1:n:c(:c(:n:1-!@[#6](-[#1])-[#1])-c:2:c:c:c:c:c:2)-[#1],het thio 5 a
[#6](-[#1])(-[#1])-[#7](-[#6](-[#1])-[#1])-[#6]-2=[#6](-[#1])-c:1:c(:c:c:c:c:1)-[#16;X2]-c:3:c-2:c:c:c:c:3,anil di alk ene a
"[#16]-1-[#6](=!@[#7;!H0,$([#7]-[#7](-[#1])-[#6]:[#6])])-[#7;!H0,$([#7]-[#6]:[#7]:[#6]:[#6]:[#16])]-[#6](=[#8])-[#6]-1=[#6](-[#1])-[#6]:[#6]-[$([#17]),$([#8]-[#6]-[#1])]",ene rhod d
[#16]-1-[#6](=[#8])-[#7]-[#6](=[#16])-[#6]-1=[#6](-[#1])-[#6]:[#6],ene rhod e
c:1:c(:c:c:c:c:1)-[#6](-[#1])(-[#1])-[#7](-[#1])-c:2:c(:c(:c(:c(:c:2-[#1])-[#1])-[#8]-[#1])-[#1])-[#1],anil oh alk a
n1(-[#6;X4])c(c(-[#1])c(c1-[#6]:[#6])-[#1])-[#6](-[#1])-[#1],pyrrole c
c:1(:c:c:c:c:c:1)-[#7](-[#1])-[#6](=[#16])-[#7]-[#7](-[#1])-c:2:c:c:c:c:c:2,thio urea d
[#7](-c:1:c:c:c:c:c:1)-c2[n+]c(cs2)-c:3:c:c:c:c:c:3,thiaz ene d
n:1:c:c:c(:c:1-[#6](-[#1])-[#1])-[#6](-[#1])=[#6]-2-[#6](=[#8])-[#7]-[#6](=[!#6&!#1])-[#7]-2,ene rhod f
"[#6]-,:1(=,:[#6](-[#6](-[#1])(-[#6])-[#6])-,:[#16]-,:[#6](-,:[#7;!H0,$([#7]-[#6;!H0;!H1])]-,:1)=[#8])-[#16]-[#6;R]",thiaz ene e
"[!#1]:,-1:[!#1]-,:2:[!#1](:[!#1]:[!#1]:[!#1]:,-1)-,:[#7](-[#1])-,:[#7](-,:[#6]-,:2=[#8])-[#6]",het 65 b
c:1:c:c-2:c(:c:c:1)-[#6](=[#6](-[#6]-2=[#8])-[#6])-[#8]-[#1],keto keto beta c
c:2:c:c:1:n:n:c(:n:c:1:c:c:2)-[#6](-[#1])(-[#1])-[#6]=[#8],het 66 a
c:1:c:c:c:c:c:1-[#7](-[#1])-[#6](=[#16])-[#7](-[#1])-[#6](-[#1])(-[#1])-c:2:n:c:c:c:c:2,thio urea e
"[#6](-[#1])-[#6](-[#1])(-[#1])-c:1:c(:c(:c(:s:1)-[#7](-[#1])-[#6](=[#8])-[#6]-[#6]-[#6]=[#8])-[$([#6](=[#8])-[#8]),$([#6]#[#7])])-[#6](-[#1])-[#1]",thiophene amino c
"[#6](-c:1:c(:c(:[c;!H0,$(c-[#6;X4])]:c:c:1-[#1])-[#1])-[#1])(-c:2:c(:c(:[c;!H0,$(c-[#17])](:c(:c:2-[#1])-[#1]))-[#1])-[#1])=[$([#7]-[#8]-[#6](-[#1])(-[#1])-[#6](-[#1])(-[#1])-[#6](-[#1])(-[#1])-[#7](-[#6](-[#1])-[#1])-[#6](-[#1])-[#1]),$([#7]-[#8]-[#6](-[#1])(-[#1])-[#6](-[#1])(-[#1])-[#7](-[#6](-[#1])-[#1])-[#6](-[#1])-[#1]),$([#7]-[#7](-[#1])-[#6](=[#7]-[#1])-[#7](-[#1])-[#1]),$([#6](-[#1])-[#7])]",hzone phenone
[#8](-[#1])-[#6](=[#8])-c:1:c:c(:c:c:c:1)-[#6]:[!#1]:[#6]-[#6](-[#1])=[#6]-2-[#6](=[!#6&!#1])-[#7]-[#6](=[!#6&!#1])-[!#6&!#1]-2,ene rhod g
[#6]-1(=[#6]-[#6](-c:2:c:c(:c(:n:c-1:2)-[#7](-[#1])-[#1])-[#6]#[#7])=[#6])-[#6]#[#7],ene cyano b
[#7](-[#1])(-[#1])-[#6]-1=[#6](-[#6]#[#7])-[#6](-[#1])(-[#6]:[#6])-[#6](=[#6](-[#6]:[#6])-[#8]-1)-[#6]#[#7],dhp amino cn c
[#7]-2(-c:1:c:c:c:c:c:1)-[#7]=[#6](-[#6]=[#8])-[#6;X4]-[#6]-2=[#8],het 5 a
[#7]-1=[#6]-[#6](-[#6](-[#7]-1)=[#16])=[#6],ene five het h
c1(coc(c1-[#1])-[#6](=[#16])-[#7]-2-[#6](-[#1])(-[#1])-[#6](-[#1])(-[#1])-[!#1]-[#6](-[#1])(-[#1])-[#6]-2(-[#1])-[#1])-[#1],thio amide a
[#6]=[#6](-[#6]#[#7])-[#6](=[#7]-[#1])-[#7]-[#7],ene cyano c
"c:1(:c(:c(:[c;!H0,$(c-[#6;!H0;!H1])](:o:1))-[#1])-[#1])-[#6;!H0,$([#6]-[#6;!H0;!H1])]=[#7]-[#7](-[#1])-c:2:n:c:c:s:2",hzone furan a
c:1(:c(:c(:c(:c(:c:1-[#7](-[#1])-[#16](=[#8])(=[#8])-[#6]:2:[#6]:[!#1]:[#6]:[#6]:[#6]:2)-[#1])-[#7](-[#6](-[#1])-[#1])-[#6](-[#1])-[#1])-[#1])-[#1])-[#1],anil di alk h
"n2c1ccccn1c(c2-[$([#6](-[!#1])=[#6](-[#1])-[#6]:[#6]),$([#6]:[#8]:[#6])])-[#7]-[#6]:[#6]",het 65 c
[#6]-1-[#7](-[#1])-[#7](-[#1])-[#6](=[#16])-[#7]-[#7]-1-[#1],thio urea f
c:1(:c:c:c:o:1)-[#6](-[#1])=!@[#6]-3-[#6](=[#8])-c:2:c:c:c:c:c:2-[!#6&!#1]-3,ene five het i
[#8]=[#6]-1-[#6;X4]-[#6]-[#6](=[#8])-c:2:c:c:c:c:c-1:2,keto keto gamma
c:1:c:c-2:c(:c:c:1)-[#6](-c3cccc4noc-2c34)=[#8],quinone b
[#8](-[#1])-c:1:n:c(:c:c:c:1)-[#8]-[#1],het 6 pyridone oh
"c:1:2:c(:c(:c(:c(:c:1:c(:c(:c(:c:2-[#1])-[#1])-[#6]=[#7]-[#7](-[#1])-[$([#6]:[#6]),$([#6]=[#16])])-[#1])-[#1])-[#1])-[#1])-[#1]",hzone naphth a
"[#6]-,:1=,:[#6](-,:[#16]-,:[#6](-,:[#6]=,:[#6]-,:1)=[#16])-,:[#7]",thio ester a
[#6]-1=[#6]-[#6](-[#8]-[#6]-1-[#8])(-[#8])-[#6],ene misc a
"[#8]=[#6]-,:1-,:[#6](=,:[#6]-,:[#6](=,:[#7]-,:[#7]-,:1)-,:[#6]=[#8])-[#6]#[#7]",cyano pyridone d
c3cn1c(nc(c1-[#7]-[#6])-c:2:c:c:c:c:n:2)cc3,het 65 db
[#7]-2-c:1:c:c:c:c:c:1-[#6](=[#7])-c:3:c-2:c:c:c:c:3,het 666 a
c:1:c(:c:c:c:c:1)-[#7]-2-[#6](-[#1])-[#6](-[#1])-[#7](-[#6](-[#1])-[#6]-2-[#1])-[#16](=[#8])(=[#8])-c:3:c:c:c:c:4:n:s:n:c:3:4,diazox sulfon b
"c:1(:c(:c-,:2:c(:c(:c:1-[#1])-[#1])-,:[#7](-,:[#6](-,:[#7]-,:2-[#1])=[#8])-[#1])-[#1])-[#7](-[#1])-[#6](-[#1])-[#1]",anil nh alk a
c:1(:c(:c-3:c(:c(:c:1-[#7](-[#1])-[#16](=[#8])(=[#8])-c:2:c:c:c(:c:c:2)-[!#6&!#1])-[#1])-[#8]-[#6](-[#8]-3)(-[#1])-[#1])-[#1])-[#1],sulfonamide c
[#6](-[#1])-[#6]:2:[#7]:[#7](-c:1:c:c:c:c:c:1):[#16]:3:[!#6&!#1]:[!#1]:[#6]:[#6]:2:3,het thio n 55
[#8]=[#6]-[#6]=[#6](-[#1])-[#8]-[#1],keto keto beta d
"[#7]-,:1-,:2-,:[#6](=,:[#7]-,:[#6](=[#8])-,:[#6](=,:[#7]-,:1)-[#6](-[#1])-[#1])-,:[#16]-,:[#6](=[#6](-[#1])-[#6]:[#6])-,:[#6]-,:2=[#8]",ene rhod h
[#6]:[#6]-[#6](-[#1])=[#6](-[#1])-[#6](-[#1])=[#7]-[#7](-[#6;X4])-[#6;X4],imine ene a
c:1:3:c(:c:c:c:c:1):c:2:n:n:c(-[#16]-[#6](-[#1])(-[#1])-[#6]=[#8]):n:c:2:n:3-[#6](-[#1])(-[#1])-[#6](-[#1])=[#6](-[#1])-[#1],het thio 656a
n1(-[#6])c(c(-[#1])c(c1-[#6](-[#1])(-[#1])-[#7](-[#1])-[#6](=[#16])-[#7]-[#1])-[#1])-[#1],pyrrole d
n2(-[#6]:1:[!#1]:[!#6&!#1]:[!#1]:[#6]:1-[#1])c(c(-[#1])c(c2-[#6;X4])-[#1])-[#6;X4],pyrrole e
c:1(:c:c:c:c:c:1)-[#7](-[#1])-[#6](=[#16])-[#7]-[#7](-[#1])-[#6]([#7;R])[#7;R],thio urea g
"c:1(:c(:c(:c(:c(:[c;!H0,$(c-[#6](-[#1])-[#1])]:1)-[#1])-[#8]-[#6](-[#1])-[#1])-[#6](-[#1])(-[#1])-[$([#7](-[#1])-[#6](=[#8])-[#6](-[#1])(-[#1])-[#6](-[#1])(-[#1])-[#6](-[#1])-[#1]),$([#6](-[#1])(-[#6](-[#1])-[#1])-[#7](-[#1])-[#6](=[#16])-[#7]-[#1])])-[#1])-[#8]-[#6](-[#1])-[#1]",anisol a
n2(-[#6]:1:[#6](-[#6]#[#7]):[#6]:[#6]:[!#6&!#1]:1)c(c(-[#1])c(c2)-[#1])-[#1],pyrrole f
[#7](-[#1])(-[#1])-[#6]-2=[#6](-[#6]#[#7])-[#6](-[#1])(-[#6]:[#6])-c:1:c(:c:c:s:1)-[#8]-2,dhp amino cn d
[#7](-[#1])-c:1:n:c(:c:s:1)-c:2:c:n:c(-[#7](-[#1])-[#1]):s:2,thiazole amine a
"[#7]=[#6]-,:1-,:[#7](-[#1])-,:[#6](=,:[#6](-[#7]-[#1])-,:[#7]=,:[#7]-,:1)-[#7]-[#1]",het 6 imidate a
c:1:c(:c:2:c(:c:c:1):c:c:c:c:2)-[#8]-c:3:c(:c(:c(:c(:c:3-[#1])-[#1])-[#7]-[#1])-[#1])-[#1],anil oc no alk b
c:1:c:c-2:c(:c:c:1)-[#6]-[#16]-c3c(-[#6]-2=[#6])ccs3,styrene c
c:2:c:c:c:1:c(:c:c:c:1):c:c:2,azulene
c:1(:c(:c(:c(:o:1)-[#6](-[#1])-[#1])-[#6](-[#1])(-[#1])-[#8]-[#6]:[#6])-[#1])-[#6](=[#8])-[#8]-[#1],furan acid a
"[!#1]:[#6]-[#6]-,:1=,:[#6](-[#1])-,:[#6](=,:[#6](-[#6]#[#7])-,:[#6](=[#8])-,:[#7]-,:1-[#1])-[#6]:[#8]",cyano pyridone e
[#6]-1-3=[#6](-[#6](-[#7]-c:2:c:c:c:c:c-1:2)(-[#6])-[#6])-[#16]-[#16]-[#6]-3=[!#1],anil alk thio
c:1(:c(:c(:c(:c(:c:1-[#7](-[#1])-[#6](=[#8])-c:2:c:c:c:c:c:2)-[#1])-[#7](-[#6](-[#1])-[#1])-[#6](-[#1])-[#1])-[#1])-[#1])-[#1],anil di alk i
[#6](-[#1])(-[#1])-[#16;X2]-c:1:n:n:c(:c(:n:1)-c:2:c(:c(:c(:o:2)-[#1])-[#1])-[#1])-c:3:c(:c(:c(:o:3)-[#1])-[#1])-[#1],het thio 6 furan
[#6](-[#1])(-[#1])-[#7](-[#6](-[#1])-[#1])-[#6]-2=[#6]-c:1:c(:c:c:c:c:1)-[#6]-2(-[#1])-[#1],anil di alk ene b
"[#7](-[#1])(-c:1:c:c:c:c:c:1)-[#7]=[#6](-[#6](=[#8])-[#6](-[#1])-[#1])-[#7](-[#1])-[$([#7]-[#1]),$([#6]:[#6])]",imine one b
c:1:2:c(:c(:c(:c(:c:1-[#1])-[#1])-[#1])-[#1]):o:c:3:c(-[#1]):c(:c(-[#8]-[#6](-[#1])-[#1]):c(:c:2:3)-[#1])-[#7](-[#1])-[#6](-[#1])-[#1],anil oc alk a
"[#16]=[#6]-,:1-,:[#7](-[#1])-,:[#6]=,:[#6]-,:[#6]-2=,:[#6]-,:1-[#6](=[#8])-[#8]-[#6]-2=[#6]-[#1]",ene five het j
"n2(-c:1:c(:c:c(:c(:c:1)-[#1])-[$([#7](-[#1])-[#1]),$([#6]:[#7])])-[#1])c(c(-[#1])c(c2-[#1])-[#1])-[#1]",pyrrole g
"n1(-[#6])c(c(-[#1])c(c1-[#6](-[#1])=[#6]-2-[#6](=[#8])-[!#6&!#1]-[#6]=,:[!#1]-2)-[#1])-[#1]",ene five het k
[#6]=[#6]-[#6](-[#6]#[#7])(-[#6]#[#7])-[#6](-[#6]#[#7])=[#6]-[#7](-[#1])-[#1],cyano ene amine b
"[#6]:[#6]-[#6](=[#16;X1])-[#16;X2]-[#6](-[#1])-[$([#6](-[#1])-[#1]),$([#6]:[#6])]",thio ester b
[#8]=[#6]-3-[#6](=!@[#6](-[#1])-c:1:c:n:c:c:1)-c:2:c:c:c:c:c:2-[#7]-3,ene five het l
"c:1(:[c;!H0,$(c-[#6;!H0;!H1])](:c(:c(:s:1)-[#1])-[#1]))-[#6](-[#1])=[#7]-[#7](-[#1])-c:2:c:c:c:c:c:2",hzone thiophene b
[#6](-[#1])(-[#1])-[#16;X2]-[#6]-1=[#6](-[#6]#[#7])-[#6](-[#1])(-[#6]:[#6])-[#6](-[#6]#[#7])-[#6](=[#8])-[#7]-1,dhp amino cn e
[#7]-2(-c:1:c:c:c:c:c:1)-[#7]=[#6](-[#7](-[#1])-[#6]=[#8])-[#6](-[#1])(-[#1])-[#6]-2=[#8],het 5 b
[#6]:[#6]-[#6](-[#1])=[#6](-[#1])-[#6](-[#1])=[#7]-[#7]=[#6],imine imine b
c:1(:c:c:c(:c:c:1)-[#6](-[#1])-[#1])-c:2:c(:s:c(:n:2)-[#7](-[#1])-[#1])-[#6](-[#1])(-[#1])-[#1],thiazole amine b
[#6]-2(-[#6]=[#7]-c:1:c:c:c:c:c:1-[#7]-2)=[#6](-[#1])-[#6]=[#8],imine ene one a
[#8](-c:1:c:c:c:c:c:1)-c:3:c:c:2:n:o:n:c:2:c:c:3,diazox a
[!#1]:1:[!#1]:[!#1]:[!#1](:[!#1]:[!#1]:1)-[#6](-[#1])=[#6](-[#1])-[#6](-[#7]-c:2:c:c:c:3:c(:c:2):c:c:c(:n:3)-[#7](-[#6])-[#6])=[#8],ene one a
[#7](-[#1])(-[#1])-c:1:c(:c:c:c:n:1)-[#8]-[#6](-[#1])(-[#1])-[#6]:[#6],anil oc no alk c
[#6]-[#16;X2]-c:1:n:c(:c:s:1)-[#1],thiazol sc a
c:1:c-3:c(:c:c:c:1)-[#7](-c:2:c:c:c:c:c:2-[#8]-3)-[#6](-[#1])(-[#1])-[#6](-[#1])-[#1],het 666 b
c:1(:c(:c(:c(:o:1)-[#6](-[#1])-[#1])-[#1])-[#1])-[#6](-[#1])(-[#8]-[#1])-[#6]#[#6]-[#6;X4],furan a
[#6]-1(-[#6](=[#6]-[#6]=[#6]-[#6]=[#6]-1)-[#7]-[#1])=[#7]-[#6],colchicine a
"[#6](-[#1])(-[#1])-[#7](-[#6](-[#1])-[#1])-[#6](-[#1])=[#6]-[#6](=[#8])-c:1:c(-[#16;X2]):s:c(:c:1)-[$([#6]#[#7]),$([#6]=[#8])]",thiophene c
"c:1:c(:c:c:c:c:1)-[#7]-2-[#6](=[#8])-[#6](=[#6](-[F,Cl,Br,I])-[#6]-2=[#8])-[#7](-[#1])-[#6]:3:[#6]:[#6]:[#6](-[#8]-[#6](-[#1])-[#1]):[#6]:[#6]:3",anil oc alk b
c:1-2:c(:c:c:c:c:1)-[#6](-[#1])(-[#1])-[#6](-[#1])(-[#1])-[#7]=[#6]-2-[#16;X2]-[#6](-[#1])(-[#1])-[#6](=[#8])-c:3:c:c:c:c:c:3,het thio 66 a
[#7]-2(-c:1:c:c:c:c:c:1-[#6](-[#1])-[#1])-[#6](=[#16])-[#7](-[#6](-[#1])(-[#1])-[!#1]:[!#1]:[!#1]:[!#1]:[!#1])-[#6](-[#1])(-[#1])-[#6]-2=[#8],rhod sat b
[#7]-2(-[#6](-[#1])-[#1])-[#6](=[#16])-[#7](-[#1])-[#6](=[#6](-[#1])-c:1:c:c:c:c(:c:1)-[Br])-[#6]-2=[#8],ene rhod i
c:1(:c(:c:2:c(:s:1):c:c:c:c:2)-[#6](-[#1])-[#1])-[#6](=[#8])-[#6](-[#1])(-[#1])-[#6](-[#1])-[#1],keto thiophene
[#7](-[#6](-[#1])-[#1])(-[#6](-[#1])-[#1])-[#6](-[#1])=[#7]-[#6](-[#6](-[#1])-[#1])=[#7]-[#7](-[#6](-[#1])-[#1])-[#6]:[#6],imine imine c
"[#6]:2(:[#6](-[#6](-[#1])-[#1]):[#6]-,:1:[#6](-,:[#7]=,:[#6;!H0,$([#6]-[#16]-[#6](-[#1])-[#1])](-,:[#7](-,:[#6]-,:1=[!#6&!#1;X1])-[#6](-[#1])-[$([#6](=[#8])-[#8]),$([#6]:[#6])])):[!#6&!#1;X2]:2)-[#6](-[#1])(-[#1])-[#6](-[#1])-[#1]",het 65 pyridone a
"c:1(:n:c(:c(-[#1]):s:1)-[!#1]:[!#1]:[!#1](-[$([#8]-[#6](-[#1])-[#1]),$([#6](-[#1])-[#1])]):[!#1]:[!#1])-[#7](-[#1])-[#6](-[#1])(-[#1])-c:2:c(-[#1]):c(:c(-[#1]):o:2)-[#1]",thiazole amine c
n:1:c(:c(:c(:c(:c:1-[#16]-[#6]-[#1])-[#6]#[#7])-c:2:c:c:c(:c:c:2)-[#8]-[#6](-[#1])-[#1])-[#1])-[#6]:[#6],het thio pyr a
"c:1:4:c(:n:c(:n:c:1-[#7](-[#1])-[#6](-[#1])(-[#1])-c:2:c(:c(:c(:o:2)-[#1])-[#1])-[#1])-[#7](-[#1])-c:3:c:[c;!H0,$(c-[#6](-[#1])-[#1]),$(c-[#16;X2]),$(c-[#8]-[#6]-[#1]),$(c-[#7;X3])](:[c;!H0,$(c-[#6](-[#1])-[#1]),$(c-[#16;X2]),$(c-[#8]-[#6]-[#1]),$(c-[#7;X3])](:c:[c;!H0,$(c-[#6](-[#1])-[#1]),$(c-[#16;X2]),$(c-[#8]-[#6]-[#1]),$(c-[#7;X3])]:3))):c:c:c:c:4",melamine a
[#7](-[#1])(-[#6]:1:[#6]:[#6]:[!#1]:[#6]:[#6]:1)-c:2:c:c:c(:c:c:2)-[#7](-[#1])-[#6]-[#1],anil nh alk b
[#7]-2(-c:1:c:c:c:c:c:1)-[#6](=[#7]-[#6]=[#8])-[#16]-[#6](-[#1])(-[#1])-[#6]-2=[#8],rhod sat c
[#6]=[#6]-[#6](=[#8])-[#7]-c:1:c(:c(:c(:s:1)-[#6](=[#8])-[#8])-[#6]-[#1])-[#6]#[#7],thiophene amino d
"[#8;!H0,$([#8]-[#6](-[#1])-[#1])]-c:1:c(:c(:c(:c(:c:1-[#1])-[#1])-[#1])-[#1])-[#7](-[#1])-[#6](-[#1])(-[#1])-c:2:n:c:c:n:2",anil oc alk c
[#6](-[#1])(-[#1])-[#16;X2]-c3nc1c(n(nc1-[#6](-[#1])-[#1])-c:2:c:c:c:c:c:2)nn3,het thio 65 a
[#6]-[#6](=[#8])-[#6](-[#1])(-[#1])-[#16;X2]-c:3:n:n:c:2:c:1:c(:c(:c(:c(:c:1:n(:c:2:n:3)-[#1])-[#1])-[#1])-[#1])-[#1],het thio 656b
"s:1:c(:[n+](-[#6](-[#1])-[#1]):c(:c:1-[#1])-[#6])-[#7](-[#1])-c:2:c:c:c:c:c:2[$([#6](-[#1])-[#1]),$([#6]:[#6])]",thiazole amine d
"[#6]-,:2(=[#16])-,:[#7](-[#6](-[#1])(-[#1])-c:1:c:c:c:o:1)-,:[#6](=,:[#7]-,:[#7]-,:2-[#1])-[#6]:[#6]",thio urea h
"[#7]-,:2(-c:1:c:c:c:c:c:1)-,:[#6](=[#8])-,:[#6](=,:[#6]-,:[#6](=,:[#7]-,:2)-[#6]#[#7])-[#6]#[#7]",cyano pyridone f
[#7]-2(-c:1:c:c:c:c:c:1)-[#6](=[#8])-[#16]-[#6](-[#1])(-[#6](-[#1])(-[#1])-[#6](=[#8])-[#7](-[#1])-[#6]:[#6])-[#6]-2=[#8],rhod sat d
"[#6](-[#1])(-[#1])-[#7]-2-[#6](=[$([#16]),$([#7])])-[!#6&!#1]-[#6](=[#6]-1-[#6](=[#6](-[#1])-[#6]:[#6]-[#7]-1-[#6](-[#1])-[#1])-[#1])-[#6]-2=[#8]",ene rhod j
[#6]=[#7;!R]-c:1:c:c:c:c:c:1-[#8]-[#1],imine phenol a
"[#8]=[#6]-,:2-,:[#16]-,:c:1:c(:c(:c:c:c:1)-[#8]-[#6](-[#1])-[#1])-,:[#8]-,:2",thio carbonate b
"[#7]=,:[#6]-,:1-,:[#7]=,:[#6]-,:[#7]-,:[#16]-,:1",het thio n 5a
"[#7]-,:2-,:[#16]-,:[#6]-1=,:[#6](-[#6]:[#6]-[#7]-[#6]-1)-,:[#6]-,:2=[#16]",het thio n 65a
[#6](-[#1])(-[#1])-[#7](-[#6](-[#1])-[#1])-c:1:c(:c(:c(:c(:c:1-[#1])-[#1])-[#6](-[#1])=[#7]-[#7]=[#6](-[#6])-[#6]:[#6])-[#1])-[#1],anil di alk j
n1-2cccc1-[#6]=[#7](-[#6])-[#6]-[#6]-2,pyrrole h
[#6](-[#6]#[#7])(-[#6]#[#7])=[#6](-[#16])-[#16],ene cyano d
[#6]-1(-[#6]#[#7])(-[#6]#[#7])-[#6](-[#1])(-[#6](=[#8])-[#6])-[#6]-1-[#1],cyano cyano b
"[#6]-1=,:[#6]-[#6](-[#6](-[$([#8]),$([#16])]-1)=[#6]-[#6]=[#8])=[#8]",ene five het m
[#6]:[#6]-[#6](=[#8])-[#7](-[#1])-[#6](=[#8])-[#6](-[#6]#[#7])=[#6](-[#1])-[#7](-[#1])-[#6]:[#6],cyano ene amine c
c:1(:c:c:c:c:c:1)-[#7](-[#1])-[#6](=[#16])-[#7](-[#1])-[#7]=[#6]-c:2:c:n:c:c:2,thio urea i
[#7](-[#1])(-[#1])-[#6]-2=[#6](-[#6]#[#7])-[#6](-[#1])(-c:1:c:c:c:s:1)-[#6](=[#6](-[#6](-[#1])-[#1])-[#8]-2)-[#6](=[#8])-[#8]-[#6],dhp amino cn f
c:1:c-3:c(:c:c(:c:1)-[#6](=[#8])-[#7](-[#1])-c:2:c(:c:c:c:c:2)-[#6](=[#8])-[#8]-[#1])-[#6](-[#7](-[#6]-3=[#8])-[#6](-[#1])-[#1])=[#8],anthranil acid b
[Cl]-c:2:c:c:1:n:o:n:c:1:c:c:2,diazox b
[#6]-[#6](=[#16])-[#1],thio aldehyd a
[#6;X4]-[#7](-[#1])-[#6](-[#6]:[#6])=[#6](-[#1])-[#6](=[#16])-[#7](-[#1])-c:1:c:c:c:c:c:1,thio amide b
[#6](-[#1])(-[#1])-[#6](-[#1])(-[#1])-[#16]-[#6](-[#1])(-[#1])-c1cn(cn1)-[#1],imidazole b
[#8]=[#6]-[#7](-[#1])-c:1:c(-[#6]:[#6]):n:c(-[#6](-[#1])(-[#1])-[#6]#[#7]):s:1,thiazole amine e
[#6](-[#1])-[#7](-[#1])-c:1:n:c(:c:s:1)-c2cnc3n2ccs3,thiazole amine f
"[#7]-,:1-,:[#6](=[#8])-,:[#6](=,:[#6](-[#6])-,:[#16]-,:[#6]-,:1=[#16])-[#1]",thio ester c
[#6](-[#16])(-[#7])=[#6](-[#1])-[#6]=[#6](-[#1])-[#6]=[#8],ene one b
"[#8]=[#6]-3-c:1:c(:c:c:c:c:1)-[#6]-,:2=,:[#6](-[#8]-[#1])-,:[#6](=[#8])-,:[#7]-,:c:4:c-,:2:c-3:c:c:c:4",quinone c
"c:1:2:c:c:c:c(:c:1:c(:c:c:c:2)-[$([#8]-[#1]),$([#7](-[#1])-[#1])])-[#6](-[#6])=[#8]",keto naphthol a
[#6](-[#1])(-c:1:c:c:c:c:c:1)(-c:2:c:c:c:c:c:2)-[#6](=[#16])-[#7]-[#1],thio amide c
[#7]-2(-[#6](=[#8])-c:1:c(:c(:c(:c(:c:1-[#1])-[#6](=[#8])-[#8]-[#1])-[#1])-[#1])-[#6]-2=[#8])-c:3:c(:c:c(:c(:c:3)-[#1])-[#8])-[#1],phthalimide misc
c:1:c:c(:c:c:c:1-[#7](-[#1])-[#16](=[#8])=[#8])-[#7](-[#1])-[#16](=[#8])=[#8],sulfonamide d
[#6](-[#1])-[#7](-[#1])-c:1:c(:c(:c(:c(:c:1-[#1])-[#1])-[#1])-[#1])-[#7](-[#1])-[#6]-[#1],anil nh alk c
"s1c(c(c-,:2c1-,:[#7](-[#1])-,:[#6](-,:[#6](=,:[#6]-,:2-[#1])-[#6](=[#8])-[#8]-[#1])=[#8])-[#7](-[#1])-[#1])-[#6](=[#8])-[#7]-[#1]",het 65 e
c:2(:c:1:c(:c(:c(:c(:c:1:c(:c(:c:2-[#1])-[#1])-[#1])-[#1])-[#7](-[#1])-[#7](-[#1])-[#6]=[#8])-[#1])-[#1])-[#1],hzide naphth
[#6](-[#1])(-[#1])-c:1:c(:c(:c(:c(:c:1-[#8]-[#6](-[#1])-[#1])-[#1])-[#1])-[#6](-[#1])(-[#1])-[#7](-[#1])-[#6;X4])-[#1],anisol b
[#6]-1=[#6]-[#7]-[#6](-[#16]-[#6;X4]-1)=[#16],thio carbam ene
[#6](-[#7](-[#6]-[#1])-[#6]-[#1]):[#6]-[#7](-[#1])-[#6](=[#16])-[#6]-[#1],thio amide d
n2nc(c1cccc1c2-[#6])-[#6],het 65 da
s:1:c(:c(-[#1]):c(:c:1-[#6](=[#8])-[#7](-[#1])-[#7]-[#1])-[#8]-[#6](-[#1])-[#1])-[#1],thiophene d
[#6]-1:[#6]-[#7]=[#6]-[#6](=[#6]-[#7]-[#6])-[#16]-1,het thio 6 ene
[#6](-[#1])(-[#1])-[#6](-[#1])(-[#6]#[#7])-[#6](=[#8])-[#6],cyano keto a
"c2(c(-[#7](-[#1])-[#1])n(-c:1:c:c:c:c:c:1-[#6](=[#8])-[#8]-[#1])nc2-[#6]=[#8])-[$([#6]#[#7]),$([#6]=[#16])]",anthranil acid c
"c:2:c:1:c:c:c:c-,:3:c:1:c(:c:c:2)-,:[#7](-,:[#7]=,:[#6]-,:3)-[#1]",naphth amino c
"c:2:c:1:c:c:c:c-,:3:c:1:c(:c:c:2)-,:[#7]-,:[#7]=,:[#7]-,:3",naphth amino d
c1csc(n1)-[#7]-[#7]-[#16](=[#8])=[#8],thiazole amine g
c:1:c:c:c:2:c(:c:1):n:c(:n:c:2)-[#7](-[#1])-[#6]-3=[#7]-[#6](-[#6]=[#6]-[#7]-3-[#1])(-[#6](-[#1])-[#1])-[#6](-[#1])-[#1],het 66 b
"c:1-,:3:c(:c(:c(:c(:c:1)-[#8]-[#6]-[#1])-[#1])-[#1])-,:c:2:c(:c(:c(:c(:c:2-[#1])-[#1])-[#8]-[#6](-[#1])-[#1])-[#1])-,:[#6](=[#8])-,:[#8]-,:3",coumarin a
c:12:c(:c:c:c:n:1)c(c(-[#6](=[#8])~[#8;X1])s2)-[#7](-[#1])-[#1],anthranil acid d
c:1:2:n:c(:c(:n:c:1:[#6]:[#6]:[#6]:[!#1]:2)-[#6](-[#1])=[#6](-[#8]-[#1])-[#6])-[#6](-[#1])=[#6](-[#8]-[#1])-[#6],het 66 c
c1csc(c1-[#7](-[#1])-[#1])-[#6](-[#1])=[#6](-[#1])-c2cccs2,thiophene amino e
c:2:c:c:1:n:c:3:c(:n:c:1:c:c:2):c:c:c:4:c:3:c:c:c:c:4,het 6666 a
[#6]:[#6]-[#7](-[#1])-[#16](=[#8])(=[#8])-[#7](-[#1])-[#6]:[#6],sulfonamide e
c:1:c:c(:c:c:c:1-[#7](-[#1])-[#1])-[#7](-[#6;X3])-[#6;X3],anil di alk k
"[#7]-2=[#6](-c:1:c:c:c:c:c:1)-[#6](-[#1])(-[#1])-[#6](-[#8]-[#1])(-[#6](-[#9])(-[#9])-[#9])-[#7]-2-[$([#6]:[#6]:[#6]:[#6]:[#6]:[#6]),$([#6](=[#16])-[#6]:[#6]:[#6]:[#6]:[#6]:[#6])]",het 5 c
"c:1:c(:c:c:c:c:1)-[#6](=[#8])-[#6](-[#1])=[#6]-,:3-,:[#6](=[#8])-,:[#7](-[#1])-,:[#6](=[#8])-,:[#6](=[#6](-[#1])-c:2:c:c:c:c:c:2)-,:[#7]-,:3-[#1]",ene six het b
[#8]=[#6]-4-[#6]-[#6]-[#6]-3-[#6]-2-[#6](=[#8])-[#6]-[#6]-1-[#6]-[#6]-[#6]-[#6]-1-[#6]-2-[#6]-[#6]-[#6]-3=[#6]-4,steroid a
c:1:2:c:3:c(:c(-[#8]-[#1]):c(:c:1:c(:c:n:2-[#6])-[#6]=[#8])-[#1]):n:c:n:3,het 565 a
[#6;X4]-[#7+](-[#6;X4]-[#8]-[#1])=[#6]-[#16]-[#6]-[#1],thio imine ium
[#6]-3(=[#8])-[#6](=[#6](-[#1])-[#7](-[#1])-c:1:c:c:c:c:c:1-[#6](=[#8])-[#8]-[#1])-[#7]=[#6](-c:2:c:c:c:c:c:2)-[#8]-3,anthranil acid e
"c:1(:c(:c(:[c;!H0,$(c-[#6;!H0;!H1])](:o:1))-[#1])-[#1])-[#6;!H0,$([#6]-[#6;!H0;!H1])]=[#7]-[#7](-[#1])-c:2:c:c:n:c:c:2",hzone furan b
"c:1(:c(:c(:[c;!H0,$(c-[#6;!H0;!H1])](:s:1))-[#1])-[#1])-[#6;!H0,$([#6]-[#6;!H0;!H1])]-[#6](=[#8])-[#7](-[#1])-c:2:n:c:c:s:2",thiophene e
[#6]:[#6]-[#6](-[#1])(-[#1])-[#6](-[#1])(-[#6]=[#8])-[#7]-2-[#6](=[#8])-[#6]-1(-[#1])-[#6](-[#1])(-[#1])-[#6]=[#6]-[#6](-[#1])(-[#1])-[#6]-1(-[#1])-[#6]-2=[#8],ene misc b
[#6]-1(-[#6]=[#8])(-[#6]:[#6])-[#16;X2]-[#6]=[#7]-[#7]-1-[#1],het thio 5 b
[#7](-[#1])(-[#1])-c:1:c(:c(:c(:s:1)-[#7](-[#1])-[#6](=[#8])-c:2:c:c:c:c:c:2)-[#6]#[#7])-[#6]:3:[!#1]:[!#1]:[!#1]:[!#1]:[!#1]:3,thiophene amino f
"[#6](-[#1])(-[#1])-[#8]-c:1:c(:c(:c(:c(:c:1-[#1])-[#1])-[#6](-[#1])-[#1])-[#1])-[#7](-[#1])-[#6](-[#1])(-[#1])-c:2:c:c:c:c:c:2-[$([#6](-[#1])-[#1]),$([#8]-[#6](-[#1])-[#1])]",anil oc alk d
[#6](-[#1])(-[#1])(-[#1])-[#6](-[#6](-[#1])(-[#1])-[#1])(-[#6](-[#1])(-[#1])-[#1])-c:1:c(:c:c(:c(:c:1-[#1])-[#6](-[#6](-[#1])(-[#1])-[#1])(-[#6](-[#1])(-[#1])-[#1])-[#6](-[#1])(-[#1])-[#1])-[#8]-[#6](-[#1])-[#7])-[#1],tert butyl a
c:1(:c(:o:c:c:1)-[#6]-[#1])-[#6]=[#7]-[#7](-[#1])-[#6](=[#16])-[#7]-[#1],thio urea j
[#7](-[#1])-c1nc(nc2nnc(n12)-[#16]-[#6])-[#7](-[#1])-[#6],het thio 65 b
"c:1-,:2:c(:c:c:c:c:1-[#6](-[#1])(-[#1])-[#6](-[#1])=[#6](-[#1])-[#1])-,:[#6](=,:[#6](-[#6](=[#8])-[#7](-[#1])-[#6]:[#6])-,:[#6](=[#8])-,:[#8]-,:2)-[#1]",coumarin b
"[#6]-,:2(=[#16])-,:[#7]-,:1-,:[#6]=,:[#6]-,:[#7]=,:[#7]-,:[#6]-,:1=,:[#7]-,:[#7]-,:2-[#1]",thio urea k
[#6]:[#6]:[#6]:[#6]:[#6]:[#6]-c:1:c:c(:c(:s:1)-[#7](-[#1])-[#6](=[#8])-[#6])-[#6](=[#8])-[#8]-[#1],thiophene amino g
[#7](-[#1])(-[#1])-c:1:c(:c(:c(:c:c:1-[#7](-[#1])-[#6](-[#1])(-[#6])-[#6](-[#1])-[#6](-[#1])-[#1])-[#1])-[#1])-[#1],anil nh alk d
"[#16]=[#6]-,:2-,:[#7](-[#1])-,:[#7]=,:[#6](-c:1:c(:c(:c(:c(:c:1-[#1])-[#1])-[#8]-[#6](-[#1])-[#1])-[#1])-[#1])-,:[#8]-,:2",het thio 5 c
[#16]=[#6]-c:1:c:c:c:2:c:c:c:c:n:1:2,thio keto het
[#6]~1~[#6](~[#7]~[#7]~[#6](~[#6](-[#1])-[#1])~[#6](-[#1])-[#1])~[#7]~[#16]~[#6]~1,het thio n 5b
"[#6]-1(-[#6]=,:[#6]-[#6]=,:[#6]-[#6]-1=[!#6&!#1])=[!#6&!#1]",quinone d
[#6](-[#1])(-[#1])-[#7](-[#6](-[#1])-[#1])-c:1:c(-[#1]):c(:c(:o:1)-[#6](-[#1])=[#6]-[#6]#[#7])-[#1],anil di alk furan b
[#8]=[#6]-1-[#6]:[#6]-[#6](-[#1])(-[#1])-[#7]-[#6]-1=[#6]-[#1],ene six het c
[#6]:[#6]-[#7]:2:[#7]:[#6]:1-[#6](-[#1])(-[#1])-[#16;X2]-[#6](-[#1])(-[#1])-[#6]:1:[#6]:2-[#7](-[#1])-[#6](=[#8])-[#6](-[#1])=[#6]-[#1],het 55 a
n:1:c(:n(:c:2:c:1:c:c:c:c:2)-[#6](-[#1])-[#1])-[#16]-[#6](-[#1])(-[#1])-[#6](=[#8])-[#7](-[#1])-[#7]=[#6](-[#1])-[#6](-[#1])=[#6]-[#1],het thio 65 c
c:1(:c:c(:c(:c:c:1)-[#8]-[#1])-[#6](=!@[#6]-[#7])-[#6]=[#8])-[#8]-[#1],hydroquin a
c:1(:c:c(:c(:c:c:1)-[#7](-[#1])-[#6](=[#8])-[#6]:[#6])-[#6](=[#8])-[#8]-[#1])-[#8]-[#1],anthranil acid f
n2(-[#6](-[#1])-[#1])c-1c(-[#6]:[#6]-[#6]-1=[#8])cc2-[#6](-[#1])-[#1],pyrrole i
[#6](-[#1])-[#7](-[#1])-c:1:c(:c(:c(:s:1)-[#6]-[#1])-[#6]-[#1])-[#6](=[#8])-[#7](-[#1])-[#6]:[#6],thiophene amino h
[#6]:[#6]-[#7;!R]=[#6]-2-[#6](=[!#6&!#1])-c:1:c:c:c:c:c:1-[#7]-2,imine one fives c
c:1:c:c:c:c:c:1-[#6](=[#8])-[#7](-[#1])-[#7]=[#6]-3-c:2:c:c:c:c:c:2-c:4:c:c:c:c:c-3:4,keto phenone zone a
"[#6]:1:2:[!#1]:[#7+](:[!#1]:[#6;!H0,$([#6]-[*])](:[!#1]:1:[#6]:[#6]:[#6]:[#6]:2))~[#6]:[#6]",het pyridiniums b
[#7]-2(-c:1:c:c:c:c:c:1)-[#7]=[#6](-[#6](-[#1])-[#1])-[#6](-[#1])(-[#16]-[#6])-[#6]-2=[#8],het 5 d
c:1:c:c:c(:c:c:1-[#7](-[#1])-c2nc(c(-[#1])s2)-c:3:c:c:c(:c:c:3)-[#6](-[#1])(-[#6]-[#1])-[#6]-[#1])-[#6](=[#8])-[#8]-[#1],thiazole amine h
[#6](-[#1])(-[#1])-[#7](-[#1])-[#6]=[#7]-[#7](-[#1])-c1nc(c(-[#1])s1)-[#6]:[#6],thiazole amine i
[#6]:[#6]-[#7](-[#1])-[#6](=[#8])-c1c(snn1)-[#7](-[#1])-[#6]:[#6],het thio n 5c
[#8]=[#16](=[#8])(-[#6]:[#6])-[#7](-[#1])-c1nc(cs1)-[#6]:[#6],sulfonamide f
[#8]=[#16](=[#8])(-[#6]:[#6])-[#7](-[#1])-[#7](-[#1])-c1nc(cs1)-[#6]:[#6],thiazole amine j
s2c:1:n:c:n:c(:c:1c(c2-[#6](-[#1])-[#1])-[#6](-[#1])-[#1])-[#7]-[#7]=[#6]-c3ccco3,het 65 f
[#6](=[#8])-[#6](-[#1])=[#6](-[#8]-[#1])-[#6](-[#8]-[#1])=[#6](-[#1])-[#6](=[#8])-[#6],keto keto beta e
c:2(:c:1-[#6](-[#6](-[#6](-c:1:c(:c(:c:2-[#1])-[#1])-[#1])(-[#1])-[#1])=[#8])=[#6](-[#6](-[#1])-[#1])-[#6](-[#1])-[#1])-[#1],ene five one b
[#6]:[#6]-[#7](-[#1])-[#7]=[#6](-[#6](-[#1])-[#1])-[#6](-[#1])(-[#1])-[#6](-[#6](-[#1])-[#1])=[#7]-[#7](-[#1])-[#6]:[#6],keto keto beta zone
[#6;X4]-[#16;X2]-[#6](=[#7]-[!#1]:[!#1]:[!#1]:[!#1])-[#7](-[#1])-[#7]=[#6],thio urea l
[#6]-1(=[#7]-[#7](-[#6](-[#16]-1)=[#6](-[#1])-[#6]:[#6])-[#6]:[#6])-[#6]=[#8],het thio urea ene
c:1(:c(:c:2:c(:n:c:1-[#7](-[#1])-[#1]):c:c:c(:c:2-[#7](-[#1])-[#1])-[#6]#[#7])-[#6]#[#7])-[#6]#[#7],cyano amino het a
[!#1]:1:[!#1]:[!#1]:[!#1](:[!#1]:[!#1]:1)-[#6](-[#1])=[#6](-[#1])-[#6](-[#7](-[#1])-[#7](-[#1])-c2nnnn2-[#6])=[#8],tetrazole hzide
c:1:2:c(:c(:c(:c(:c:1:c(:c(:c(:c:2-[#1])-[#1])-[#6](=[#7]-[#6]:[#6])-[#6](-[#1])-[#1])-[#8]-[#1])-[#1])-[#1])-[#1])-[#1],imine naphthol a
c:1(:c(:c:2:c(:c(:c:1-[#8]-[#6](-[#1])-[#1])-[#1]):c(:c(:c(:c:2-[#7](-[#1])-[#6](-[#1])(-[#1])-[#1])-[#1])-c:3:c(:c(:c(:c(:c:3-[#1])-[#1])-[#8]-[#6](-[#1])-[#1])-[#8]-[#6](-[#1])-[#1])-[#1])-[#1])-[#1])-[#8]-[#6](-[#1])-[#1],misc anisole a
c:1:c:c-2:c(:c:c:1)-[#16]-c3c(-[#7]-2)cc(s3)-[#6](-[#1])-[#1],het thio 665
c:1:c:c:c-2:c(:c:1)-[#6](-[#6](-[#7]-2-[#6](-[#1])(-[#1])-[#6](-[#1])(-[#1])-[#7]-4-[#6](-c:3:c:c:c:c:c:3-[#6]-4=[#8])=[#8])(-[#1])-[#1])(-[#1])-[#1],anil di alk l
"c:1(:c:c:c(:c:c:1)-[#6]-,:3=,:[#6]-,:[#6](-,:c2cocc2-,:[#6](=,:[#6]-,:3)-[#8]-[#1])=[#8])-[#16]-[#6](-[#1])-[#1]",colchicine b
[#6;X4]-c:1:c(:c(:c(:c(:c:1-[#1])-[#1])-[#6](=[#8])-[#7](-[#1])-[#6](-[#1])(-[#6](-[#1])(-[#1])-[#6](-[#1])(-[#1])-[#16]-[#6](-[#1])(-[#1])-[#1])-[#6](=[#8])-[#8]-[#1])-[#1])-[#1],misc aminoacid a
n:1:c(:n(:c(:c:1-c:2:c:c:c:c:c:2)-c:3:c:c:c:c:c:3)-[#7]=!@[#6])-[#7](-[#1])-[#1],imidazole amino a
[#6](-c:1:c:c:c(:c:c:1)-[#8]-[#1])(-c:2:c:c:c(:c:c:2)-[#8]-[#1])-[#8]-[#16](=[#8])=[#8],phenol sulfite a
c:2:c:c:1:n:c(:c(:n:c:1:c:c:2)-[#6](-[#1])(-[#1])-[#6](=[#8])-[#6]:[#6])-[#6](-[#1])(-[#1])-[#6](=[#8])-[#6]:[#6],het 66 d
c:1(:c(:c(:c(:c(:c:1-[#1])-[#8]-[#6](-[#1])-[#1])-[#8]-[#6](-[#1])-[#1])-[#1])-[#1])-[#6](=[#8])-[#6](-[#1])(-[#1])-[#7](-[#6](-[#1])-[#1])-c:2:c:c:c(-[#6](-[#1])-[#1])c:c:2,misc anisole b
[#6](-[#1])(-[#1])-c1nnnn1-c:2:c(:c(:c(:c(:c:2-[#1])-[#1])-[#8]-[#6](-[#1])(-[#1])-[#1])-[#1])-[#1],tetrazole a
[#6]-2(=[#7]-c1c(c(nn1-[#6](-[#6]-2(-[#1])-[#1])=[#8])-[#7](-[#1])-[#1])-[#7](-[#1])-[#1])-[#6],het 65 g
[#6](-[#6]:[#6])(-[#6]:[#6])(-[#6]:[#6])-[#16]-[#6]:[#6]-[#6](=[#8])-[#8]-[#1],misc trityl a
[#8]=[#6](-c:1:c(:c(:n:c(:c:1-[#1])-[#8]-[#6](-[#1])(-[#1])-[#1])-[#8]-[#6](-[#1])(-[#1])-[#1])-[#1])-[#7](-[#1])-[#6](-[#1])(-[#6](-[#1])-[#1])-[#6](-[#1])-[#1],misc pyridine oc
[#7]-1=[#6](-[#7](-[#6](-[#6](-[#6]-1(-[#1])-[#6]:[#6])(-[#1])-[#1])=[#8])-[#1])-[#7]-[#1],het 6 hydropyridone
[#6]-1(=[#6](-[#6](-[#6](-[#6](-[#6]-1(-[#1])-[#1])(-[#1])-[#6](=[#8])-[#6])(-[#1])-[#6](=[#8])-[#8]-[#1])(-[#1])-[#1])-[#6]:[#6])-[#6]:[#6],misc stilbene
[#6](-[#1])(-c:1:c(:c(:c(:c(:c:1-[#1])-[#1])-[Cl])-[#1])-[#1])(-c:2:c(:c(:c(:c(:c:2-[#1])-[#1])-[Cl])-[#1])-[#1])-[#8]-[#6](-[#1])(-[#1])-[#6](-[#1])(-[#1])-[#6](-[#1])(-[#1])-c3nc(c(n3-[#6](-[#1])(-[#1])-[#1])-[#1])-[#1],misc imidazole
n:1:c(:c(:c(:c(:c:1-[#1])-[#7](-[#1])-[#1])-[#1])-[#1])-[#7](-[#1])-[#6]:[#6],anil nh no alk a
"[#7](-[#1])(-c:1:c(:c(:c(:c(:c:1-[#1])-[#1])-[#1])-[#1])-[#8]-[#1])-[#6]-,:2=,:[#6](-,:[#8]-,:[#6](-,:[#7]=,:[#7]-,:2)=[#7])-[#7](-[#1])-[#1]",het 6 imidate b
[#7](-[#1])(-c:1:c(:c(:c(:c(:c:1-[#1])-[#1])-[#6](-[#1])-[#1])-[#1])-[#1])-[#6](-[#1])(-[#1])-[#6](-[#1])(-[#1])-c:2:c(:c(:c(:c(:c:2-[#1])-[#1])-[#8]-[#6](-[#1])-[#1])-[#1])-[#1],anil alk b
c:1:c:c-3:c(:c:c:1)-c:2:c:c:c(:c:c:2-[#6]-3=[#6](-[#1])-[#6])-[#7](-[#1])-[#1],styrene anil a
c:1:c:c-2:c(:c:c:1)-[#7](-[#6](-[#8]-[#6]-2)(-[#6](=[#8])-[#8]-[#1])-[#6](-[#1])-[#1])-[#6](=[#8])-[#6](-[#1])-[#1],misc aminal acid
n:1:c(:c(:c(:c(:c:1-[#7](-[#1])-[#1])-[#6](-[#1])-[#1])-[#1])-[#6](-[#1])-[#1])-[#7](-[#1])-[#1],anil no alk d
[#7](-[#1])(-c:1:c:c:c:c:c:1)-[#6](-[#6])(-[#6])-c:2:c(:c(:c(:c(:c:2-[#1])-[#1])-[#8]-[#6](-[#1])-[#1])-[#1])-[#1],anil alk c
[#7](-[#1])(-c:1:c(:c(:c(:c(:c:1-[#1])-[#1])-[#8]-[#6](-[#1])(-[#1])-[#1])-[#8]-[#6]-[#1])-[#1])-[#6](=[#8])-[#7](-[#1])-[#6](-[#1])(-[#1])-[#6](-[#1])(-[#1])-[#6](-[#1])(-[#1])-[#7](-[#6](-[#1])(-[#1])-[#1])-[#6]:[#6],misc anisole c
c:1-2:c:c-3:c(:c:c:1-[#8]-[#6]-[#8]-2)-[#6]-[#6]-3,het 465 misc
c:1(:c(:c(:c(:c(:c:1-[#1])-[#1])-[#8]-[#6](-[#1])-[#1])-[#1])-[#6](=[#8])-[#8]-[#1])-[#7](-[#1])-[#6]:[#6],anthranil acid g
c:1(:c:4:c(:n:c(:c:1-[#6](-[#1])(-[#1])-[#7]-3-c:2:c(:c(:c(:c(:c:2-[#6](-[#1])(-[#1])-[#6]-3(-[#1])-[#1])-[#1])-[#1])-[#1])-[#1])-[#1]):c(:c(:c(:c:4-[#1])-[#1])-[#1])-[#1])-[#1],anil di alk m
c:1:c(:c2:c(:c:c:1)c(c(n2-[#1])-[#6]:[#6])-[#6]:[#6])-[#6](=[#8])-[#8]-[#1],anthranil acid h
"[#6]:[#6]-[#7](-[#6](-[#1])-[#1])-[#6](-[#1])(-[#1])-[#6](-[#1])(-[#1])-[#6](-[#1])(-[#1])-[#7](-[#1])-[#6](=[#16])-[#7](-[#1])-c:1:c(:c(:c(:c(:c:1-[F,Cl,Br,I])-[#1])-[#6](-[#1])-[#1])-[#1])-[#1]",thio urea m
n:1:c3:c(:c:c2:c:1nc(s2)-[#7])sc(n3)-[#7],thiazole amine k
[#7]=[#6]-1-[#16]-[#6](=[#7])-[#7]=[#6]-1,het thio 5 imine a
c:1:c(:n:c:c:c:1)-[#6](=[#16])-[#7](-[#1])-c:2:c(:c:c:c:c:2)-[#8]-[#6](-[#1])-[#1],thio amide e
c:1-2:c(:c(:c(:c(:c:1-[#6](-c:3:c(-[#16]-[#6]-2(-[#1])-[#1]):c(:c(-[#1]):c(:c:3-[#1])-[#1])-[#1])-[#8]-[#6]:[#6])-[#1])-[#1])-[#1])-[#1],het thio 676 b
[#6](-[#1])(-[#1])(-[#1])-c:1:c(:c(:c(:c(:n:1)-[#7](-[#1])-[#16](-c:2:c(:c(:c(:c(:c:2-[#1])-[#1])-[#8]-[#6](-[#1])(-[#1])-[#6](-[#1])(-[#1])-[#6](-[#1])-[#1])-[#1])-[#1])(=[#8])=[#8])-[#1])-[#1])-[#1],sulfonamide g
[#6](=[#8])(-[#7]-1-[#6]-[#6]-[#16]-[#6]-[#6]-1)-c:2:c(:c(:c(:c(:c:2-[#16]-[#6](-[#1])-[#1])-[#1])-[#1])-[#1])-[#1],thio thiomorph z
c:1:c:c:3:c:2:c(:c:1)-[#6](-[#6]=[#6](-c:2:c:c:c:3)-[#8]-[#6](-[#1])-[#1])=[#8],naphth ene one a
c:1-3:c:2:c(:c(:c:c:1)-[#7]):c:c:c:c:2-[#6](-[#6]=[#6]-3-[#6](-[F])(-[F])-[F])=[#8],naphth ene one b
c:1:c:c:c:c:2:c:1:c:c:3:c(:n:2):n:c:4:c(:c:3-[#7]):c:c:c:c:4,amino acridine a
c:1:c-3:c(:c:c:c:1)-[#6]-2=[#7]-[!#1]=[#6]-[#6]-[#6]-2-[#6]-3=[#8],keto phenone b
c:1-3:c(:c(:c(:c(:c:1-[#1])-[#1])-[#8]-[#6](-[#1])-[#1])-[#1])-[#6](=[#7]-[#7](-[#1])-c:2:c(:c(:c(:c(:c:2-[#1])-[#1])-[#6](=[#8])-[#8]-[#1])-[#1])-[#1])-c:4:c-3:c(:c(:c(:c:4-[#1])-[#8]-[#6](-[#1])-[#1])-[#1])-[#1],hzone acid a
c:1(:c(:c(:c(:c(:c:1-[#1])-[#1])-[#7](-[#1])-[#1])-[#1])-[#1])-[#16](=[#8])(=[#8])-[#7](-[#1])-c:2:n:n:c(:c(:c:2-[#1])-[#1])-[#1],sulfonamide h
c2(c(-[#1])n(-[#6](-[#1])-[#1])c:3:c(:c(:c:1n(c(c(c:1:c2:3)-[#1])-[#1])-[#6](-[#1])-[#1])-[#8]-[#6](-[#1])-[#1])-[#8]-[#6](-[#1])-[#1])-[#1],het 565 indole
c1(c-2c(c(n1-[#6](-[#8])=[#8])-[#6](-[#1])-[#1])-[#16]-[#6](-[#1])(-[#1])-[#16]-2)-[#6](-[#1])-[#1],pyrrole j
s1ccnc1-c2c(n(nc2-[#1])-[#1])-[#7](-[#1])-[#1],pyrazole amino b
c1(c(c(c(n1-[#1])-c:2:c(:c(:c(:c(:c:2-[#1])-[#1])-[#1])-[#1])-[#1])-[#6](-[#1])-[#1])-[#1])-[#6](=[#8])-[#8]-[#1],pyrrole k
c:1(:c(:c(:c(:o:1)-[#6])-[#1])-[#1])-[#6](=[#8])-[#7](-[#1])-[#6]:2:[#6](-[#1]):[#6](-[#1]):[#6](-[#1]):[#6](-[#1]):[#6]:2-[#6](=[#8])-[#8]-[#1],anthranil acid i
[!#1]:[#6]-[#6](=[#16])-[#7](-[#1])-[#7](-[#1])-[#6]:[!#1],thio amide f
[#6]-1(=[#8])-[#6](-[#6](-[#6]#[#7])=[#6](-[#1])-[#7])-[#6](-[#7])-[#6]=[#6]-1,ene one c
"c2(c-,:1n(-,:[#6](-,:[#6]=,:[#6]-,:[#7]-,:1)=[#8])nc2-c3cccn3)-[#6]#[#7]",het 65 h
[#8]=[#6]-1-[#6](=[#7]-[#7]-[#6]-[#6]-1)-[#6]#[#7],cyano imine d
c:2(:c:1:c:c:c:c:c:1:n:n:c:2)-[#6](-[#6]:[#6])-[#6]#[#7],cyano misc a
c:1:c:c-2:c(:c:c:1)-[#6]=[#6]-[#6](-[#7]-2-[#6](=[#8])-[#7](-[#1])-c:3:c:c(:c(:c:c:3)-[#8]-[#6](-[#1])-[#1])-[#8]-[#6](-[#1])-[#1])(-[#6](-[#1])-[#1])-[#6](-[#1])-[#1],ene misc c
c:2:c:c:1:n:c(:c(:n:c:1:c:c:2)-c:3:c:c:c:c:c:3)-c:4:c:c:c:c:c:4-[#8]-[#1],het 66 e
[#6](-[#1])(-[#1])-[#6](-[#8]-[#1])=[#6](-[#6](=[#8])-[#6](-[#1])-[#1])-[#6](-[#1])-[#6]#[#6],keto keto beta f
c:1:c:4:c(:c:c2:c:1nc(n2-[#1])-[#6]-[#8]-[#6](=[#8])-c:3:c:c(:c:c(:c:3)-[#7](-[#1])-[#1])-[#7](-[#1])-[#1]):c:c:c:c:4,misc naphthimidazole
c:2(:c:1:c:c:c:c-3:c:1:c(:c:c:2)-[#6]=[#6]-[#6]-3=[#7])-[#7],naphth ene one c
c:2(:c:1:c:c:c:c:c:1:c-3:c(:c:2)-[#6](-c:4:c:c:c:c:c-3:4)=[#8])-[#8]-[#1],keto phenone c
"[#6]-,:2(-,:[#6]=,:[#7]-,:c:1:c:c(:c:c:c:1-,:[#8]-,:2)-[Cl])=[#8]",coumarin c
[#6]-1=[#6]-[#7](-[#6](-c:2:c-1:c:c:c:c:2)(-[#6]#[#7])-[#6](=[#16])-[#16])-[#6]=[#8],thio est cyano a
c2(nc:1:c(:c(:c(:c(:c:1-[#1])-[#1])-[#1])-[#1])n2-[#6])-[#7](-[#1])-[#6](-[#7](-[#1])-c:3:c(:c:c:c:c:3-[#1])-[#1])=[#8],het 65 imidazole
"[#7](-[#1])(-[#6]:[#6])-c:1:c(-[#6](=[#8])-[#8]-[#1]):c:c:c(:n:1)-,:[#6]:[#6]",anthranil acid j
"c:1-,:3:c(:c:c:c:c:1)-,:[#16]-,:[#6](=[#7]-[#7]=[#6]-,:2-,:[#6]=,:[#6]-,:[#6]=,:[#6]-,:[#6]=,:[#6]-,:2)-,:[#7]-,:3-[#6](-[#1])-[#1]",colchicine het
c:1-2:c(:c(:c(:c(:c:1-[#1])-[#8]-[#6](-[#1])-[#1])-[#8]-[#6](-[#1])-[#1])-[#1])-[#6](=[#6](-[#6])-[#16]-[#6]-2(-[#1])-[#1])-[#6],ene misc d
c:12:c(:c(:c(:c(:c:1-[#1])-[#1])-[#1])-[#1])c(c(-[#6]:[#6])n2-!@[#6]:[#6])-[#6](-[#1])-[#1],indole 3yl alk b
[#7](-[#1])(-[#1])-c:1:c:c:c(:c:c:1-[#8]-[#1])-[#16](=[#8])(=[#8])-[#8]-[#1],anil oh no alk a
s:1:c:c:c(:c:1-[#1])-c:2:c:s:c(:n:2)-[#7](-[#1])-[#1],thiazole amine l
c1c(-[#7](-[#1])-[#1])nnc1-c2c(-[#6](-[#1])-[#1])oc(c2-[#1])-[#1],pyrazole amino a
n1nscc1-c2nc(no2)-[#6]:[#6],het thio n 5d
c:1(:c:c-3:c(:c:c:1)-[#7]-[#6]-4-c:2:c:c:c:c:c:2-[#6]-[#6]-3-4)-[#6;X4],anil alk indane
c:1-2:c(:c(:c(:c(:c:1-[#1])-[#1])-[#1])-[#1])-[#6](=[#6](-[#1])-[#6]-3-[#6](-[#6]#[#7])-[#6](-[#1])(-[#1])-[#6](-[#1])-[#7]-2-3)-[#1],anil di alk n
"c:2-,:3:c(:c:c:1:c:c:c:c:c:1:c:2)-,:[#7](-[#6](-[#1])-[#1])-,:[#6](=[#8])-,:[#6](=,:[#7]-,:3)-[#6]:[#6]-[#7](-[#1])-[#6](-[#1])-[#1]",het 666 c
[#6](-[#8]-[#1]):[#6]-[#6](=[#8])-[#6](-[#1])=[#6](-[#6])-[#6],ene one d
c:1:2:c(:c(:c(:c(:c:1-[#1])-[#1])-[#7](-[#6](-[#1])-[#1])-[#6](-[#1])-[#1])-[#1]):c(:c(-[#1]):n:2-[#1])-[#16](=[#8])=[#8],anil di alk indol
c:1:2:c(:c(:c(:c(:c:1-[#1])-[#1])-[#7](-[#1])-[#1])-[#1]):c(:c(-[#1]):n:2-[#6](-[#1])-[#1])-[#1],anil no alk indol a
"[#16;X2]-1-[#6]=[#6](-[#6]#[#7])-[#6](-[#6])(-[#6]=[#8])-[#6](=[#6]-1-[#7](-[#1])-[#1])-[$([#6]=[#8]),$([#6]#[#7])]",dhp amino cn g
"[#7]-2-[#6]=[#6](-[#6]=[#8])-[#6](-c:1:c:c:c(:c:c:1)-[#7](-[#6](-[#1])-[#1])-[#6](-[#1])-[#1])-[#6]~3=,:[#6]-2~[#7]~[#6](~[#16])~[#7]~[#6]~3~[#7]",anil di alk dhp
c:1:c(:c:c:c:c:1)-[#6](=[#8])-[#7](-[#1])-c:2:c(:c:c:c:c:2)-[#6](=[#8])-[#7](-[#1])-[#7](-[#1])-c:3:n:c:c:s:3,anthranil amide a
c:1:c:2:c(:c:c:c:1):c(:c:3:c(:c:2):c:c:c:c:3)-[#6]=[#7]-[#7](-[#1])-c:4:c:c:c:c:c:4,hzone anthran z
c:1:c(:c:c:c:c:1)-[#6](-[#1])-[#7]-[#6](=[#8])-[#6](-[#7](-[#1])-[#6](-[#1])-[#1])=[#6](-[#1])-[#6](=[#8])-c:2:c:c:c(:c:c:2)-[#8]-[#6](-[#1])-[#1],ene one amide a
s:1:c(:c(-[#1]):c(:c:1-[#6]-3=[#7]-c:2:c:c:c:c:c:2-[#6](=[#7]-[#7]-3-[#1])-c:4:c:c:n:c:c:4)-[#1])-[#1],het 76 a
o:1:c(:c(-[#1]):c(:c:1-[#6](-[#1])(-[#1])-[#7](-[#1])-[#6](=[#16])-[#7](-[#6]-[#1])-[#6](-[#1])(-[#1])-c:2:c:c:c:c:c:2)-[#1])-[#1],thio urea n
"c:1:c(:c:c:c:c:1)-[#7](-[#6]-[#1])-[#6](-[#1])-[#6](-[#1])-[#6](-[#1])-[#7](-[#1])-[#6](=[#8])-[#6]-,:2=,:[#6](-,:[#8]-,:[#6](-,:[#6](=,:[#6]-,:2-[#6](-[#1])-[#1])-[#1])=[#8])-[#6](-[#1])-[#1]",anil di alk coum
c2-3:c:c:c:1:c:c:c:c:c:1:c2-[#6](-[#1])-[#6;X4]-[#7]-[#6]-3=[#6](-[#1])-[#6](=[#8])-[#7](-[#6](-[#1])-[#1])-[#6](-[#1])-[#1],ene one amide b
c:1:c(:c:c:c:c:1)-[#6]-4=[#7]-[#7]:2:[#6](:[#7+]:c:3:c:2:c:c:c:c:3)-[#16]-[#6;X4]-4,het thio 656c
[#6]-2(=[#8])-[#6](=[#6](-[#6](-[#1])-[#1])-[#7](-[#1])-[#6](-[#1])(-[#1])-[#6](-[#1])(-[#1])-[#6](-[#1])-[#1])-[#7]=[#6](-c:1:c:c:c:c:c:1)-[#8]-2,het 5 ene
c:1:c(:c:c:c:c:1)-[#7]-2-[#6](=[#8])-[#6](=[#6](-[#1])-[#6]-2=[#8])-[#16]-c:3:c:c:c:c:c:3,thio imide a
"[#7]-,:1(-[#1])-,:[#7]=,:[#6](-[#7]-[#1])-,:[#16]-,:[#6](=,:[#6]-,:1-,:[#6]:[#6])-,:[#6]:[#6]",dhp amidine a
c:1(:c(:c-3:c(:c(:c:1-[#7](-[#1])-[#6](=[#16])-[#7](-[#1])-[#6](-[#1])-c:2:c(:c(:c(:o:2)-[#6]-[#1])-[#1])-[#1])-[#1])-[#8]-[#6](-[#8]-3)(-[#1])-[#1])-[#1])-[#1],thio urea o
c:1(:c(:c(:c(:c(:c:1-[#7](-[#1])-[#6](=[#16])-[#7](-[#1])-c:2:c:c:c:c:c:2)-[#1])-[#7](-[#6](-[#1])-[#1])-[#6](-[#1])-[#1])-[#1])-[#1])-[#1],anil di alk o
"[#8]=[#6]-!@n:1:c:c:c-,:2:c:1-,:[#7](-[#1])-,:[#6](=[#16])-,:[#7]-,:2-[#1]",thio urea p
[#6](-[F])(-[F])-[#6](=[#8])-[#7](-[#1])-c:1:c(-[#1]):n(-[#6](-[#1])(-[#1])-[#6](-[#1])(-[#1])-[#8]-[#6](-[#1])(-[#1])-[#6]:[#6]):n:c:1-[#1],het pyraz misc
[#7]-2=[#7]-[#6]:1:[#7]:[!#6&!#1]:[#7]:[#6]:1-[#7]=[#7]-[#6]:[#6]-2,diazox c
[#6]-2(-[#1])(-[#8]-[#1])-[#6]:1:[#7]:[!#6&!#1]:[#7]:[#6]:1-[#6](-[#1])(-[#8]-[#1])-[#6]=[#6]-2,diazox d
[#6]-1(-[#6](-[#1])(-[#1])-[#6]-1(-[#1])-[#1])(-[#6](=[#8])-[#7](-[#1])-c:2:c:c:c(:c:c:2)-[#8]-[#6](-[#1])(-[#1])-[#8])-[#16](=[#8])(=[#8])-[#6]:[#6],misc cyclopropane
[#6]-1:[#6]-[#6](=[#8])-[#6]=[#6]-1-[#7]=[#6](-[#1])-[#7](-[#6;X4])-[#6;X4],imine ene one b
"c:1:c:c(:c:c-,:2:c:1-,:[#6](=,:[#6](-[#1])-,:[#6](=[#8])-,:[#8]-,:2)-c:3:c:c:c:c:c:3)-[#8]-[#6](-[#1])(-[#1])-[#6]:[#8]:[#6]",coumarin d
c:1:c(:o:c(:c:1-[#6](-[#1])-[#1])-[#6](-[#1])-[#1])-[#6](-[#1])(-[#1])-[#7]-[#6](-[#1])(-[#1])-[#6](-[#1])(-[#8]-[#6](-[#1])-[#1])-[#6](-[#1])(-[#1])-[#8]-c:2:c:c-3:c(:c:c:2)-[#8]-[#6](-[#8]-3)(-[#1])-[#1],misc furan a
[#7]-4(-c:1:c:c:c:c:c:1)-[#6](=[#8])-[#16]-[#6](-[#1])(-[#7](-[#1])-c:2:c:c:c:c:3:c:c:c:c:c:2:3)-[#6]-4=[#8],rhod sat e
[#7]-3(-[#6](=[#8])-c:1:c:c:c:c:c:1)-[#6](=[#7]-c:2:c:c:c:c:c:2)-[#16]-[#6](-[#1])(-[#1])-[#6]-3=[#8],rhod sat imine a
[#7]-2(-c:1:c:c:c:c:c:1)-[#6](=[#8])-[#16]-[#6](-[#1])(-[#1])-[#6]-2=[#16],rhod sat f
[#7]-1(-[#6](-[#1])-[#1])-[#6](=[#16])-[#7](-[#6]:[#6])-[#6](=[#7]-[#6]:[#6])-[#6]-1=[#7]-[#6]:[#6],het thio 5 imine b
[#16]-1-[#6](=[#7]-[#7]-[#1])-[#16]-[#6](=[#7]-[#6]:[#6])-[#6]-1=[#7]-[#6]:[#6],het thio 5 imine c
"[#6]-2(=[#8])-[#6](=[#6](-[#1])-c:1:c(:c:c:c(:c:1)-[F,Cl,Br,I])-[#8]-[#6](-[#1])-[#1])-[#7]=[#6](-[#16]-[#6](-[#1])-[#1])-[#16]-2",ene five het n
[#6](-[#1])(-[#1])-[#16]-[#6](=[#16])-[#7](-[#1])-[#6](-[#1])(-[#1])-[#6]:[#6],thio carbam a
c:1(:c(:c(:c(:c(:c:1-[#1])-[#1])-[#6](-[#1])-[#1])-[#7](-[#1])-[#6](=[#8])-[#6](-[#1])(-[#1])-[#6](-[#1])(-[#1])-[#6]:[#6])-[#1])-[#7](-[#1])-[#6](=[#8])-[#6](-[#1])(-[#1])-[#6](-[#1])(-[#1])-[#6]:[#6],misc anilide a
c:1(:c(:c(:c(:c(:c:1-[#6](-[#1])-[#1])-[#1])-[Br])-[#1])-[#6](-[#1])-[#1])-[#7](-[#1])-[#6](=[#8])-[#7](-[#1])-[#6](-[#1])(-[#1])-[#6](-[#1])(-[#1])-[#6](-[#1])-[#1],misc anilide b
c:1-2:c(:c:c:c(:c:1-[#8]-[#6](-[#1])(-[#1])-[#7](-[#6]:[#6]-[#8]-[#6](-[#1])-[#1])-[#6]-2(-[#1])-[#1])-[#1])-[#1],mannich b
c:1-2:c(:c(:c(:c(:c:1-[#8]-[#6](-[#1])(-[#1])-[#7](-[#6](-[#1])-[#1])-[#6]-2(-[#1])-[#1])-[#1])-[#8])-[#8])-[#1],mannich catechol a
[#7](-[#1])(-c:1:c(:c(:c(:c(:c:1-[#1])-[#1])-[#6](-[#1])(-[#6](-[#1])-[#1])-[#6](-[#1])-[#1])-[#1])-[#1])-[#6](-[#1])(-[#1])-[#6](-[#1])(-[#1])-[#7](-[#6](-[#1])-[#1])-[#6](-[#1])-[#1],anil alk d
n:1:2:c:c:c(:c:c:1:c:c(:c:2-[#6](=[#8])-[#6]:[#6])-[#6]:[#6])-[#6](~[#8])~[#8],het 65 i
c:1(:c(:c(:c(:c(:c:1-[#1])-[#1])-[#1])-[#6](=[#6](-[#1])-[#1])-[#6](-[#1])-[#1])-[#1])-[#6](-[#6;X4])(-[#6;X4])-[#7](-[#1])-[#6](=[#8])-[#7](-[#6](-[#1])(-[#1])-[#6](-[#1])-[#1])-[#6](-[#1])(-[#1])-[#6](-[#1])(-[#1])-[#6](-[#1])-[#6](-[#1])(-[#1])-[#6]:[#6],misc urea a
[#6]-3(-[#1])(-n:1:c(:n:c(:c:1-[#1])-[#1])-[#1])-c:2:c(:c(:c(:c(:c:2-[#1])-[Br])-[#1])-[#1])-[#6](-[#1])(-[#1])-[#6](-[#1])(-[#1])-c:4:c-3:c(:c(:c(:c:4-[#1])-[#1])-[#1])-[#1],imidazole c
[#6](=[#6](-[#1])-[#6](-[#1])(-[#1])-n:1:c(:n:c(:c:1-[#1])-[#1])-[#1])(-[#6]:[#6])-[#6]:[#6],styrene imidazole a
c:1(:n:c(:c(-[#1]):s:1)-c:2:c:c:n:c:c:2)-[#7](-[#1])-[#6]:[#6]-[#6](-[#1])-[#1],thiazole amine m
c:1(:n:c(:c(-[#1]):s:1)-c:2:c:c:c:c:c:2)-[#6](-[#1])(-[#6](-[#1])-[#1])-[#6](-[#1])(-[#1])-[#6](-[#1])(-[#1])-[#7]-[#6](-[#1])(-[#1])-c:3:c:c:c:n:3-[#1],misc pyrrole thiaz
n:1(-[#1]):c(:c(-[#6](-[#1])-[#1]):c(:c:1-[#6](-[#1])(-[#1])-[#6](-[#1])-[#1])-[#6](-[#1])(-[#1])-[#6](-[#1])-[#1])-[#6](=[#8])-[#8]-[#6](-[#1])-[#1],pyrrole l
"c:2(:n:c:1:c(:c(:c:c(:c:1-[#1])-[F,Cl,Br,I])-[#1]):n:2-[#1])-[#16]-[#6](-[#1])(-[#1])-[#6](=[#8])-[#7](-[#1])-[#6]:[#6]",het thio 65 d
c:1(:c(:c-2:c(:c(:c:1-[#8]-[#6](-[#1])-[#1])-[#1])-[#6]=[#6]-[#6](-[#1])-[#16]-2)-[#1])-[#8]-[#6](-[#1])-[#1],ene misc e
[#7]-1(-[#1])-[#6](=[#16])-[#6](-[#1])(-[#6]#[#7])-[#6](-[#1])(-[#6]:[#6])-[#6](=[#6]-1-[#6]:[#6])-[#1],thio cyano a
n:1:c(:c(:c(:c(:c:1-[#16;X2]-c:2:c:c:c:c:c:2-[#7](-[#1])-[#1])-[#6]#[#7])-c:3:c:c:c:c:c:3)-[#6]#[#7])-[#7](-[#1])-[#1],cyano amino het b
"[#7]-,:2(-c:1:c:c:c(:c:c:1)-[#8]-[#6](-[#1])-[#1])-,:[#6](=[#8])-,:[#6](=,:[#6]-,:[#6](=,:[#7]-,:2)-n:3:c:n:c:c:3)-[#6]#[#7]",cyano pyridone g
o:1:c(:c:c:2:c:1:c(:c(:c(:c:2-[#1])-[#8]-[#6](-[#1])-[#1])-[#8]-[#6](-[#1])-[#1])-[#1])-[#6](~[#8])~[#8],het 65 j
[#6]#[#6]-[#6](=[#8])-[#6]#[#6],ene one yne a
c:2(:c:1:c(:c(:c(:c(:c:1:c(:c(:c:2-[#8]-[#1])-[#6]=[#8])-[#1])-[#1])-[#1])-[#1])-[#1])-[#7](-[#1])-[#1],anil oh no alk b
"c:1(:c(:c(:[c;!H0,$(c-[#6;!H0;!H1])](:o:1))-[#1])-[#1])-[#6](=[#8])-[#7](-[#1])-[#7]=[#6;!H0,$([#6]-[#6;!H0!H1])]-c:2:c:c:c:c(:c:2)-[*]-[*]-[*]-c:3:c:c:c:o:3",hzone acyl misc a
[#16](=[#8])(=[#8])-[#7](-[#1])-c:1:c(:c(:c(:s:1)-[#6]-[#1])-[#6]-[#1])-[#6](=[#8])-[#7]-[#1],thiophene f
[#6](-[#1])(-[#1])-[#8]-c:1:c(:c(:c(:c(:c:1-[#1])-[#1])-[#1])-[#1])-[#7](-[#1])-[#6](-[#1])(-[#1])-[#6](-[#1])(-[#8]-[#1])-[#6](-[#1])-[#1],anil oc alk e
[#6](-[#1])(-[#1])-[#8]-c:1:c(:c(:c(:c(:c:1-[#1])-[#1])-[#1])-[#1])-[#7](-[#1])-[#6](-[#1])(-[#6]=[#8])-[#16],anil oc alk f
n1nnnc2cccc12,het 65 k
"c:1-,:2:c(-[#1]):s:c(:c:1-,:[#6](=[#8])-,:[#7]-,:[#7]=,:[#6]-,:2-[#7](-[#1])-[#1])-[#6]=[#8]",het 65 l
"c:1-,:3:c(:c:2:c(:c:c:1-[Br]):o:c:c:2)-,:[#6](=,:[#6]-,:[#6](=[#8])-,:[#8]-,:3)-[#1]",coumarin e
"c:1-,:3:c(:c:c:c:c:1)-,:[#6](=,:[#6](-[#6](=[#8])-[#7](-[#1])-c:2:n:o:c:c:2-[Br])-,:[#6](=[#8])-,:[#8]-,:3)-[#1]",coumarin f
"c:1-,:2:c(:c:c(:c:c:1-[F,Cl,Br,I])-[F,Cl,Br,I])-,:[#6](=,:[#6](-[#6](=[#8])-[#7](-[#1])-[#1])-,:[#6](=[#7]-[#1])-,:[#8]-,:2)-[#1]",coumarin g
"c:1-,:3:c(:c:c:c:c:1)-,:[#6](=,:[#6](-[#6](=[#8])-[#7](-[#1])-c:2:n:c(:c:s:2)-[#6]:[#16]:[#6]-[#1])-,:[#6](=[#8])-,:[#8]-,:3)-[#1]",coumarin h
[#6](-[#1])(-[#1])-[#16;X2]-c:2:n:n:c:1-[#6]:[#6]-[#7]=[#6]-[#8]-c:1:n:2,het thio 67 a
[#16](=[#8])(=[#8])(-c:1:c:n(-[#6](-[#1])-[#1]):c:n:1)-[#7](-[#1])-c:2:c:n(:n:c:2)-[#6](-[#1])(-[#1])-[#6]:[#6]-[#8]-[#6](-[#1])-[#1],sulfonamide i
c:1-2:c(:c(:c(:c(:c:1-[#8]-[#6](-[#1])(-[#1])-[#8]-2)-[#6](-[#1])(-[#1])-[#7]-3-[#6](-[#1])(-[#1])-[#6](-[#1])(-[#1])-[#6]:[#6]-3)-[#1])-[#1])-[#1],het 65 mannich
[#6](-[#1])(-[#1])-[#8]-[#6]:[#6]-[#6](-[#1])(-[#1])-[#7](-[#1])-c:2:c(:c(:c:1:n(:c(:n:c:1:c:2-[#1])-[#1])-[#6]-[#1])-[#1])-[#1],anil alk a
"[#7]-,:4(-c:1:c:c:c:c:c:1)-,:[#6](=,:[#7+](-c:2:c:c:c:c:c:2)-,:[#6](=[#7]-c:3:c:c:c:c:c:3)-,:[#7]-,:4)-[#1]",het 5 inium
[#6](-[#1])(-[#1])-[#7](-[#6](-[#1])-[#1])-c:2:c:c:c:1:s:c(:n:c:1:c:2)-[#16]-[#6](-[#1])-[#1],anil di alk p
c:1:2:c(:c(:c(:c(:c:1:c(:c(-[#1]):c(:c:2-[#1])-[#1])-[#6](-[#6](-[#1])-[#1])=[#7]-[#7](-[#1])-[#6](=[#16])-[#7](-[#1])-[#6]:[#6]:[#6])-[#1])-[#1])-[#1])-[#1],thio urea q
[#6]:1(:[#7]:[#6](:[#7]:[!#1]:[#7]:1)-c:2:c(:c(:c(:o:2)-[#1])-[#1])-[#1])-[#16]-[#6;X4],thio pyridine a
n:1:c(:n:c(:n:c:1-[#7](-[#6](-[#1])-[#1])-[#6](-[#1])-[#1])-[#7](-[#6](-[#1])-[#1])-[#6](-[#1])-[#1])-[#7](-[#6]-[#1])-[#6]=[#8],melamine b
c:1(:n:s:c(:n:1)-[#7](-[#6](-[#1])-[#1])-[#6](-[#1])(-[#1])-[#6](-[#1])(-[#1])-[#7]-[#6](=[#8])-c:2:c:c:c:c:c:2-[#6](=[#8])-[#8]-[#1])-c:3:c:c:c:c:c:3,misc phthal thio n
n:1:c(:c(:c(:c(:c:1-[#1])-[#1])-[#1])-[#1])-[#6](=[#8])-[#7](-[#1])-[#7]=[#6](-[#1])-c:2:c:c:c:c:c:2-[#8]-[#6](-[#1])(-[#1])-[#6](=[#8])-[#8]-[#1],hzone acyl misc b
[#6](-[#1])(-[#1])(-[#1])-[#6](-[#6](-[#1])(-[#1])-[#1])(-[#6](-[#1])(-[#1])-[#1])-c:1:c(:c(:c(:c(:c:1-[#8]-[#1])-[#6](-[#6](-[#1])(-[#1])-[#1])(-[#6](-[#1])(-[#1])-[#1])-[#6](-[#1])(-[#1])-[#1])-[#1])-[#6](-[#1])(-[#1])-c:2:c:c:c(:c(:c:2-[#1])-[#1])-[#8]-[#1])-[#1],tert butyl b
[#7](-[#1])(-[#1])-c:1:c(-[#7](-[#1])-[#1]):c(:c(-[#1]):c:2:n:o:n:c:1:2)-[#1],diazox e
"[#7](-[#1])(-[#1])-c:1:c(:c(:c(:c(:c:1-[#7](-[#1])-[#16](=[#8])=[#8])-[#1])-[#7](-[#1])-[#6](-[#1])-[#1])-[F,Cl,Br,I])-[#1]",anil nh no alk b
[#7](-[#1])(-[#1])-c:1:c(:c(:c(:c(:c:1-[#7]=[#6]-2-[#6](=[#6]~[#6]~[#6]=[#6]-2)-[#1])-[#1])-[#1])-[#1])-[#1],anil no alk a
[#7](-[#1])(-[#1])-c:1:c(:c(:c(:c(:c:1-n:2:c:c:c:c:2)-[#1])-[#6](-[#1])-[#1])-[#6](-[#1])-[#1])-[#1],anil no alk b
[#16]=[#6]-[#6](-[#6](-[#1])-[#1])=[#6](-[#6](-[#1])-[#1])-[#7](-[#6](-[#1])-[#1])-[#6](-[#1])-[#1],thio ene amine a
[#6]-1:[#6]-[#8]-[#6]-2-[#6](-[#1])(-[#1])-[#6](=[#8])-[#8]-[#6]-1-2,het 55 b
[#8]-[#6](=[#8])-[#6](-[#1])(-[#1])-[#16;X2]-[#6](=[#7]-[#6]#[#7])-[#7](-[#1])-c:1:c:c:c:c:c:1,cyanamide a
[#8]=[#6]-[#6]-1=[#6](-[#16]-[#6](=[#6](-[#1])-[#6])-[#16]-1)-[#6]=[#8],ene one one a
[#8]=[#6]-1-[#7]-[#7]-[#6](=[#7]-[#6]-1=[#6]-[#1])-[!#1]:[!#1],ene six het d
[#8]=[#6]-[#6](-[#1])=[#6](-[#6]#[#7])-[#6],ene cyano e
[#8](-[#1])-[#6](=[#8])-c:1:c(:c(:c(:c(:c:1-[#8]-[#1])-[#1])-c:2:c(-[#1]):c(:c(:o:2)-[#6](-[#1])=[#6](-[#6]#[#7])-c:3:n:c:c:n:3)-[#1])-[#1])-[#1],ene cyano f
c:1:c(:c:c:c:c:1)-[#7](-c:2:c:c:c:c:c:2)-[#7]=[#6](-[#1])-[#6]:3:[#6](:[#6](:[#6](:[!#1]:3)-c:4:c:c:c:c(:c:4)-[#6](=[#8])-[#8]-[#1])-[#1])-[#1],hzone furan c
[#7](-[#1])(-[#1])-c:1:c(:c(:c(:c(:c:1-[#1])-[#1])-c:2:c(-[#1]):c(:c(-[#6](-[#1])-[#1]):o:2)-[#6]=[#8])-[#1])-[#1],anil no alk c
[#8](-[#1])-[#6](=[#8])-c:1:c:c:c(:c:c:1)-[#7]-[#7]=[#6](-[#1])-[#6]:2:[#6](:[#6](:[#6](:[!#1]:2)-c:3:c:c:c:c:c:3)-[#1])-[#1],hzone acid d
[#8](-[#1])-[#6](=[#8])-c:1:c:c:c:c(:c:1)-[#6]:[!#1]:[#6]-[#6]=[#7]-[#7](-[#1])-[#6](=[#8])-[#6](-[#1])(-[#1])-[#8],hzone furan e
[#8](-[#1])-[#6]:1:[#6](:[#6]:[!#1]:[#6](:[#7]:1)-[#7](-[#1])-[#1])-[#6](-[#1])(-[#1])-[#6](=[#8])-[#8],het 6 pyridone nh2
[#6]-1(=[!#6&!#1])-[#6](-[#7]=[#6]-[#16]-1)=[#8],imine one fives d
n2(-c:1:c:c:c:c:c:1)c(c(-[#1])c(c2-[#6]=[#7]-[#8]-[#1])-[#1])-[#1],pyrrole m
n2(-[#6](-[#1])-c:1:c(:c(:c:c(:c:1-[#1])-[#1])-[#1])-[#1])c(c(-[#1])c(c2-[#6]-[#1])-[#1])-[#6]-[#1],pyrrole n
n1(-[#6](-[#1])-[#1])c(c(-[#6](=[#8])-[#6])c(c1-[#6]:[#6])-[#6])-[#6](-[#1])-[#1],pyrrole o
n1(-[#6])c(c(-[#1])c(c1-[#6](-[#1])=[#6](-[#6]#[#7])-c:2:n:c:c:s:2)-[#1])-[#1],ene cyano g
n3(-c:1:c:c:c:c:c:1-[#7](-[#1])-[#16](=[#8])(=[#8])-c:2:c:c:c:s:2)c(c(-[#1])c(c3-[#1])-[#1])-[#1],sulfonamide j
n2(-c:1:c(:c(:c(:c(:c:1-[#1])-[#1])-[#1])-[#1])-[#6](=[#8])-[#7](-[#1])-[#6](-[#1])(-[#6](-[#1])-[#1])-[#6](-[#1])(-[#1])-[#8]-[#6]:[#6])c(c(-[#1])c(c2-[#1])-[#1])-[#1],misc pyrrole benz
c:1(:c:c:c:c:c:1)-[#7](-[#1])-[#6](=[#16])-[#7]-[#7](-[#1])-[#6](-[#1])=[#6](-[#1])-[#6]=[#8],thio urea r
[#6]-1(-[#6](=[#8])-[#6](-[#1])(-[#1])-[#6]-[#6](-[#1])(-[#1])-[#6]-1=[#8])=[#6](-[#7]-[#1])-[#6]=[#8],ene one one b
[#7](-[#1])(-[#1])-[#6]-1=[#6](-[#6]#[#7])-[#6](-[#1])(-[#6]:[#6])-[#16]-[#6;X4]-[#16]-1,dhp amino cn h
[#6](-[#1])(-[#1])-[#8]-c:1:c(:c(:c(:c(:c:1-[#1])-[#1])-[#1])-[#1])-[#7](-[#1])-c:2:c:c:n:c:3:c(:c:c:c(:c:2:3)-[#8]-[#6](-[#1])-[#1])-[#8]-[#6](-[#1])-[#1],het 66 anisole
[#6](-[#1])(-[#1])-[#8]-c:1:c(:c(:c(:c(:c:1-[#1])-[#1])-[#8]-[#6](-[#1])-[#1])-[#1])-[#7](-[#1])-c:2:n:c(:c:s:2)-c:3:c:c:c(:c:c:3)-[#8]-[#6](-[#1])-[#1],thiazole amine n
[#6]~1~3~[#7](-[#6]:[#6])~[#6]~[#6]~[#6]~[#6]~1~[#6]~2~[#7]~[#6]~[#6]~[#6]~[#7+]~2~[#7]~3,het pyridiniums c
[#7]-3(-c:2:c:1:c:c:c:c:c:1:c:c:c:2)-[#7]=[#6](-[#6](-[#1])-[#1])-[#6](-[#1])(-[#1])-[#6]-3=[#8],het 5 e
C1(C)(C)SC(C(=O)O)=C(C(=O)O)S1,"2,2-dimethyl-4,5-dicarboxy-dithiole"
c([OH])c([OH])c([OH]),"2,3,4 trihydroxyphenyl"
c([OH])c([OH])cc([OH]),"2,3,5 trihydroxyphenyl"
C(=O)OC(=O),acid anhydrides
"[S,C](=[O,S])[F,Br,Cl,I]",acid halides
c1c2cc4ccccc4nc2ccc1,acridine
"P(=S)([OH1,O$(O[#6])])([OH1,O$(O[#6])])[S,O]",active phosphate
C(=O)-C#N,acyl cyanide
[*;R]=[*;R]=[*;R],adjacent ring double bonds
[#6][C!H0]=O,aldehyde
COS(=O)(=O)C(F)(F)F,aliphatic triflate
"[Br,Cl,I][CX4;CH,CH2]",alkyl halides
"[C;H1$(C([#6;!$(C=O)])),H0$(C([#6;!$(C=O)])[#6;!$(C=O)])]=[CH1]!@N([#6;!$(C(=O))])[#6;!$(C(=O))]",alkylenamine
*=C=*,allene
"[C;!$(C[N])](=O)!@[C;h1,h2;H1,H2][F,Cl,Br,I]",alpha halo carbonyl
c1nnnn1C=O,amidotetrazole
c1(N)ccc(C(=O)NC3(=O))c(c3ccc2)c21,amino naphtalimide
NC#N,aminonitrile
[#6]C(=O)OC(=O)[#6],anhydride
O=*N=[N+]=[N-],any carbazide
cN=N=N,aromatic azides
N=[N+]([O-])C,azanitrone
[N;R0]=[N;R0]CC=O,azoalkanals
c1ccccc1[N!r]=[N!r]c2ccccc2,azobenzene
[N;R0]=[N;R0]C#N,azocyanamide
"C(=O)CC[N+,n+]",b-carbonyl quaternary nitrogen
"cC[N+,NX4]",benzylic quaternary nitrogen
"C(=O)C[N+,n+,NX4,nX4]",beta-carbonyl quaternary nitrogen
"[C;H2$(CF),H1$(C(F)F)]!@[CH2][N,O]",beta-fluoro-ethyl-on
C12C(NC(N1)=O)CSC2,biotin analogue
C(=O)N=N=N,carbazides
N=C=N,carbodiimides
"C(Cl)(Cl)(Cl)C([O,S])[NX3]",ccl3-cho releasing
[Cl]C([C&R0])=N,chloramidine
SC(=[!r])S,conjugated dithioether
O1CCOCCOCCOCC1,crown ether 12cro4
O1CCOCCOCCOCCOCC1,crown ether 15cro5
O1CCOCCOCCOCCOCCOCC1,crown ether 16cro6
[O;R1][C;R1][C;R1][O;R1][C;R1][C;R1][O;R1],crown ethers
N[CH2]C#N,cyanamide
P(OCC)(OCC)(=O)C#N,cyanophosphonate
N#CC[OH1],cyanohydrin
P(=O)([OH])OP(=O)[OH],di and triphosphates
C#CC#C,diacetylene
C=[N+]=[N-],diazoalkane
[N+]#N,diazonium salt
C!@=[CH1]-C!@=[CH1]-[CX3](=O),diene
c1c([N+](=O)[O-])c([N+](=O)[O-])ccc1,dinitrobenzene 1
c1c([N+](=O)[O-])ccc([N+](=O)[O-])c1,dinitrobenzene 2
c1c([N+](=O)[O-])cc([N+](=O)[O-])cc1,dinitrobenzene 3
[SX2][SX2],disulfides
NC(=S)S,dithiocarbamate
S1SC=CC1=S,dithiole-2-thione
S1C=CSC1=C,dithiole-3-thione
S[C;!$(C=*)]S,dithiomethylene acetal
C=!@CC#C,enyne
"C1[O,S,N]C1","epoxides, thioepoxides, aziridines"
C(=O)Onnn,ester of hobt
"c1cccc(NC(=NC(=[N,S,O])NC(=O)3)C3=N2)c12",flavin
c1cc(O)cc(OC(=CC(=O)C=C3)C3=C2)c12,fluorescein
C(C(CF)F)F,fluorinated carbon 1
C(C(F)F)(F)F,fluorinated carbon 2
C1(=O)OCC1,four member lactones
[NH1;!r][CX4][NH1;!r],geminal amines
N#CCC#N,geminal dinitriles
"[Cl,Br,I]c1[c,n][c,n][c,n][c,n]n1","halo-pyridine, -diazoles and -triazoles"
N=NC(S)N,hydrazothiourea
c1[n+]([#6])ccn1([#6]),imidazolium
"[#6,#8,#16]-[CH1]=[NH1]",imine2
"[#6][C;R0](=[N;R0,O0])[#6]",imines (not ring)
"N=C=[S,O]",isocyanates and isothiocyanates
[N+]#[C-],isonitrile
C=C=O,ketene
P(=S)(S)S,lawesson reagent derivatives
S1C=CSC1=S,"methylidene-1,3-dithiole"
c1ccccc1C(=O)C=!@CC(=O)!@*,michael phenyl ketone
"[NX3,NX4][F,Cl,Br,I]",n-halo
"c1ccc(n[o,s]n2)c2c1[N+](=O)[O-]",nitrobenz-azadiazole 1
"c1c([N+](=O)[O-])cc(n[o,s]n2)c2c1",nitrobenz-azadiazole 2
N-[N;X2](=O),nitrosamine
[N&D2](=O),nitroso
"N1=C[S,NH1]C(=[C,N,P][C,N,O,P])C1(=O)",noname
[N+!$(N=O)][O-X1],n-oxide aliphatic
[#6][S!$(S(~[OD1])~[OD1])][N;H0],n-s (not sulfonamides)
C(O)(O)[OH],orthoester
c1c([OH1])c(C(C)(C)C)ccc1,o-tertbutylphenol
C1(=O)C=CCSC=C1,oxobenzothiepine
"[P,S][Cl,Br,F,I]",p or s halides
Nc1aaa(N!@=N)aa1,p-aminoaryl diazo
PCP,pcp
C(=O)Oc1ccc([N+](=O)[O-])cc1,paranitrophenyl esters
"c1c([F,Cl])c([F,Cl])c([F,Cl])c([F,Cl])c1([F,Cl])",pentahalophenyl
C(=O)Oc1c(F)c(F)c(F)c(F)c1(F),pentafluorophenyl esters
[#8]~[#8],peroxide
c12cccc3c1c4c(cc3)cccc4cc2,phenanthrene
C(=O)!@Oc1ccccc1,phenylester
[#6]P(=O)(~O)O[#6],phosphonate esters
NP(=O)(N)N,phosphoramides
C=P,phosphorane
"[S,P][F,Cl,Br,I]",phosphorus halide
C=!@CC=!@C,polyene
C=CC=CC=CC=C,polyenes
cC=CC=CC=Cc,polyene chain between aromatics
CC#CC#CC,polyines
c1cccc(cc(cccc2)c2c3)c13,polynuclear aromatic 1
c1cccc(c(cccc2)c2cc3)c13,polynuclear aromatic 2
*[SX2][SX2][SX2]*,polysulfide
"[#16][F,Cl,Br,I]",sulphur halide
c1c2cccc3c2c4c(cc3)cccc4c1,pyrene fragments
c1ccc[o+]c1,pyrylium
"[C;!r](=[O,S])[S;!r]",reactive carbonyls
"[C;!r](=[O,S])[CD2;!r][F,Br,Cl]",reactive carbonyls
"[C,c;R]#[C,c;R]",ring triple bond
[S;R0]=[N;R0],s=n (not ring)
O=[SX4](=O)OC,sulfonate ester
S(=O)(=O)C#N,sulfonyl cyanide
"COS(=O)O[C,c]",sulphate ester
"COS(=O)(=O)[C,c]",sulphonates
[SX2H0]!@[N],sulphur nitrogen single bond
C1NNC=NN1,tetraazinane
SC#N,thiocyanate
"C[O,S;R0][C;R0](=S)",thioesters
[!a][SX2;H1],thioles (not aromatic)
"P(=S)(-[S;H1,H0$(S(P)C)])(-[O;H1,H0$(O(P)C)])(-N(C)C)",thiophosphothionate
[N;!r][C;!r](=S)[N;!r],thiourea
"*1[O,S]*1",three membered heterocycle
"[#16v3,#16v5]",tri pentavalent s
C(=O)N(C(=O))OC(=O),triacyloxime
c1cnnn1!@C!@[NH1][#6],triazole
OS(=O)(=O)(C(F)(F)(F)),triflate
B(c1ccccc1)(c2ccccc2)c3ccccc3,triphenyl boranyl
P(c1aaaaa1)(c1aaaaa1)(c1aaaaa1),triphenylphosphines
[Si](c1ccccc1)(c2ccccc2)(c3ccccc3),triphenyl silyl
"[Cl,Br,I]C=[!O!R]",vinyl halide
"[#6][CH1]!@=[CH1][S;H1,H0$(S(C)C)](=O)(=O)",vinyl sulphone
[#6]S(=O)(=O)O,sulphates
C1C(=O)C=CC=CC=1,tropone
"[#6]C(=!@N[$(OC),$([OH])])[#6]",oxime
[#6]C(=!@NNa)[#6],hydrazone
[$(N(~!@[#6])!@O);!$([N+]([O-])=O)],nitrosone not nitro
C=S,thiocarbonyl group
C=[NH],enamine like
"c1ccccc1[NH2,NH3+]",analine
"[#6]C(=O)!@OC(=!@[N,O])[#6]",acid anhydrides 2
FC(F)(F)C(=O)N,trifluroacetate amide
[#6]C#[CH],triple bond
C=C=C,allene
"[$(Sc1nnn[nH,n-]1),$(Sc1nn[nH,n-]n1)]",thiatetrazolidine
"[#6][O;R0][$(C([#6])[#6]),$([CH][#6]),$([CH2])][O;R0][#6]",glycol
[#6]C(=O)!@C!@C(=O)N,oxy-amide
"O=[CH][O,N][#6]",formate formide
O=C1C=COC=C1,pyranone
c1cc2C=CC(=O)Oc2cc1,coumarin
s1ccnc1[N!H0],aminothiazole
O=C1CSCN1,thiazolidinone
N1C(=O)CSCC1=O,thiomorpholinedione
O1C=CC=CC=C1,oxepine
c1ccccc1!@[CH]=!@[C!H0],phenylethene
C=[CH2],ethene
C1CC=C1,cyclobutene
*!@c1c(!@*)c(!@*)c(!@*)c(!@*)c1,poly sub atomatic
"[2#1,3#1,11C,11c,14C,14c,125I,32P,33P,35S]",isotopes
"[Ac,Ag,Am,Ar,As,At,Au,Ba,Be,Bi,Bk,Cd,Ce,Cf,Cm,Cr,Cs,Dy,Er,Eu,Fr,Ga,Gd,Ge,He,Hf,Ho,In,Ir,Kr,La,Lu,Mo,Nb,Nd,Ne,Ni,Np,Os,Pa,Pb,Pd,Pm,Po,Pr,Pt,Pu,Ra,Rb,Re,Rh,Rn,Ru,Sb,Sc,Se,Sm,Sr,Ta,Tb,Tc,Te,Th,Ti,Tl,Tm,U,V,W,Xe,Y,Yb,Zr]",undesirable elements salts
"[#6;$([#6]~[#3,#11,#12,#13,#19,#20,#26,#27,#28,#29,#30])]",metal carbon bond
[n+][O-X1].[n+][O-X1],aromatic n-oxide more than one
[N+](=O)[O-].[N+](=O)[O-],nitro more than one
C(=O)OC(=O),anhydride
C(=O)Oc1c(F)c(F)c(F)c(F)c1(F),pentafluorophenyl ester
C(=O)Oc1ccc([N+]([O-])=O)cc1,p-nitrophenyl ester
O=*N=[N+]=[N-],any carbazide
C(=O)Onnn,hobt ester
cN=[N+]=[N-],aromatic azide
"[#6,#8,#16]-[CH1]=[NH1]",imine2
S(=O)(=O)C#N,sulfonyl cyanide
[N;R0]=[N;R0]C#N,azocyanamide
N#CC[OH],cyanohydrin
N#CC(=O),acyl cyanide
"[S,C](=[O,S])[F,Br,Cl,I]",acid halide
[Cl]C([C&R0])=N,chloramidine
"[P,S][F,Cl,Br,I]",p/s halide
"[C+,Cl+,I+,P+,S+]",quaternary
[!#6;!#7;!#8;!#16;!#1;!#3;!#9;!#11;!#12;!#15;!#17;!#19;!#20;!#30;!#35],unacceptable atoms
C(=O)N(C(=O))OC(=O),triacyloxime
"C(=O)CC[N+,n+]",b-carbonyl quaternary nitrogen
cC[N+],benzylic quaternary nitrogen
C=P,phosphorane
P(=S)(S)S,lawesson reagent derivatives
P(OCC)(OCC)(=O)C#N,cyanophosphonate
"COS(=O)(=O)[C,c]",sulfonate
"a-S(=O)(=O)-O[$([a&!#6]),$(c[a&!#6]),$(cc[a&!#6]),$(ccc[a&!#6]),$(cccc[a&!#6]),$(ccccc[a&!#6])]",heteroaryl sulfonate
"COS(=O)O[C,c]",sulfate ester
OS(=O)(=O)C(F)(F)F,triflate
"[C,S,P](=O)[OH].[C,S,P](=O)[OH].[C,S,P](=O)[OH].[C,S,P](=O)[OH]",polyacidic
[OH]-S(=O)(=O)-*,sulfonic acid
[SH],thiol
[OH1]-C(-c1ccccc1)c2ccccc2,benzhydrol
[OH1]c1ccc([OH1])cc1,dihydroxybenzene
c([OH])c([OH])c([OH]),"2,3,4trihydroxyphenyl"
c([OH])c([OH])cc([OH]),"2,4,5trihydroxyphenyl"
*=C=*,allene
N=N=N,azide
[N;R0]=[N;R0]CC=O,azoalkanal
N=NC(=S)N,hydrazothiourea
N=N,azo
[#6]-[CH1]=O,aldehyde
[#6]-O[CH1](-[#6])[OH1],hemiacetal
[#6]-O[CH1](-[#6])O-[#6],acetal
[#6]-C(=O)-[#6],ketone
[#6]-C(=O)O-[#6],ester
"[#6,#8,#16]-C(=[NH1])[#6,#8,#16]",imine 1
C=[NH],imine 3
CC(=S)C,thioketone
"C[O,S;R0][C;R0](=S)",thioester
COC(=S)C,thionoester
CC(=S)N,thioamide
NC(=S)N,thiourea
[N&D2](=O),nitroso
[CD2;R0][CD2;R0][CD2;R0][CD2;R0][CD2;R0][CD2;R0],long chain hydrocarbon
"[N,C,S,O]-&!@[N,C,S,O]-&!@[N,C,S,O]-&!@[N,C,S,O]-&!@[N,C,S,O]-&!@[N,C,S,O]-&!@[N,C,S,O]",long aliphatic chain
"[$([A&D2]),$([A&D1])]!@[A&D2]!@[A&D2]!@[A&D2]!@[A&D2]!@[$([A&D2]),$([A&D1])]",unbranched chain
C=CC=CC=CC=C,polyene
[N+]#[C-],isonitrile
SC#N,thiocyanate
N[CH2]C#N,cyanamide
a-[N+](=O)[O-].a-[N+](=O)[O-],nitro aromatic 2+
"[Br,Cl,I][CX4,CH,CH2,CH3]",alkyl halide
"O=CC(-[F,Cl,Br,I])([F,Cl,Br,I])-[F,Cl,Br,I]",perhalo ketone
"O=CCC[F,Cl,Br,I]",beta halo carbonyl
"[F,Cl,Br][c]1:[c,n]:[c,n]:[n]:[c,n]:[c,n]1",4-halopyridine
"[F,Cl,Br][c]1:[c,n]:[c,n]:[c,n]:[c,n]:[n]1",2-halopyridine
"*[N,S,O]-&!@[N,S,O][#6]",hetero hetero
OO,peroxide
SS,disulfide
[#6]-[NH]-[NH]-[#6],hydrazine
[N;R0][N;R0]C(=O),acyl hydrazine
"[#6]-[CH1]=C-C(=O)[#6,#7,#8]",vinyl michael acceptor1
"[CH2]=C-C(=O)[#6,#7,#8]",vinyl michael acceptor2
N#CC(=C)C#N,michael acceptor 5
"[#6,#7]-&!@[#6](=&!@[CH])-&!@C(=O)-&!@[C,N,O,S]",michael acceptor 6
"[#6]-C#CC(=O)[#6,#7,#8]",alkynyl michael acceptor1
"[CH1]#CC(=O)-[#6,#7,#8]",alkynyl michael acceptor2
C[N+](=O)[O-],nitroalkane
[O;R1][C;R1][C;R1][O;R1][C;R1][C;R1][O;R1],crown ether
[#6]-O-[N+](=O)[O-],nitrate
O=C-&!@C=O,oxalyl
*-C(=O)-&!@[NH]-C-&!@C(=O)-&!@[NH]-*,dipeptide
C[N+](-[O-])(C)C,quaternary nitroxy
a-P(-a)-a,triphenylphosphine
[OH]-P(=O)(-O)-*,phosphoric acid
COP(=O)(-*)O,phosphoric ester
P(=O)([OH])OP(=O)[OH],di/triphosphate
[#6]OP(=O)(*)O[#6].[#6]OP(=O)(*)O[#6].[#6]OP(=O)(*)O[#6],tri phosphoric esters
NP(=O)(N)N,phosphoramide
c1(c)c2c(c)cccc2ccc1,phenalene
"c12:[c,n]:[c,n]:[c,n]:[c,n]:c1[c,n]c3:[c,n]:[c,n]:[c,n]:[c,n]:c3[c,n]2",(poly(azo(anthracene))
"c12:[c,n]:[c,n]:[c,n]:[c,n]:c1:[c,n]:[c,n]:c3:[c,n]:[c,n]:[c,n]:[c,n]:c23",(poly(azo(phenanthrene))
"C1[O,S,N]C1","epoxide, aziridine, thioepoxide"
C1(=O)OCC1,propiolactone
N1CCC1=O,b-lactam
O=C1CCCC(N1)=O,cycloheximide
"[#6,#7]-S(=O)(=O)Oc",aromatic sulfonic ester
"[$([o,n]=c1ccc(=[o,n])cc1),$([O,N]=C1C=CC(=[O,N])C=C1),$([O,N]=C1[#6]:,=[#6]C(=[O,N])[#6]:,=[#6]1)]",quinone
O1CCCCC1OC2CCC3CCCCC3C2,saponin
O1CCCCC1C2CCCO2,monensin
C12OCCC(O1)CC2,squalestatin
[OH]c1cc([OH])cc2=[O+]C(=C([OH])Cc21)c3cc([OH])c([OH])cc3,cyanidin
O=C1NCC2CCCCC21,cytochalasin
"[Cl,Br,I][CX4][CX4][$([O,S,N]*),Cl,Br,I]",2 halo ether
"[C,S,P](=O)[F,Cl,Br,I]",acyl phosphyl sulfonyl halide
"[F,Cl,Br,I][CX4]C=C",allyl halide
"[Br,Cl,I][C!H0]C=[O,S]",alpha halo carbonyl
"[NX2R0;!H0,$([NX2R0]~[!#7])]=[NX2R0;!H0,$([NX2R0]~[!#7])]",azo
"[Br,Cl,I][CX4]c",benzyl halide
[!#7]~[NX2]~[NX1],diazo
"N=C=[N,O,P,S]",thio isocyanat diimin
"[!#1!#6!#7!#8!#9!#15!#16!#17]~[*,#1]",metal
"[CH2]=[CH][N,O,P,S;R0]",terminal vinyl
[NR0]~[NX2]~[OX1],nitrosamin
"[*,#1]~[NX2]~[OX1]",nitroso
"S=P~[*,#1]",ps double bond
"c1ccc[s,o;X2]c1",thio oxopyrylium salt
[SX4](~S)(~O)(~O)~*,thiosulfate
[PX3]([#6])([#6])[#6],trialkyl phosphin
[PX4](~[!O!S])([#6])([#6])[#6],trialkyl phosphin2
"[C;!H0,$(C[!#7])]=NO[C,S,P](=O)*",oxime ester
O=C[NX3](C=O)OC(=O)*,hydroxyimide ester
[Nv3X3][Nv3X3!H0],hydrazine
[NX1]#C[CX4][OH],cyanhydrin
*[SX3](*)*,sulfonium salt
C1(C=CC=CC1=O)=O,ortho quinone
"*C([F,Cl,Br,I,$(OS(=O)(=O)*)])=[NX2]*",react imide
"*S(=O)(=O)[F,Cl,Br,I]",sulfonyl halide
"AA[CH2][F,Cl,Br,I,$(OS(=O)(=O)*)]",alkyl halide
"*[C,S](=O)O[C,S](=O)*",anhydride
"c1nc(ncc1)[Br,I]",halo pyrimidine
"CC(=[OX1,SX1,NH])[SX2][*,#1]",thioester
"[C;!H0,$(C[#6])](=O)CC[Br,I]",beta halo carbonyl
"[*,#1][SX2R0]O[*,#1]",so bond
"[*,#1][OR0]O[*,#1]",oo bond
[CH3][CH2][CH2][CH2][CH2][CH2][CH2][CH2][CH2][CH2],c10 alkyl
"[2#1,3#1,13C,14C,15N,125I,23F,22Na,32P,33P,35S,45Ca,57Co,103Ru,141Ce]",isotope
P-P,pp bond
S=S,ss double bond
[Si]~O,silicate
O=[CH]*,aldehyde
C[CR0]=[NR0][*!O],imine
"C1C[N,S,O]1",epoxide aziridine
*C(=O)C(=O)*,12 dicarbonyl
[*!$(C[OH])]=C([OH])C(=O)*,12 dicarbonyl tautomer
C#CC=O,michael acceptor sp1
"[C;!H0,$(C[#6]),$(C[OH0]),$(C1(=O)C=CC(=O)C=C1)](=O)C=[C!$(C[Nv3X3,OH])]",michael acceptor2
"[Br,Cl,I][CX4]C=[C,N,P]",allyl halide2
"N[F,Cl,Br,I]",nhalide
O=S(=O)(*)F,so2f
O=S(*)OF,foso
"[*,#1]~[F,Cl,Br,I]~[*,#1]",halogen
"C[Mg][F,Cl,Br,I]",grignard
N[PX3](N)N,pn3
"NC[F,Cl,Br,I]",nc haloamine
O=C1C=CC(=O)C=C1,para quinones
S-S,ss bond
Oc1cc(O)cc(O)c1,polyphenol1
Oc1c(O)cc(O)cc1,polyphenol2
C=P,phoshorous ylide
N!@[SX2],acyclic n-s
"[#15]~[F,Cl,Br,I,#16]",phosphor halide and p s bond
"[O,S]~[Cl,Br,I]",oxo thio halide
a1aaaa2ccc3ccccc3c12,polyaromatic
"[#6][C,S](=[O,S])C[F,Cl,Br,I]",halo ketone sulfone
"[#6][P,S](~[OX1])(~[OX1])O[C!H0]",alkyl sulfonate
C(F)(F)C(F)(F)C(F)(F)C(F)(F),c4 perfluoralkyl
"[O,S]C#N",s or o c triplebond n
a1aaac2cc3ccccc3cc12,anthracene acridine
"[O,S]C(=[O,S])[O,S]",thio carbonate
*(C#N)C#N,alkylcn2
"*C(=[O,S])[O,S]C(=[O,S])*",thio anhydride
C(=O)C([OH])[OH],hydrated di ketone
CC(=S)C,thio ketone
*[SX2H],thiol
"[C!H0][Br,I]",alkyl br i
CC(=S)O,s ester
"[*!#7]~[#6]-,=CN(~O)(~O)",alkyl no2
*~@C1C(=O)NC(=O)C(~@*)1,bicyclic imide
[CH]1C(=O)NC(=O)[CH]=1,maleimide
"[N,S]1[C,N,S][C,N,S]1",thioepoxide aziridone
"S!@C(=!@[O,S])!@[#7]",thiocarbamate
"[c,n]1[c,n][c,n][c,n][c,n]n(C)1",pyridinium
"[F,Cl,Br,I]C-,=;!@C([F,Cl,Br,I])-,=;!@C([F,Cl,Br,I])",per halo chain
"[N,P,Se,S][C!H0]C[Br,Cl,I]",nitrogen mustard
*C(=O)C(=!@[C!H0])C#N,keto acrylonitrile
N#C[#7!$(N(C#N)=C(N)NC)],cyanamide
"[N,O,S]-@[#6!$(*(~@*)(~@*)~@*)]@[#6!$(*(~@*)(~@*)~@*)]-@[N,O,S]-@[#6!$(*(~@*)(~@*)~@*)]@[#6!$(*(~@*)(~@*)~@*)]-@[O,N]-@[#6!$(*(~@*)(~@*)~@*)]@[#6!$(*(~@*)(~@*)~@*)]-@[N,O,S]-@C",crowns
[C!H0]=CS(=O)(=O)*,ene sulfone
"[*!$(C=O)]!@N!@O[*,#1]",hydroxylamine
N=!@S,n double bond s
*(c1ccccc1)(c1ccccc1)(c1ccccc1),trityl
C(=O)!@N!@C(=O)[#7],acetyl urea
"c1nc(ccc1)[Br,I,Cl,F]",2 halo pyridine
O~N(=O)-c(:*):*,aromatic no2
[2H],deuterium
[13#6],c13
n1c(cccc1)Cl,2-chloropyridine
[NH2D1]-c(:*):*,aniline
"[Si,B,Se]","si,b,se atoms"
[!#6]-[CH2]-N1C(=O)CCC(=O)1,hetero imides
O[CH2][CH2]O-!@[CH2][CH2]O,poly ethers
C-!@[NX2]=[C!R]-C,acyclic imines
"[S,P](=O)OC",alkyl esters of s or p
"P(=[O,S])[C,N]([C,N])[C,N]",ugly p compounds
"[N;!$(N-[C,S]=*)]-,=;!@[N;!$(N-[C,S]=*)]","acyclic n-,=n and not n bound to carbonyl or sulfone"
N-!@[CX4]-!@N,acyclic n-c-n
N-!@[SX2]-*,acyclic n-s
"[N,S,O][CH2][CH2]-[F,Cl,Br,I]",mustards
O=[C!H0],aldehyde
O=[CX3]-!@[CX3]=O,"1,2-dicarbonyl not in ring"
NC(OC([CH3])([CH3])[CH3])=O,"carbamate, t-boc protected"
NC(O[CH2]c1ccccc1)=O,"carbamate, cbz protected"
OC(=O)-!@[NX3],carbamate include di-substitued n
"O=C-[F,Cl,Br,I]",acyl halide
"[CH2]-[Cl,Br,I]",alkyl halide
"O=C-C-[F,Cl,Br,I]",alpha halo carbonyl
"S(=O)(=O)-[F,Cl,Br,I]",sufonyl halide
[ND1]=C-!@[SX2]-[CH2D2],n:c-sch2 groups
N-C(=S)-N,thiourea
[CH2D1]=[CD2]-!@*,terminal vinyl
S=P~*,thiophosphoryl
S-C#N,thio cyanates
*-[S!H0],thiols
[Sv4](=O)(-!@[!#1])-!@[!#1],thionyl
"N-[F,Cl,Br,I]",n-haloamines
"N-C-[F,Cl,Br,I,$(C#N)]",n-c-hal or cyano methyl
"[$(C#N),$(N(~O)~O),$(C=O),$(S(=O)=O),$(C(F)(F)F),Cl][C!H0]=[C!H0]",alpha beta-unsaturated ketones; center of michael reactivity
[C;!$(C=*)][C!R](=O)[CH2D2],aliphatic ketone not ring and not di-carbonyl
C[C!R](=O)[O!R][CH2D2],"aliphatic ester, not lactones"
[CH2][CH2][CH2]-!@[CH2][CH2][CH2],"long aliphatic chain, 6+"
"O=[#6]1[#6]:,=[#6][#6](=O)[#6]:,=[#6]1",quinones
C=C-!@O-*,acyclic c=c-o
[NH1X2]=[C!R;!$(C(-N)(=[NH1])-N)],acyclic c=n-h
O-!@[N;!$(N(=O)=O);!$([N+](=O)[O-])],acyclic no not nitro
S-S,disulfide
O~O,peroxide
C-C(=O)[SD2],thioester
N~1~*~*1,aziridine-like n in 3-membered ring
O~1C~*1,epoxides
I-c:*,aryl iodide
Br-c:*,aryl bromide
a1aaa2a(a1)aaa(a2):a,multiple aromatic rings
"[!#1]-,:1-:a2a(-:[!#1]:3:a1aaaa3)aaaa2",multiple aromatic rings
"[P,S](~O)(~O)~O",s/po3 groups
C12CC3CC(C1)CC(C2)C3,adamantyl
C#N.C#N,too many cyano groups (>1)
[CX3](=O)[OH1].[CX3](=O)[OH1],too many cooh groups (>1)
[NH2][CX4]C(=O)O,amino acid
Cl~O,chlorates
"[F,Cl,Br,I].[F,Cl,Br,I].[F,Cl,Br,I].[F,Cl,Br,I]",high halogen content (>3)
c1cccc2c1c3c(c5CNCOc25)cco3,naphthafurans
"[OX1,N]=[#6]1-,:[#6]=,:[#6]2-,:[#16X2,#8X2]-,:[#6]3=,:[#6]-,:[#6](=,:[#6]-,:[#6]=,:[#6]3-,:[#7]=,:[#6]2-,:[#6]=,:[#6]1)",phenoxazines
"[#6]2=,:[#6]3-,:[#6]4=,:[#6](-,:[#6]=,:[#6]-,:[#6]=,:[#6]4)-,:[#6](=O)-,:[#6]4=,:[#6]3-,:[#6](=,:[#6]-,:[#6]=,:[#6]4)[#7]-,:[#6]2=O",anthrones
"[c,n]1cnn2c([NH])cnc12",imidazotriazoles
"[#6R1]1-,:[#6R1](=[OX1])c2ccccc2-,:[#6]([NX3])=,:1",indenones
[CX4]1c2ccccc2[NX3]([CX4][CX4][CX4][NX3])[CX4]1,indolines
[NH2]C1=C(C#[NX1])[C!H0](-cc)C(C#[NX1])=C([NH2])S1,cyanothiopyrans
"[#16X2]1-,:[#6X3]([CX2]#[NX1])=,:[#6X3]([CX2]#[NX1])-,:[#16X2]-,:[#6X3]([CX2]#[NX1])=,:[#6X3]1([CX2]#[NX1])",cyanodithiine
"[OX1,SX1]=[#6X3]1c2c([nX2][cX3,nX2,nX3][cX3,nX2,nX3][cX3,nX2,nX3]2)[c,n]2c1[cX3!$([#6X3]=[A])][cX3!$([#6X3]=[A])][cX3!$([#6X3]=[A])][cX3!$([#6X3]=[A])]2",azafluorenones
"[SX1]=[#6X3]1-,:[#7X3H1]-,:[#7X2,#6X3!$([#6X3]=[A])]=,:[#7X2,#6X3!$([#6X3]=[A])]-,:[#7X2,#6X3!$([#6X3]=[A])]=,:[#6X3]1([CX2]#[NX1])",cyanothioazinones
"[OX1]=[#6X3]1-,:[#6X3]=,:[#6X3]-,:[#6X3]([CX2]#[NX1])=,:[#6X3]2-,:[#7X3]([CX4][CX4]([OX2H1])[CX4][NX3H1]c5ccccc5)-,:[#6]3ccccc3-,:[#7X3]12",cyanopyridinones
[SX2]1C(=C(C4=C1[NX3!H0]C(C(=[C!H0]4)C(=[OX1])[OX2H1])=[OX1])[NX3H2])C(=[OX1])[NX3!H0],thienopyridinones
"[OX2]1[CX3]([NX3H2])=[CX3]([CX2]#[NX1])[CX4][#6X3]2[#6X3](=[OX1])-,:[#7X3H1]-,:[#6X3]=,:[#6X3]-,:[#6X3]12",pyranopyridinones
"[$([#8]1-,:[#6](-,:[#16]c4cc(ccc14)[#7,#8])=[OX1,SX1]),$([#8]1-,:[#6](-,:[#16]c4ccc(cc14)[#7,#8])=[OX1,SX1])]",benzoxathiolones
"[#6X3]1-,:[#6X3]=,:[#6X3]-,:[#6X3]=,:[#6X3]2-,:[#6X3]1-,:[#6X3](=[OX1])-,:[#6X3]3-,:[nX3]4-,:[#6X3](-,:[#6X3]=,:[#6X3]-,:[#6X3]=,:[#6X3]4)=,:[#6X3]-,:[#6X3]3-,:[#6X3]2=[OX1]",indoloquinones
[OX1]=[CX3]1[CX4][CX4][CX4][CX3]2=[CX3]1[CX4](c5ccc([OX2H1])c([OX2H1])c5)[NX3]c3ccc4[nX2]cccc4c23,catechols
"[#7X2]1=,:[#6X3]-,:[#6X3](-,:[#6X3](-,:[#7X3]1)=[SX1,OX1])=,:[#6X3H1](-,:[#7X3H1])",pyrazolones
"[$([cX3!$([#6X3]=[A])]3[cX3!$([#6X3]=[A])][cX3!$([#6X3]=[A])][cX3!$([#6X3]=[A])][cX3!$([#6X3]=[A])][cX3]3[SX4](=[OX1])(=[OX1])[NX3H1][cX3]1[cX3!$([#6X3]=[A])][cX3!$([#6X3]=[A])][cX3!$([#6X3]=[A])]2s[cX3!$([#6X3]=[A])]n[cX3!$([#6X3]=[A])]2[cX3!$([#6X3]=[A])]1),$([NX3]([cX3]1[cX3!$([#6X3]=[A])][cX3!$([#6X3]=[A])][cX3!$([#6X3]=[A])][cX3!$([#6X3]=[A])][cX3!$([#6X3]=[A])]1)[SX4](=[OX1])(=[OX1])[cX3]2c3n[o,s]n[cX3!$([#6X3]=[A])]3[cX3!$([#6X3]=[A])][cX3!$([#6X3]=[A])][cX3!$([#6X3]=[A])]2)]",sulfonylamide a
"[NX3]1([CH3,$(c5[cX3!$([#6X3]=[A])][cX3!$([#6X3]=[A])][cX3!$([#6X3]=[A])][cX3!$([#6X3]=[A])]c5)])[CX4][CX4][NX3]([SX4](=[OX1])(=[OX1])[$(c2[cX3R1;!$([#6X3]=[OX1])][cX3R1;!$([#6X3]=[OX1])][cX3R1;!$([#6X3]=[OX1])][cX3R1;!$([#6X3]=[OX1])][cX3R1;!$([#6X3]=[OX1])]2),$(c7[cX3!$([#6X3]=[A])][cX3!$([#6X3]=[A])][cX3!$([#6X3]=[A])]c8nsnc78)])[CX4][CX4]1",sulfonylamide b
c1[#16+]cccc1,thiopyrylium
"[OX1,SX1]=[#6X3]1[#7X3](-,:[#7X2]=,:[#6X3][NX3H1][#6])-,:[cX3!$([#6X3]=[A])]=,:[#7X2]-,:[cX3!$([#6X3]=[A])]=,:[cX3!$([#6X3]=[A])]1",pyrimidinones a
"[OX1]=[#6X3]1-,:[#6X3]2scc-,:[#6X3]2-,:[#7X3]3-,:[#6X3](=,:[#7X2]-,:[#7X2]=,:[#6X3]3[CX4])-,:[#7X3]1[CX4H3]",pyrimidinones b
"[OX1,SX1]=[#6X3]1[#7X3]-,:[#6X3!$([#6X3]=[A])](-[NX3])=,:[#7X2]-,:[#6X3]2([nX2][#6X3!$([#6X3]=[A])][#6X3!$([#6X3]=[A])][#6X3!$([#6X3]=[A])]c12)",pyrimidinones c
"[#6X3]1(=[OX1,SX1])-,:[#7X3H1]-,:[#6X3](=[OX1,SX1])-,:[#7X3,#7X2]~[#6X3]([#7X2,#7X3;R1])-,:[#6X3]1[sX2r5R1,nX2r5R1,$([nx2r6R1]([cX3])[cX3])]",pyrimidinodiones
"[OX1,SX1]=[#6X3]1-,:[#7X3H1]-,:[#6X4]-,:[#7X3H1]-,:[#6]2-,:[#16X2,#8X2]-,:[#6]3[CX4][NX3,CX4][CX4][CX4]-,:[#6]3-,:[#6]12",thienopyrimidinone a
"[OX1,SX1]=[#6X3]1-,:[#6X3]([#6X3]=[OX1])=,:[#6X3]-,:[#7X2]=,:[#6X3]2-,:[#16X2,#8X2,#7]-,:[#6]3[cX3!$([#6X3]=[A])][cX3!$([#6X3]=[A])][cX3!$([#6X3]=[A])][cX3!$([#6X3]=[A])][cX3!$([#6X3]=[A])]3-,:[#7X3,#6]12",thienopyrimidinone b
"[#7X3]1-,:[#6X3](=[OX1,SX1])-,:[#6X3](=[OX1,SX1])-,:[NX3]-,:[#6X3]2[cX3!$([#6X3]=[A])][cX3]([NX3H1][CX3]=[OX1])[cX3!$([#6X3]=[A])][cX3!$([#6X3]=[A])][cX3]12",piperazinediones
"s1[c,nX2][c,nX2](-c(c)[nX2,nX3,sX2])[nX2]c1",4-heteryl-thiazoles
o1nc([CX4])nc1[CX4H2][SX4](=[OX1])(=[OX1])[CX4H2][CX3](=[OX1])[NX3!H0],oxadiazoles
"[#6]1-,:[#6]=,:[#6]-,:[#6X3](=[OX1])-,:[#6]([OX2H1])=,:[#6]-,:[#6]=,:1",cycloheptenones
[sX2]1[cX3]([NX3H1][CX3](=[OX1])-c)[cX3]([CX3](=[OX1])[OX2][CX4H3])[cX3][cX3]1,thiophenes
[nX2]1[cX3](-[cX3])[sX2][cX3][cX3]1[CX3](=[OX1])[NX3H2],thiazoles
"[NX1]#[CX2][CX4H2][SX2]c1n[c,n][c,n][c,n]n1",cyanothioethers
c1[nX2]c[nX2][nX3]1[CX4][CX4][NX3]([CX4])-c2cc[nX2]c(-c3cc[nX2]cc3)[nX2]2,aminopyrimidines a
"[nX2R1][c,n;R2]1[c,n;R2]([c,n;R1])[c,n][c,n][c,n;R2]([c,n;R1])[nR2]1[nX2R1]",fused azacycles a
"[NX1]#[CX2]c1[c!$([#6]=[OX1])]n[n,c!$([#6]=[OX1])]2[c,n][c!$([#6]=[OX1])][c!$([#6]=[OX1])]nc12",fused azacycles b
[NX3H2]c1ncnc2ncccc21,aminopyrimidines b
[NX3H1]1[CX4][CX4][CX4][CX4]([NX3H1][CX4][CX4]A-c)[CX4]1,ethylenediamines
"[$([NX3]([CX4,H])([CX4,H])[CX4]),$([OX2]([H,CX4])[CX4])][CX4!H0][CX4H2][NX3H1]c[nX2r6R1][nX2,nX3][nX2,cX3;R1][cX3,nX2][cX3,nX2][sX2,cX3][cX3]",arylethanolamines
"[X4;R2]12(-,:;@[#6X3]-,:;@[#6X3]-,:;@[#7X3]-,:;@[#6X3]-,:;@1)-,:;@[#16X2]-,:;@[#6X3]=,:;@[#7X2]-,:;@[#7X3]-,:;@2",azaspironones
"[$(c1[nv3X2][c,n][c,n,s][c,n]1),$(c2[nv3X2][c,n][c,n][c,n][c,n]2)]-[$(c1[nv3X2][c,n][c,n,s][c,n]1),$(c2[nv3X2][c,n][c,n][c,n][c,n]2)]",nccn
"[$([NX3][CH2]c1ncnc([NX3])c1),$([NX3][CH2]c1nccc([NX3])n1)]",picolylamines a
"[$([NX3]([H,CX4!H0!R])([H,CX4!H0!R])[C!H0!R]c1[nv3X2]n([H,CH3])cc1),$([NX3]([H,CX4!H0!R])([H,CX4!H0!R])[C!H0!R]c1[nv3X2]ccn1[H,CH3])]",picolylamines b
"c1cccnc1[CH2!R][NX3!R]([H,CH3])[CH2!R]",picolylamines c
"[nv3X2]c([c,s,n])[CX4][NX3]([H,C])[CX4]c([c,s,n])[nv3X2,nv3X3H1]",bis-picolylamines
"[cR1]1[nv3X2R1][cHR1][cHR1][nR1]1[CH2!R][CH2!R][$([NX3!H0]([CH2!R])[$([SX4](=[OX1])(=[OX1])c),$([CX3](=[OX1])[CH2][O,N]),$([CH2!R])]),$([CH2!R][nr5,$([NX3!H0]([CH2!R])[$([SX4](=[OX1])(=[OX1])c),$([CX3](=[OX1])[CH2][O,N]),$([CH2!R])])]),$([CH2!R][CH2!R][NX3!H0][$([SX4](=[OX1])(=[OX1])c),$([CX3](=[OX1])[CH2][O,N]),$([CH2!R])])]",alkylimidazoles a
[nv3X2]1cncc1[CX4][CX4][NH2],alkylimidazoles b
[nv3X3]1c(-c[nv3X2])c[nv3X2]c1,heterylimidazoles
c([nv3X2])(c)[NX3H1!R]c([nv3X2])(c),diarylamines
"[$(c1[nX2][c,n][c,n][c,n]1),$([cr6][nX2r6])][CX4H2!R][$(c2[nX2][c,n][c,n][c,n]2),$([cr6][nX2r6])]",diarylmethanes
c1ccc[nv3X2]c1[#6](~[#7])~[#7],aminals
"[SX2]-[#6R1]2=,:[#7R1]-,:[#6R1]=,:[#6R1]-,:[#7R2]3-,:[#6R1](=O)-,:[#7R1]-,:[#7R1]=,:[#6R2]23",heterylsulfides
"[$([cr5][n,s;r5][n,o;r5]),$([cr5]([nr5])[s,o,n;r5])][Nv3X3H1!R][CX3!R](=[OX1])[$([cr5][nv3X2r5]),$(c1ncccc1),$(c1c([OX2][CH3])cccc1)]",heterylamides a
"[$(c1nnc[o,n]1),$(c1nccs1)][Nv3X3H!R][C!R](=[OX1])[CX4!H0]([H,CX4])[SX2,n]cc",heterylamides b
C1=C([OH1])[NX3][CX3](=[OX1])[NX3][CX3]1(=[OX1]),pyrimidinetriones
"[H,C][OX2]c1c([CX4][NX3])ccc2cccnc21",8-quinolinols
c1cccc2[NX3][CX4][CX3](=[OX1])[OX2]c12,benzoxozinones
"[OX1]=[CX3]1C([F,Cl,Br,I])=C([F,Cl,Br,I])[CX3](=[OX1])C([F,Cl,Br,I])=C1[F,Cl,Br,I]",perchloroquinone
nc[nv3X3Hr5]c[CX4]c[nv3X2],alkylimidazole c
"[c,n]:1:c:[c,n]:[c,n]2:[c,n](:c:1)[c,n,o,s][c,n]([c,n,o,s]2)*-,=*c:3:c:c:c:c:c:3",benzyl imidazole scaffold
"[c,n]:1:c:[c,n]:[c,n]2:[c,n](:c:1)[c,n,o,s][c,n]([c,n,o,s][c,n,o,s]2)*~*c:3:c:c:c:c:c:3",6-phenyl napthaline type scaffold
"[c,n]:1:c:c2:c(:[c,n]:c:1)[c,n,o,s][c,n]([c,n,o,s]2)*~*c3ccc*3",2-(2-(1h-pyrrol-2-yl)ethyl)-1h-benzoimidazole scaffold
[CH3][C][C]([C]([C][CH3])[c]1[c][c][c]([O])[c][c]1)[c]2[c][c][c]([O])[c][c]2,diethylstilbestrol
[c]1([CH3])[n][n][c]2[C][N]=[C]([c]3[c][c][c][c][c]3Cl)[c]4[c][c](Cl)[c][c][c]4[n]12,triazolam
[CH3][N]1[C][C][c]2[c][c][c][c]-3[c]2[C]1[C][c]4[c][c][c]([O])[c]([O])[c]-34,apomorphine
[CH3][O][C]1[C]([O][CH3])[C](=O)[C]([C][C][C][C]([CH3])[C][C][C][C]([CH3])[C][O])[C]([CH3])[C]1=O,idebenone
[CH3][C]([CH3])[C][C][C][C]([CH3])[C][C][C][C]([CH3])[C][C][C][C]1([CH3])[C][C][c]2[c](-[CH3])[c]([O])[c](-[CH3])[c](-[CH3])[c]2[O]1,tocopherol
[N]([#1])([#1])[C]([C][O])[C](=O)[N][N][C][c]1[c][c][c]([O])[c]([O])[c]1[O],benserazide
[CH3][C]([CH3])[N][C]1[C]=[c]2[c]([C]=[C]1[N][c]3[c][c][c](Cl)[c][c]3)[n][c]4[c][c][c][c][c]4[n]2[c]5[c][c][c]([CH3])[c][c]5,clofazimine
[CH3][C]([C][c]1[c][c][c]([O])[c][c]1)[N][C][C]([O])[c]2[c][c]([O])[c][c]([O])[c]2,fenoterol
[CH3][C]([CH3])[C][C][C][C]([CH3])[C]1[C][C][C]2[C]1([CH3])[C][C][C]\[C]2=[C]/[C]=[C]3\[C][C]([O])[C][C][C]3[CH3],calciferol
[#6][N]([C][C][C]C#C[C]([CH3])([CH3])[CH3])[C][c]1[c][c][c][c]2[c][c][c][c][c]12,sf85190
[CH3]-[c]1[c]([CH3])[c]([CH3])[c]2[O][C]([CH3])([C][O][c]3[c][c][c]([C][C]4[S][C](=O)[N][C]4=O)[c][c]3)[C][C][c]2[c]1-[CH3],troglitazone
[c]1[c]([c]([c][c][c]1[O][c]1[c]([c][c]([c][c]1I)[C][C]([N]([#1])([#1]))C(O)=O)I)[O])I,dextrotiroxina
[CH3][C]([#7H2])([C][c]1[c][c][c]([O])[c]([O])[c]1)[C]([O])=[O],methyldopamine
[#7][CH2][CH2][cX3]1[c][c]c([O])c([O])[c]1,dopamine
[#7H2][C]([C][c]1[c][c](I)[c]([O][c]2[c][c](I)[c]([O])[c](I)[c]2)[c](I)[c]1)[C](O)=[O],dextrotiroxina-sodica
"[CH,$([C](=[O!R,SX1!R])[#6])](=[O!R,SX1!R])[F,Cl,Br,I]",acyl halides
"[CH,$([C!R](=[O,SX1])[#6!R])](=[O,SX1])[O!R,SX2!R,NX3!R][$([a;r6]),$([a;r5]),$(C=C),$(C#C)]",acetates
"[CH,$([C!R]([O,SX2])(=[O,SX1])[#6!R])](=[O,SX1])[O!R,SX2!R][CH,$([C!R]([O,SX2])(=[O,SX1])[#6!R])]=[O,SX1]",acyclic anhydrides
"[NH2!R,$([NH!R](C=O)[#6!R]),$(N(C=O)([#6!R])[#6!R])]C(=O)[F,Cl,Br,I]",dialkyl carbamoylhalides
"[#6][Sv6X4!R](=O)(=O)[F,Cl,Br,I,$(C#N)]",sulphonyl halides
"[#6]O[P!R](=O)(O[#6])[F,Cl,Br,I,$(C#N)]",phosphonic acid halides
"[#6;!H0,$([#6][#6])]1=,:[#6;!H0,$([#6][#6])]-,:[#6]1=O",cyclopropenones
C1C(=O)OC1,β-lactones
C1C(=O)SC1,thio-lactones
C1C(=O)NC1,β-lactams
"C1=[O,SX2,NX2,CX3]CC(=[O,SX2])[O,SX2,NX3]1",azlactones
"[#6R,#8R,#16X2R][#6R](=[O,SX1])[#8R,#16X2R][#6R]([#6,#8R,#16X2])=[#8,#16X1]",cyclic anhydrides
[NX2]=[CX2]=[OX1],isocyanates
[NX2]=[CX2]=[SX1],isothiocyanates
[#6]N=C=N[#6],carbodiimides
[#6]N=C(S[#6])S[#6],dithiocarbonimidic acid esters
"[CH2,$([CH][#6]),$(C([#6])[#6])]=C=O",ketenes
"[$([CH2]),$([CH][#6])]=[CH,$(C[#6])][CH]=O",polarised alkene-aldehydes
"[$([$([CH2]),$([CH][#6])]=[CH,$(C[#6])]C(=O)[#6]);!$([#6X3]1=,:[#6X3H][CX3](=[OX1])[#6X3]=,:[#6X3][#6X3]1(=[OX1]));!$([CX3]1(=[OX1])[CX3](=[OX1])[#6X3]=,:[#6X3H][#6X3]=,:[#6X3]1)]",polarised alkene-ketones
"[$([CH2]),$([CH][#6])]=[CH,$(C[#6])]C(=O)O[#6]",polarised alkene-esters
"[$([CH2]),$([CH][#6])]=[CH,$(C[#6])]C(=O)[NH2,$([NH](C=O)[#6]),$(N(C=O)([#6])[#6])]",polarised alkene-amides
"[$([CH2]),$([CH][#6])]=[CH,$(C[#6])][$([NX3](=[OX1])=[OX1]),$([NX3+](=[OX1])[O-])]",polarised alkene-nitros
"[$([CH2]),$([CH][#6])]=[CH,$(C[#6])]C#N",polarised alkene-cyanos
"[$([CH2]),$([CH][#6])]=[CH,$(C[#6])]S(=O)(=O)O[#6]",polarised alkene-alkyl sulphonates
"[$([CH2]),$([CH][#6])]=[CH,$(C[#6])]S(=O)(=O)[#6]",polarised alkene-alkyl sulfones
"[$([CH2]),$([CH][#6])]=[CH,$(C[#6])][SX3](=O)[#6]",polarised alkene-alkyl sulfinyls
"[$([CH2]),$([CH][#6])]=[CH,$(C[#6])]C=[NX2][OH]",polarised alkene-oximes
"[$([CH2]),$([CH][#6])]=[CH,$(C[#6])][$(c1ncccc1),$(c1ccncc1)]",polarised alkene-pyridines
"[$([CH2]),$([CH][#6])]=[CH,$(C[#6])]c1nccnc1",polarised alkene-pyrazines
"[$([CH2]),$([CH][#6])]=[CH,$(C[#6])][$(c1ncncc1),$(c1ncccn1),$(c1cncnc1)]",polarised alkene-pyrimidines
"[$([CH2]),$([CH][#6])]=[CH,$(C[#6])][$(c1ncncn1),$(c1nncnc1),$(c1nnccn1),$(c1cnncn1),$(c1nnncc1),$(c1cnnnc1)]",polarised akene-triazines
"[NH2,$([NH](C=O)[#6]),$(N(C=O)([#6])[#6])]C(=O)N=NC(=O)[NH2,$([NH](C=O)[#6]),$(N(C=O)([#6])[#6])]",azocarbonamides
"[CH2,$([CH](=C)[#6])]=[CH,$(C(=C)([CH2][OH])[#6])][CH2][OH]",allyl alcohols
[#6][Sv6X4](=[OX1])(=[OX1])[CX4][CX4][OX2][Sv6X4](=[OX1])(=[OX1])[OH1],sulphone-sulfates
"[CH,$(C(#C)[#6])]#C[CH]=O",polarised alkyne-aldehydes
"[CH,$(C(#C)[#6])]#CC(=O)[#6]",polarise alkyne-ketones
"[CH,$(C(#C)[#6])]#CC(=O)O[#6]",polarised alkyne-esters
"[CH,$(C(#C)[#6])]#CC(=O)[$([NH2]),$([NH](C=O)[#6]),$(N(C=O)([#6])[#6])]",polarised alkyne-amides
"[CH,$(C(#C)[#6])]#C[$([NX3](=[OX1])=[OX1]),$([NX3+](=[OX1])[O-])]",polarised alkyne-nitros
"[CH,$(C(#C)[#6])]#CC#N",polarised alkyne-cyano
"[CH,$(C(#C)[#6])]#CS(=O)(=O)O[#6]",polarised alkyne-alkyl sulphonates
"[CH,$(C(#C)[#6])]#CS(=O)(=O)[#6]",polarised alkyne-alkyl sulfones
"[CH,$(C(#C)[#6])]#C[SX3](=O)[#6]",polarised alkyne-alkyl sulfinyls
"[CH,$(C(#C)[#6])]#C[$(c1ncccc1),$(c1ccncc1)]",polarised alkyne-pyridines
"[CH,$(C(#C)[#6])]#Cc1nccnc1",polarised alkyne-pyrazines
"[CH,$(C(#C)[#6])]#C[$(c1ncccn1),$(c1cncnc1),$(c1ncncc1)]",polarised alkyne-pyrimidines
"[CH,$(C(#C)[#6])]#C[$(c1ncncn1),$(c1nncnc1),$(c1nnccn1),$(c1cnncn1)]",polarised alkyne-triazines
"[CH,$(C(#C)[#6])]#C[CH2][OH]",propargyl alcohols
"[$(C1(=O)[#6]=,:[#6]C(=O)[CH]=C1),$(C1(=O)C(=O)[#6]=,:[#6][CH]=C1)]",benzoquinones
"[$(C1(=O)[#6]=,:[#6][$(C=[NH]),$(C=N[CX4])][CH]=C1),$(C1(=O)[$(C=[NH]),$(C=N[CX4])][#6]=,:[#6][CH]=C1),$(C1(=O)[$(C=[NH]),$(C=N[CX4])]C=[CH][#6]=,:[#6]1)]",quinone-imines
"[$([CH]1=C[$(C=[NH]),$(C=N[CX4])][#6]=,:[#6][$(C=[NH]),$(C=N[CX4])]1),$([CH]1=C[$(C=[NH]),$(C=N[CX4])][$(C=[NH]),$(C=N[CX4])][#6]=,:[#6]1)]",quinone-diimines
"[$(c1([OH,$(O[CH3])])c[cH]c([OH,$(O[CH3])])cc1),$(c1([OH,$(O[CH3])])c([OH,$(O[CH3])])cc[cH]c1)]",hydroquinones
"[$(c1([OH])c[cH]c([NH2])cc1),$(c1([OH])c([NH2])cc[cH]c1)]",aminophenols
"[$(c1([NH2])c[cH]c([NH2])cc1),$(c1([NH2])c([NH2])cc[cH]c1)]",benzenediamines
"[$(C1=CC(=O)[#6]=,:[#6]C1(=[CH][CX4])),$(C1(=[CH][CX4])C(=O)[#6]=,:[#6]C=C1)]",quinone-methides
"[$([cH]1cc(=[O,NH])cc[o,n]1),$([cH]1cc(=[O,NH])[o,n]cc1),$(c1cc(=[O,NH])[o,n][cH]c1)]",pyranones
"[c;R1,R2,R3]1[c;R1,R2,R3][c;R1,R2,R3][c;R2,R3]2[c;R2,R3]([c;R1,R2,R3]1)[c;R1,R2,R3][c;R1,R2,R3][c;R1,R2,R3][c;R1,R2,R3]2",poly aromatic hydrocarbons
"O=C1[NH,$(N(C=O)(C=O)[#6])]C(=O)[CH,$(C(C=O)(=C)[#6])]=[CH]1",acid imides
"[CH2,$([CH](=O)[CX4]),$([CH](=O)c1a(*)caaa1),$([CH](=O)c1a(*)aaa1)]=O",mono-aldehydes
[#6][CH2][NX3H2],aliphatic amines
"[$(C(=C)([#6])[#6]);!$(C(=C)([#6])C=[CH2,CH])]=C[CH]=O","di-substituted α,β-unsaturated alkenes (polarized by an aldehyde moiety)"
"C([#6])([#6])=[CH,$(C(=C)([CH2][OH])[#6])][CH2][OH]",di-substituted allyl alcohols
"[CH,$(C(=O)(C=O)[CX4]),$(C(=O)(C=O)c1a(*)aaaa1),$(C(=O)(C=O)c1a(*)aaa1)](=O)[CH,$(C(=O)(C=O)[#6]);!$(C(=O)(C=O)C=[CH2,CH]);!$(C(=O)(C=O)C#C)]=O","1,2-dicarbonyls"
"[CH,$(C(=O)([CX4]C=O)[CX4]),$(C(=O)([CX4]C=O)c1a(*)aaaa1),$(C(=O)([CX4]C=O)c1a(*)aaa1)](=O)[CX4][CH,$(C(=O)([CX4]C=O)[#6]);!$(C(=O)([CX4]C=O)C=[CH2,CH]);!$(C(=O)([CX4]C=O)C#C)]=O","1,3-dicarbonyls"
"[$([NH2,$([NH]([CH2])[CX4])][CH2][CH2][NH2]),$([NH]1[CH2][CH2][NH][CH2][CH2]1)]",ethylenediamines
"[$([NH2,$([NH]([CH2])[CX4])][CH2][CH2][OH]),$([NH]1[CH2][CH2]O[CH2][CH2]1)]",ethanolamines
[NH]1CC[NH1]CC1,piperizines
O1CC[NH1]CC1,morpholines
"[CH3,$([CH2]([F,Cl,Br,I])[#6]),$([CH]([F,Br,Cl,I])([#6])[#6]);!$([CH2,CH]C=O);!$([CH2,CH][CX4][NX3,SX2]);!$([CH2,CH][CX4][F,Cl,Br,I])][F,Cl,Br,I]",alkyl halides
"[CH3,$([CH2](N=N)[#6]),$([CH](N=N)([#6])[#6])][NX2]=[NH,$(N(=N)[#6])]",alkyl diazos
"[#6]OS(=O)(=O)O[CH3,$([CH2](O)[#6]),$([CH](O)([#6])[#6])]",alkyl sulfates
"[#6]S(=O)(=O)O[CH3,$([CH2](O)[#6]),$([CH](O)([#6])[#6])]",alkyl sulphonates
"[#6][O,SX2]P(=[O,SX1])([O,SX2][#6])[O,SX2][CH3,$([CH2](O)[#6]),$([CH](O)([#6])[#6])]",alkyl (thio)phosphates
"[#6][O,SX2]P(=[O,SX1])([#6])[O,SX2][CH3,$([CH2](O)[#6]),$([CH](O)([#6])[#6])]",alkyl (thio)phosphonates
"[#6]C(=[O,SX1])[O,SX2][CH2,$([CH]([O,SX2])[#6])][c,CX3,CX2]",allyl acetates
"[$([CH]=[O,SX1]),$(C([#6])=[O,SX1])][CH2,$([CH](C=[O,SX1])[#6])][F,Cl,Br,I]",α-halocarbonyls
"[CX4]O[CH2,$([CH](O)([CX4])[CX4]),$(C(O)([CX4])([CX4])[CX4])][CH2,$([CH]([F,Cl,Br,I])[#6])][F,Cl,Br,I]",β-haloethers
"[CH2,$([CH](=C)[#6]),$(C(=C)([#6])[#6])]=[CH,$(C(=C)[#6])][$([CH2](C=C)[F,Cl,Br,I,$(C#N),$(OS(=O)(=O)O[#6]),$(OS(=O)(=O)[#6])]),$([CH](C=C)([#6])[F,Cl,Br,I,$(C#N),$(OS(=O)(=O)O[#6]),$(OS(=O)(=O)[#6])])]",α-haloalkenes
"[CH,$(C(#C)[#6])]#C[$([CH2](C#C)[F,Cl,Br,I,$(C#N),$(OS(=O)(=O)O[#6]),$(OS(=O)(=O)[#6])]),$([CH](C#C)([#6])[F,Cl,Br,I,$(C#N),$(OS(=O)(=O)O[#6]),$(OS(=O)(=O)[#6])])]",α-haloalkynes
"[c][$([CH2]([c])[F,Cl,Br,I,$(C#N),$(OS(=O)(=O)O[#6]),$(OS(=O)(=O)[#6])]),$([CH]([a])([#6])[F,Cl,Br,I,$(C#N),$(OS(=O)(=O)O[#6]),$(OS(=O)(=O)[#6])])]",α-halobenzyls
"[CX4]O[CH2,$([CH](O)([F,Cl,Br,I])[#6])][F,Cl,Br,I]",α-haloethers
C1OC1,epoxides
C1[NX3]C1,aziridines
C1[SX2]C1,sulfuranes
C1CC(=O)O1,lactones
c1([CX3!R]=[CX3!R])ccccc1,vinyl benzenes
"[NX3]C(=O)[$([NH](C=O)[NX2]=O),$(N(C=O)([#6])[NX2]=O)]",nitrosoureas
"[NX3]C(=[NH])[$([NH](C=[NH])[NX2]=O),$(N(C=[NH])([#6])[NX2]=O)]",nitrosoguanidines
"[a][NX3](O[$([CH](O)=O),$(C(=O)(O)[#6])])[$([CH](N)=O),$(C(=O)(N)[#6])]",n-acytoxy-n-acetylphenyls
"[#6]O[NX3](O[$([CH](O)=O),$(C(=O)(O)[#6])])[$([CH](N)=O),$(C(=O)(N)[#6])]",n-acytoxy-n-alkoxyamides
"[#6&!$([CX3]=[OX1,SX1,NX2])][SH]",thiols
[#6][SX2][SX2][#6],disulfides
[#6][SX2][SX4](=O)(=O)[#6],thiosulphonates
[#6][SX2][SX3](=O)[#6],sulfoxides of disulfides
"[#6][SX2][F,Cl,Br,I]",sulfenyl halides
[#6][SX2]C#N,thiocyanates
[a][SX4](=O)(=O)[OH],aromatic sulphonic acids
"[cH,$(c(c)([sX2])[#6])]1[cH,$(c(c)(c=O)[#6])]c(=O)[nH,$(n(c=O)([sX2])[#6])][sX2]1",isothiazol-3-ones
"[CH2,$([CH](C)([SX2])[#6])]1[CH2,$([CH](C)(C=O)[#6])]C(=O)[NH,$(N(C=O)([SX2])[#6])][SX2]1",isothiazolin-3-ones
[#6][SX4](=O)(=O)[NH]Cl,n-chloro-sulphonamides
"[CH,$(C(=O)(N)[#6])](=O)[NX3]([F,Cl,Br,I])[CH,$(C(=O)(N)[#6])]=O",n-haloimides
"C=[CH][F,Cl,Br,I]",polarized alkenes with a halogen leaving group
C=[CH]OS(=O)(=O)[#6],polarized alkenes with an alkyl sulphonate leaving group
C=[CH]OS(=O)(=O)O[#6],polarized alkenes with an alkyl sulfate leaving group
"C=[CH]OP(=[O,SX])(O[#6])[#6]",polarized alkenes with an alkyl (thio)phosphonate leaving group
"C=[CH]OP(=[O,SX])(O[#6])O[#6]",polarized alkenes with an alkyl (thio)phosphate leaving group
"[NX3,SX2][CH2,$([CH]([NX3,SX2])([CX4])[CX4])][CH2,$([CH]([CX4])([Cl,Br,I])[CX4])][Cl,Br,I]",mustards
"[Cl,Br,I][CH2,$([CH]([Cl,Br,I])([CX4])[CX4])][CH2,$([CH]([Cl,Br,I])([CX4])[CX4])][Cl,Br,I]","1,2-dihaloalkanes"
"[$(c1([F,Cl,Br,$(OC(F)(F)F),$(C#N)])c([$([NX3](=[OX1])=[OX1]),$([NX3+](=[OX1])[O-])])cc([$([NX3](=[OX1])=[OX1]),$([NX3+](=[OX1])[O-])])cc1),$(c1([F,Cl,Br,$(OC(F)(F)F),$(C#N)])c([$([NX3](=[OX1])=[OX1]),$([NX3+](=[OX1])[O-])])cccc1([$([NX3](=[OX1])=[OX1]),$([NX3+](=[OX1])[O-])]))]",activated benzenes (1)
"[$(c1(F)c([$([NX3](=[OX1])=[OX1]),$([NX3+](=[OX1])[O-])])cc([$([CH]=O),$(C(=O)[CH3]),$(C(F)(F)F)])cc1),$(c1(Cl)c([$([NX3](=[OX1])=[OX1]),$([NX3+](=[OX1])[O-])])cc([CH]=O)cc1),$(c1(F)c([$(C#N),$([CH]=O)])cc([$([NX3](=[OX1])=[OX1]),$([NX3+](=[OX1])[O-])])cc1)]",activated benzenes (2)
"[$(c1([$(OC(F)(F)F),Br,$(C#N)])c([$([NX3](=[OX1])=[OX1]),$([NX3+](=[OX1])[O-])])cc([CH]=O)cc1),$(c1([F,Cl,Br,$(OC(F)(F)F),$(C#N)])cc([$([NX3](=[OX1])=[OX1]),$([NX3+](=[OX1])[O-])])c([$([NX3](=[OX1])=[OX1]),$([NX3+](=[OX1])[O-])])cc1)]",activated benzenes (3)
"[$(c1([$([NX3](=[OX1])=[OX1]),$([NX3+](=[OX1])[O-]),$([CH]=O),$(C#N)])c(F)c(F)c(F)c(F)c1([!F])),$(c1([$([NX3](=[OX1])=[OX1]),$([NX3+](=[OX1])[O-]),$([CH]=O),$(C#N)])c(F)c(F)c(F)c([!F])c1F),$(c1([$([NX3](=[OX1])=[OX1]),$([NX3+](=[OX1])[O-]),$([CH]=O),$(C#N)])c(F)c(F)c([!F])c(F)c1F)]",activated tetrafluorobenzenes
"c1([$([NX3](=[OX1])=[OX1]),$([NX3+](=[OX1])[O-]),$([CH]=O),$(C#N),$(C(=O)[CH3])])c(F)c(F)c(F)c(F)c1(F)",activated pentafluorobenzenes
"[$(c1([F,Cl,Br,$(C#N),$(OC(F)(F)F)])ncc([$([NX3](=[OX1])=[OX1]),$([NX3+](=[OX1])[O-]),$(C#N),$([CH]=O),$(C(=O)[CH3])])cc1),$(c1([F,Cl,Br,$(C#N),$(OC(F)(F)F)])ncccc1[$([NX3](=[OX1])=[OX1]),$([NX3+](=[OX1])[O-]),$(C#N),$([CH]=O),$(C(=O)[CH3])]),$(c1([F,Cl,Br,$(C#N),$(OC(F)(F)F)])ccncc1[$([NX3](=[OX1])=[OX1]),$([NX3+](=[OX1])[O-]),$(C#N),$([CH]=O),$(C(=O)[CH3])])]",activated pyridines
"[$(O1COCC(Br)([$([NX3](=[OX1])=[OX1]),$([NX3+](=[OX1])[O-])])C1),$([OX2H1]CC(Br)([$([NX3](=[OX1])=[OX1]),$([NX3+](=[OX1])[O-])])C[OX2H1])]",formaldehyde releasers (1)
[#7X3]1(C[OH1])C(=[OX1])[#7X3](C[OH1])C([CH3])([CH3])C1(=[OX1]),formaldehyde releasers (2)
"C1(=[OX1])[NX3H1]C(=[OX1])[NX3H1][CX4]1(C[OH1])[NX3H1][CX3](=[OX1])[NX3;!H0!H1,$([NX3!H0][#6])]",formaldehyde releasers (3)
[OH1][CX4][NX3H1][CX4][CX3](=[OX1])[OX2H1],formaldehyde releasers (4)
c1ccccc1[CX4][OX2][CX4][OH1],formaldehyde releasers (5)
"[a!R0][$([NX3+](=[OX1])([O-])),$([NX3](=O)=O)]",aromatic nitro (general)
[a!R0][NX3H2],aromatic amine (general)
"[NX3H1,SX2,OX2]1[CX4][CX4]1",three-membered heterocycles (general)
[NX2]=[OX1],nitroso (general)
"[$([NX3H2]-[#7]),$([NX3H2]-[#8]),$([OX2H1]-[#7]),$([OX2H1]-[#8])]",unsubstituted heteroatom-bonded heteroatom (general)
[NX2]=[NX2],azo-type (general)
"[CX4][Cl,Br,I]",aliphatic halide (general)
"[$([aR3]),$([$([aR2]([aR])([aR])([aR]))].[$([aR2]([aR])([aR])([aR]))].[$([aR2]([aR])([aR])([aR]))].[$([aR2]([aR])([aR])([aR]))])]",polycyclic aromatic system (general)
"[a!R0][$([NX3+](=[OX1])[O-]),$([NX3](=[OX1])=[OX1]);!$([NX3]aa-[$(C(F)(F)F),$(S(=O)(=O)[OH]),$(S(=O)(=O)[NX3;!H0!H1,$([!H0][#6]),$(*([#6])[#6])]),$(S(=O)(=O)[a!r0]),$([CX4]([CH3])([CH3])[CH3])]);!$([NX3]aaa-[$(C(F)(F)F),$(S(=O)(=O)[OH]),$(S(=O)(=O)[NX3;!H0!H1,$([!H0][#6]),$(*([#6])[#6])]),$(S(=O)(=O)[a!r0])]);!$([NX3]aaaa-[$(C(F)(F)F),$(S(=O)(=O)[OH]),$(S(=O)(=O)[NX3;!H0!H1,$([!H0][#6]),$(*([#6])[#6])]),$(S(=O)(=O)[a!r0])])]",aromatic nitro (specific)
"[a!R0][$([NH2]);!$([NH2]aa[$(C(F)(F)F),$(S(=O)(=O)[NX3;!H0!H1,$([!H0][#6]),$(*([#6])[#6])]),$(S(=O)(=O)[OH]),$(S(=O)(=O)[a!r0]),$(C(=[OX1])[OH1]),$(C(=[OX1])[OX2][#6])]);!$([NH2]aaa[$(C(F)(F)F),$(S(=O)(=O)[NX3;!H0!H1,$([!H0][#6]),$(*([#6])[#6])]),$(S(=O)(=O)[OH]),$(S(=O)(=O)[a!r0]),$(C(=[OX1])[OH]),$(C(=[OX1])[OX2][#6])]);!$([NH2]aaaa[$(C(F)(F)F),$(S(=O)(=O)[NX3;!H0!H1,$([!H0][#6]),$(*([#6])[#6])]),$(S(=O)(=O)[OH]),$(S(=O)(=O)[a!r0]),$(C(=[OX1])[OH]),$(C(=[OX1])[OX2][#6])])]",aromatic amine (specific)
[a!R0][NX2]=[OX1],aromatic nitroso (specific)
[OX1]=[NX2][OX2][CX4],alkyl nitrite (specific)
"[OX1]=[NX2][NX3;!H0!H1,$([!H0][#6]),$(*([#6])[#6])]",nitrosamine (specific)
[CX4]1[OX2][CX4]1,epoxide (specific)
[CX4]1[NX3H1][CX4]1,aziridine (specific)
"[$([NX2]=[NX2+]=[NX1-]),$(N=[NX2+]=N),$([NX2-]-[NX2+]#[NX1])]",azide (specific)
"[$([#6]=[NX2+]=N),$([#6]=[NX2]=[NX1]),$([#6]=[NX2+]=[NX1-]),$([#6]-[NX2+]#[NX1]),$([#6-]-[NX2+]#[NX1])]",diazo (specific)
[NX3!R][NX2!R]=[NX2!R],triazene (specific)
[$([NX2]([a!r0])=[NX2][a!r0]);!$([NX2](aaS(=O)(=O)[OH])=[NX2]aaS(=O)(=O)[OH]);!$([NX2](aaS(=O)(=O)[OH])=[NX2]aaaS(=O)(=O)[OH]);!$([NX2](aaaS(=O)(=O)[OH])=[NX2]aaS(=O)(=O)[OH]);!$([NX2](aaS(=O)(=O)[OH])=[NX2]aaaaS(=O)(=O)[OH])!$([NX2](aaaaS(=O)(=O)[OH])=[NX2]aaS(=O)(=O)[OH]);!$([NX2](aaaS(=O)(=O)[OH])=[NX2]aaaS(=O)(=O)[OH]);!$([NX2](aaaS(=O)(=O)[OH])=[NX2]aaaaS(=O)(=O)[OH]);!$([NX2](aaaaS(=O)(=O)[OH])=[NX2]aaaS(=O)(=O)[OH]);!$([NX2](aaaaS(=O)(=O)[OH])=[NX2]aaaaS(=O)(=O)[OH])],aromatic azo (specific)
"[$([NX3H2][#7]),$([NX3H2][#8]),$([OX2H1][#7]),$([OX2H1][#8]);!$([NH2][#7][$([OX2]-[OX2][#6]),$([NX3]([!#1])[NX3]([!#1]))]);!$([NH2][#8][$([OX2]-[OX2][#6]),$([NX3]([!#1])[NX3]([!#1]))]);!$([OH1][#7][$([OX2]-[OX2][#6]),$([NX3]([!#1])[NX3]([!#1]))]);!$([OH1][#8][$([OX2]-[OX2][#6]),$([NX3]([!#1])[NX3]([!#1]))]);!$([OH1][NX3H1][a!r0])]",unsubstituted heteroatom-bonded heteroatom (specific)
[a!r0][NX3H1][OH1],aromatic hydroxylamine (specific)
"[Cl,Br,I][$([CX4]);!$([CX3](=[OX1,SX1,NX2]));!$([CH2][CH2][SX2,NX3])]",aliphatic halide (specific)
"[Cl,Br,I][CX3;!H0,!$(*[OH1]),!$(*[SH1])]=[OX1]",carboxylic acid halide (specific)
"[Cl,Br,I][CH2][CH2][SX2,NX3]",nitrogen and sulphur mustard (specific)
"[$([$([aR3]),$([$([aR2]([aR])([aR])([aR]))].[$([aR2]([aR])([aR])([aR]))].[$([aR2]([aR])([aR])([aR]))].[$([aR2]([aR])([aR])([aR]))])]);!$([cR1H1]1[cR1H1][cR1][cR1][cR2]2[cR2]1[cR2]3[cR2]([cR1][cR1]2)[cR1][cR1][cR1H1][cR1H1]3);!$([cR1]1[cR1][cR1][cR1H1][cR2]2[cR2]1[cR2]3c([cR1H1][cR1H1]2)[cR1H1][cR1][cR1][cR1]3)] ",polycyclic aromatic system (specific)
[cR1H1]1[cR1H1][cR1][cR1][cR2]2[cR2]1[cR2]3[cR2]([cR1][cR1]2)[cR1][cR1][cR1H1][cR1H1]3,bay-region in polycyclic aromatic hydrocarbons (specific)
[cR1]1[cR1][cR1][cR1H1][cR2]2[cR2]1[cR2]3c([cR1H1][cR1H1]2)[cR1H1][cR1][cR1][cR1]3,k-region in polycyclic aromatic hydrocarbons (specific)
[CX4][Sv6X4](=[OX1])(=[OX1])[OX2],sulfonate-bonded carbon atom (additional)
[CX3]=[CX3][CX3;H1]=[OX1],"α, β-unsaturated aldehyde (additional)"
"[NX3][$([NX3](=[OX1])=[OX1]),$([NX3+](=[OX1][O-]))]",aliphatic n-nitro (additional)
"[$([a!r0][NX2+]#[NX1]),$([a!r0][NX2]#[NX1])]",diazonium (additional)
[OX2]1[CX4][CX4][CX3]1(=[OX1]),β-propiolactone (additional)
[CX4][OX2][CX3H1]=[CX3H1],"α,β-unsaturated alkoxy (additional)"
[a!r0][NX3H1]-[NX3H1][CX4],1-aryl-2-monoalkyl hydrazine (additional)
[a!r0][NX3;H1][CH3],aromatic methylamine (additional)
[a!r0][NH][OX2][CX3](=[OX1]),aromatic hydroxylamine ester (additional)
[*R1]1[*R2]2=[*R1][*R1]=[*R1][*R1]=[*R2]2[*R1][*R2]3=[*R1][*R1]=[*R1][*R1]=[*R2]13,polycyclic planar system (additional)
"[Br,Cl,F,I][CX3;!H0,!$(*[OH1]),!$(*[SH1])]=[OX1]",acyl halides
"[$([Sv6X4;!$([Sv6X4][OH]);!$([Sv6X4][SH]);!$([Sv6X4][O-]);!$([Sv6X4][S-])](=[OX1])(=[OX1])[$([OX2][C;!H0!H1!H2,$([!H0!H1][F,Cl,Br,I]),$([!H0]([F,Cl,Br,I])([F,Cl,Br,I])),$(*([F,Cl,Br,I])([F,Cl,Br,I])([F,Cl,Br,I]))]),$([OX2][C;!H0!H1,$([!H0][F,Cl,Br,I]),$(*([F,Cl,Br,I])([F,Cl,Br,I]))][C;!H0!H1!H2,$([!H0!H1][F,Cl,Br,I]),$([!H0]([F,Cl,Br,I])([F,Cl,Br,I])),$(*([F,Cl,Br,I])([F,Cl,Br,I])([F,Cl,Br,I]))]),$([OX2][C;!H0!H1,$([!H0][F,Cl,Br,I]),$(*([F,Cl,Br,I])([F,Cl,Br,I]))][C;!H0!H1,$([!H0][F,Cl,Br,I]),$(*([F,Cl,Br,I])([F,Cl,Br,I]))][C;!H0!H1!H2,$([!H0!H1][F,Cl,Br,I]),$([!H0]([F,Cl,Br,I])([F,Cl,Br,I])),$(*([F,Cl,Br,I])([F,Cl,Br,I])([F,Cl,Br,I]))]),$([OX2][C;!H0,$(C[F,Cl,Br,I])]([C;!H0!H1!H2,$([!H0!H1][F,Cl,Br,I]),$([!H0]([F,Cl,Br,I])([F,Cl,Br,I])),$(*([F,Cl,Br,I])([F,Cl,Br,I])([F,Cl,Br,I]))])[C;!H0!H1!H2,$([!H0!H1][F,Cl,Br,I]),$([!H0]([F,Cl,Br,I])([F,Cl,Br,I])),$(*([F,Cl,Br,I])([F,Cl,Br,I])([F,Cl,Br,I]))]),$([OX2][C;!H0!H1,$([!H0][F,Cl,Br,I]),$(*([F,Cl,Br,I])([F,Cl,Br,I]))][C;!H0!H1,$([!H0][F,Cl,Br,I]),$(*([F,Cl,Br,I])([F,Cl,Br,I]))][C;!H0!H1,$([!H0][F,Cl,Br,I]),$(*([F,Cl,Br,I])([F,Cl,Br,I]))][C;!H0!H1!H2,$([!H0!H1][F,Cl,Br,I]),$([!H0]([F,Cl,Br,I])([F,Cl,Br,I])),$(*([F,Cl,Br,I])([F,Cl,Br,I])([F,Cl,Br,I]))]),$([OX2][C;!H0,$(C[F,Cl,Br,I])]([C;!H0!H1!H2,$([!H0!H1][F,Cl,Br,I]),$([!H0]([F,Cl,Br,I])([F,Cl,Br,I])),$(*([F,Cl,Br,I])([F,Cl,Br,I])([F,Cl,Br,I]))])[C;!H0!H1,$([!H0][F,Cl,Br,I]),$(*([F,Cl,Br,I])([F,Cl,Br,I]))][C;!H0!H1!H2,$([!H0!H1][F,Cl,Br,I]),$([!H0]([F,Cl,Br,I])([F,Cl,Br,I])),$(*([F,Cl,Br,I])([F,Cl,Br,I])([F,Cl,Br,I]))]),$([OX2][CH0]([C;!H0!H1!H2,$([!H0!H1][F,Cl,Br,I]),$([!H0]([F,Cl,Br,I])([F,Cl,Br,I])),$(*([F,Cl,Br,I])([F,Cl,Br,I])([F,Cl,Br,I]))])([C;!H0!H1!H2,$([!H0!H1][F,Cl,Br,I]),$([!H0]([F,Cl,Br,I])([F,Cl,Br,I])),$(*([F,Cl,Br,I])([F,Cl,Br,I])([F,Cl,Br,I]))])[C;!H0!H1!H2,$([!H0!H1][F,Cl,Br,I]),$([!H0]([F,Cl,Br,I])([F,Cl,Br,I])),$(*([F,Cl,Br,I])([F,Cl,Br,I])([F,Cl,Br,I]))]),$([OX2][C;!H0!H1,$([!H0][F,Cl,Br,I]),$(*([F,Cl,Br,I])([F,Cl,Br,I]))][C;!H0,$(C[F,Cl,Br,I])]([C;!H0!H1!H2,$([!H0!H1][F,Cl,Br,I]),$([!H0]([F,Cl,Br,I])([F,Cl,Br,I])),$(*([F,Cl,Br,I])([F,Cl,Br,I])([F,Cl,Br,I]))])[C;!H0!H1!H2,$([!H0!H1][F,Cl,Br,I]),$([!H0]([F,Cl,Br,I])([F,Cl,Br,I])),$(*([F,Cl,Br,I])([F,Cl,Br,I])([F,Cl,Br,I]))]),$([OX2][CH2]c1ccccc1)]),$([Pv5X4;!$([Pv5X4][OH]);!$([Pv5X4][SH]);!$([Pv5X4][O-]);!$([Pv5X4][S-])](=[OX1])([$([OX2][C;!H0!H1!H2,$([!H0!H1][F,Cl,Br,I]),$([!H0]([F,Cl,Br,I])([F,Cl,Br,I])),$(*([F,Cl,Br,I])([F,Cl,Br,I])([F,Cl,Br,I]))]),$([OX2][C;!H0!H1,$([!H0][F,Cl,Br,I]),$(*([F,Cl,Br,I])([F,Cl,Br,I]))][C;!H0!H1!H2,$([!H0!H1][F,Cl,Br,I]),$([!H0]([F,Cl,Br,I])([F,Cl,Br,I])),$(*([F,Cl,Br,I])([F,Cl,Br,I])([F,Cl,Br,I]))]),$([OX2][C;!H0!H1,$([!H0][F,Cl,Br,I]),$(*([F,Cl,Br,I])([F,Cl,Br,I]))][C;!H0!H1,$([!H0][F,Cl,Br,I]),$(*([F,Cl,Br,I])([F,Cl,Br,I]))][C;!H0!H1!H2,$([!H0!H1][F,Cl,Br,I]),$([!H0]([F,Cl,Br,I])([F,Cl,Br,I])),$(*([F,Cl,Br,I])([F,Cl,Br,I])([F,Cl,Br,I]))]),$([OX2][C;!H0,$(C[F,Cl,Br,I])]([C;!H0!H1!H2,$([!H0!H1][F,Cl,Br,I]),$([!H0]([F,Cl,Br,I])([F,Cl,Br,I])),$(*([F,Cl,Br,I])([F,Cl,Br,I])([F,Cl,Br,I]))])[C;!H0!H1!H2,$([!H0!H1][F,Cl,Br,I]),$([!H0]([F,Cl,Br,I])([F,Cl,Br,I])),$(*([F,Cl,Br,I])([F,Cl,Br,I])([F,Cl,Br,I]))]),$([OX2][C;!H0!H1,$([!H0][F,Cl,Br,I]),$(*([F,Cl,Br,I])([F,Cl,Br,I]))][C;!H0!H1,$([!H0][F,Cl,Br,I]),$(*([F,Cl,Br,I])([F,Cl,Br,I]))][C;!H0!H1,$([!H0][F,Cl,Br,I]),$(*([F,Cl,Br,I])([F,Cl,Br,I]))][C;!H0!H1!H2,$([!H0!H1][F,Cl,Br,I]),$([!H0]([F,Cl,Br,I])([F,Cl,Br,I])),$(*([F,Cl,Br,I])([F,Cl,Br,I])([F,Cl,Br,I]))]),$([OX2][C;!H0,$(C[F,Cl,Br,I])]([C;!H0!H1!H2,$([!H0!H1][F,Cl,Br,I]),$([!H0]([F,Cl,Br,I])([F,Cl,Br,I])),$(*([F,Cl,Br,I])([F,Cl,Br,I])([F,Cl,Br,I]))])[C;!H0!H1,$([!H0][F,Cl,Br,I]),$(*([F,Cl,Br,I])([F,Cl,Br,I]))][C;!H0!H1!H2,$([!H0!H1][F,Cl,Br,I]),$([!H0]([F,Cl,Br,I])([F,Cl,Br,I])),$(*([F,Cl,Br,I])([F,Cl,Br,I])([F,Cl,Br,I]))]),$([OX2][CH0]([C;!H0!H1!H2,$([!H0!H1][F,Cl,Br,I]),$([!H0]([F,Cl,Br,I])([F,Cl,Br,I])),$(*([F,Cl,Br,I])([F,Cl,Br,I])([F,Cl,Br,I]))])([C;!H0!H1!H2,$([!H0!H1][F,Cl,Br,I]),$([!H0]([F,Cl,Br,I])([F,Cl,Br,I])),$(*([F,Cl,Br,I])([F,Cl,Br,I])([F,Cl,Br,I]))])[C;!H0!H1!H2,$([!H0!H1][F,Cl,Br,I]),$([!H0]([F,Cl,Br,I])([F,Cl,Br,I])),$(*([F,Cl,Br,I])([F,Cl,Br,I])([F,Cl,Br,I]))]),$([OX2][C;!H0!H1,$([!H0][F,Cl,Br,I]),$(*([F,Cl,Br,I])([F,Cl,Br,I]))][C;!H0,$(C[F,Cl,Br,I])]([C;!H0!H1!H2,$([!H0!H1][F,Cl,Br,I]),$([!H0]([F,Cl,Br,I])([F,Cl,Br,I])),$(*([F,Cl,Br,I])([F,Cl,Br,I])([F,Cl,Br,I]))])[C;!H0!H1!H2,$([!H0!H1][F,Cl,Br,I]),$([!H0]([F,Cl,Br,I])([F,Cl,Br,I])),$(*([F,Cl,Br,I])([F,Cl,Br,I])([F,Cl,Br,I]))]),$([OX2][CH2]c1ccccc1)])[$([OX2][C;!H0!H1!H2,$([!H0!H1][F,Cl,Br,I]),$([!H0]([F,Cl,Br,I])([F,Cl,Br,I])),$(*([F,Cl,Br,I])([F,Cl,Br,I])([F,Cl,Br,I]))]),$([OX2][C;!H0!H1,$([!H0][F,Cl,Br,I]),$(*([F,Cl,Br,I])([F,Cl,Br,I]))][C;!H0!H1!H2,$([!H0!H1][F,Cl,Br,I]),$([!H0]([F,Cl,Br,I])([F,Cl,Br,I])),$(*([F,Cl,Br,I])([F,Cl,Br,I])([F,Cl,Br,I]))]),$([OX2][C;!H0!H1,$([!H0][F,Cl,Br,I]),$(*([F,Cl,Br,I])([F,Cl,Br,I]))][C;!H0!H1,$([!H0][F,Cl,Br,I]),$(*([F,Cl,Br,I])([F,Cl,Br,I]))][C;!H0!H1!H2,$([!H0!H1][F,Cl,Br,I]),$([!H0]([F,Cl,Br,I])([F,Cl,Br,I])),$(*([F,Cl,Br,I])([F,Cl,Br,I])([F,Cl,Br,I]))]),$([OX2][C;!H0,$(C[F,Cl,Br,I])]([C;!H0!H1!H2,$([!H0!H1][F,Cl,Br,I]),$([!H0]([F,Cl,Br,I])([F,Cl,Br,I])),$(*([F,Cl,Br,I])([F,Cl,Br,I])([F,Cl,Br,I]))])[C;!H0!H1!H2,$([!H0!H1][F,Cl,Br,I]),$([!H0]([F,Cl,Br,I])([F,Cl,Br,I])),$(*([F,Cl,Br,I])([F,Cl,Br,I])([F,Cl,Br,I]))]),$([OX2][C;!H0!H1,$([!H0][F,Cl,Br,I]),$(*([F,Cl,Br,I])([F,Cl,Br,I]))][C;!H0!H1,$([!H0][F,Cl,Br,I]),$(*([F,Cl,Br,I])([F,Cl,Br,I]))][C;!H0!H1,$([!H0][F,Cl,Br,I]),$(*([F,Cl,Br,I])([F,Cl,Br,I]))][C;!H0!H1!H2,$([!H0!H1][F,Cl,Br,I]),$([!H0]([F,Cl,Br,I])([F,Cl,Br,I])),$(*([F,Cl,Br,I])([F,Cl,Br,I])([F,Cl,Br,I]))]),$([OX2][C;!H0,$(C[F,Cl,Br,I])]([C;!H0!H1!H2,$([!H0!H1][F,Cl,Br,I]),$([!H0]([F,Cl,Br,I])([F,Cl,Br,I])),$(*([F,Cl,Br,I])([F,Cl,Br,I])([F,Cl,Br,I]))])[C;!H0!H1,$([!H0][F,Cl,Br,I]),$(*([F,Cl,Br,I])([F,Cl,Br,I]))][C;!H0!H1!H2,$([!H0!H1][F,Cl,Br,I]),$([!H0]([F,Cl,Br,I])([F,Cl,Br,I])),$(*([F,Cl,Br,I])([F,Cl,Br,I])([F,Cl,Br,I]))]),$([OX2][CH0]([C;!H0!H1!H2,$([!H0!H1][F,Cl,Br,I]),$([!H0]([F,Cl,Br,I])([F,Cl,Br,I])),$(*([F,Cl,Br,I])([F,Cl,Br,I])([F,Cl,Br,I]))])([C;!H0!H1!H2,$([!H0!H1][F,Cl,Br,I]),$([!H0]([F,Cl,Br,I])([F,Cl,Br,I])),$(*([F,Cl,Br,I])([F,Cl,Br,I])([F,Cl,Br,I]))])[C;!H0!H1!H2,$([!H0!H1][F,Cl,Br,I]),$([!H0]([F,Cl,Br,I])([F,Cl,Br,I])),$(*([F,Cl,Br,I])([F,Cl,Br,I])([F,Cl,Br,I]))]),$([OX2][C;!H0!H1,$([!H0][F,Cl,Br,I]),$(*([F,Cl,Br,I])([F,Cl,Br,I]))][C;!H0,$(C[F,Cl,Br,I])]([C;!H0!H1!H2,$([!H0!H1][F,Cl,Br,I]),$([!H0]([F,Cl,Br,I])([F,Cl,Br,I])),$(*([F,Cl,Br,I])([F,Cl,Br,I])([F,Cl,Br,I]))])[C;!H0!H1!H2,$([!H0!H1][F,Cl,Br,I]),$([!H0]([F,Cl,Br,I])([F,Cl,Br,I])),$(*([F,Cl,Br,I])([F,Cl,Br,I])([F,Cl,Br,I]))]),$([OX2][CH2]c1ccccc1)])]",alkyl or benzyl ester of sulphonic or phosphonic acid
[OX2;H1][CH2][NX3],n-methylol derivatives
"[CX3;!H0,$([CX3][CX4])]([F,Cl,Br,I])=[CX3;!H0,$([CX3][CX4])][!F!Cl!Br!I]",monohaloalkene
"[F,Cl,Br,I][CH2][CH2][NX3,SX2][CH2][CH2][F,Cl,Br,I]",s or n mustard
"[$([OX2]1[CX4][CX4][CX3]1(=[OX1])),$([CX4]1[CX4][CX4][Sv6;X4](=[OX1])(=[OX1])[OX2]1)]",propiolactones or propiosultones
"[CX4]1[OX2,NX3][CX4]1",epoxides and aziridines
"[CX4;!H0][Br,Cl,I]",aliphatic halogens
[OX1]=[NX2][OX2][CX4],alkyl nitrite
"[CX3]([!$([OH]);!$([O-])])(=[OX1])[CX3H1]=[CX3]([$([CH3]),$([CH2][CH3]),$([CH2][CH2][CH3]),$([CH]([CH3])[CH3]),$([CH2][CH2][CH2][CH3]),$([CH]([CH3])[CH2][CH3]),$([CH2][CH]([CH3])[CH3]),$([CH0]([CH3])([CH3])[CH3]),$([CH2][CH2][CH2][CH2][CH3]),$([CH]([CH3])[CH2][CH2][CH3]),$([CH2][CH]([CH3])[CH2][CH3]),$([CH2][CH2][CH]([CH3])[CH3]),$([CH]([CH2][CH3])[CH2][CH3]),$([CH]([CH3])[CH]([CH3])[CH3]),$([CH0]([CH3])([CH3])[CH2][CH3]),$([CH2][CH0]([CH3])([CH3])[CH3]),$([!H0,#7,#8,F,Cl,Br,I,#15,#16,#5]),$([CH]=[CH][#6]);!$([a!r0])])[$([CH3]),$([CH2][CH3]),$([CH2][CH2][CH3]),$([CH]([CH3])[CH3]),$([CH2][CH2][CH2][CH3]),$([CH]([CH3])[CH2][CH3]),$([CH2][CH]([CH3])[CH3]),$([CH0]([CH3])([CH3])[CH3]),$([CH2][CH2][CH2][CH2][CH3]),$([CH]([CH3])[CH2][CH2][CH3]),$([CH2][CH]([CH3])[CH2][CH3]),$([CH2][CH2][CH]([CH3])[CH3]),$([CH]([CH2][CH3])[CH2][CH3]),$([CH]([CH3])[CH]([CH3])[CH3]),$([CH0]([CH3])([CH3])[CH2][CH3]),$([CH2][CH0]([CH3])([CH3])[CH3]),$([!H0,#7,#8,F,Cl,Br,I,#15,#16,#5]),$([CH]=[CH][#6]);!$([a!R0])]","α, β-unsaturated carbonyl"
"[CX3;!H0,$([CX3][#6&!$([CX3]=[CX3])])]([H])(=[OX1])",simple aldehyde
"[$([#6X3]1=,:[#6X3]-,:[#6X3](=[OX1])-,:[#6X3]=,:[#6X3]-,:[#6X3]1(=[OX1])),$([#6X3]1(=[OX1])-,:[#6X3](=[OX1])-,:[#6X3]=,:[#6X3]-,:[#6X3]=,:[#6X3]1)]",quinones
[NX3;!$([NX3](=[OX1])=[OX1]);!$([NX3+](=[OX1])[O-])][NX3;!$([NX3](=[OX1])=[OX1]);!$([NX3+](=[OX1])[O-])],hydrazine
"[$([NX2;!H0,$([NX2]C)]=[NX2;!H0,$([NX2]C)]),$([CX3]=[NX2+]=N),$([CX3]=[NX2+]=[NX1-]),$([CX3-][NX2+]#[NX1]),$([CX3][NX2]#[NX1]),$(C[NX2]=N(=O)[*]),$(C[NX2]=[N+]([O-])[*])]",aliphatic azo and azoxy
"[NX2]=[CX2]=[OX1,Sv2X1]",isocyanate and isothiocyanate groups
"[NX3;!H0!H1,$([!H0]C),$(*(C)(C))][CX3](=[OX1,Sv2X1])[OX2,Sv2X2]C",alkyl carbamate   and  thiocarbamate
"[$([cX3R3]),$([cX3;R1,R2,R3]1[cX3;R1,R2,R3][cX3;R1,R2,R3][cX3;R1,R2,R3][cX3;R2,R3]2[cX3;R2,R3]1[cX3;R1,R2,R3][cX3;R2,R3]3[cX3;R2,R3]([cX3;R1,R2,R3]2)[cX3;R1,R2,R3][cX3;R1,R2,R3][cX3;R1,R2,R3][cX3;R1,R2,R3]3)].[!$([n,o,s])]",polycyclic aromatic hydrocarbons
"[$([aR3].[n,o,s]),$([$([aR2]([aR])([aR])([aR]))].[$([aR2]([aR])([aR])([aR]))].[$([aR2]([aR])([aR])([aR]))].[$([aR2]([aR])([aR])([aR]))].[n,o,s])]",heterocyclic polycyclic aromatic hydrocarbons
[#6][NX3][NX2]=[OX1],alkyl and aryl n-nitroso groups
"[$([NX2!R]=[NX2!R][NX3!R]),$([NX2]=[NX2+]=[NX1-]),$([NX2]=[NX2+]=N)]",azide and triazene groups
"[NX3;!H0!H1,$([!H0]C),$(*(C)(C))][$([NX3+](=[OX1])[O-]),$([NX3](=O)=O)]",aliphatic n-nitro group
C[CX3;H1]=[CX3;H1][OX2][#6],"α, β-unsaturated aliphatic alkoxy group"
[a!r0][NX2]=[OX1],aromatic nitroso group
[O-][N+]1=CC=CC=C1,aromatic ring n-oxide
"[a!R0][$([NX3+](=[OX1])[O-]),$([NX3](=[OX1])=[OX1]);!$([NX3]a(a-[!#1])a-[!#1]);!$([NX3]aa-C(=[OX1])[OH]);!$([NX3]aa-[Sv6X4](=[OX1])(=[OX1])[OH]);!$([NX3]aaa-[Sv6X4](=[OX1])(=[OX1])[OH]);!$([NX3]aaaa-[Sv6X4](=[OX1])(=[OX1])[OH])]",nitro-aromatic
"[a!R0][$([NH2]),$([NX3][OX2H1]),$([NX3][OX2][CX3H1](=[OX1])),$([NX2]=[CH2]),$([NX2]=C=[OX1]);!$([NX3,NX2]a(a-[!#1])a-[!#1]);!$([NX3,NX2]aa-C(=[OX1])[OH]);!$([NX3,NX2]aa-[Sv6X4](=[OX1])(=[OX1])[OH]);!$([NX3,NX2]aaa-[Sv6X4](=[OX1])(=[OX1])[OH]);!$([NX3,NX2]aaaa-[Sv6X4](=[OX1])(=[OX1])[OH])]","primary aromatic amine, hydroxyl amine and its derived esters or amine generating group"
"[a!R0][$([NX3;H1][CH3]),$([NX3;H1][CH2][CH3]),$([NX3]([CH3])[CH3]),$([NX3]([CH3])[CH2][CH3]),$([NX3]([CH2][CH3])[CH2][CH3]);!$([NX3]a(a-[!#1])a-[!#1]);!$([NX3]aa-C(=[OX1])[OH]);!$([NX3]aa-[Sv6X4](=[OX1])(=[OX1])[OH]);!$([NX3]aaa-[Sv6X4](=[OX1])(=[OX1])[OH]);!$([NX3]aaaa-[Sv6X4](=[OX1])(=[OX1])[OH])]",aromatic mono- and dialkylamine
"[a!R0][$([NX3;H1]),$([NX3][CH3]);!$([NX3]a(a-[!#1])a-[!#1]);!$([NX3]aa-C(=[OX1])[OH]);!$([NX3]aa-[Sv6X4](=[OX1])(=[OX1])[OH]);!$([NX3]aaa-[Sv6X4](=[OX1])(=[OX1])[OH]);!$([NX3]aaaa-[Sv6X4](=[OX1])(=[OX1])[OH])][CX3;!H0,$([CX3]([CH3]))]=[OX1]",aromatic n-acyl amine
 [$([NX2]([a!r0])=[NX2][a!R0]);!$([NX2](aaS(=O)(=O)[OH])=[NX2]aaS(=O)(=O)[OH]);!$([NX2](aaS(=O)(=O)[OH])=[NX2]aaaS(=O)(=O)[OH]);!$([NX2](aaaS(=O)(=O)[OH])=[NX2]aaS(=O)(=O)[OH]);!$([NX2](aaS(=O)(=O)[OH])=[NX2]aaaaS(=O)(=O)[OH])!$([NX2](aaaaS(=O)(=O)[OH])=[NX2]aaS(=O)(=O)[OH]);!$([NX2](aaaS(=O)(=O)[OH])=[NX2]aaaS(=O)(=O)[OH]);!$([NX2](aaaS(=O)(=O)[OH])=[NX2]aaaaS(=O)(=O)[OH]);!$([NX2](aaaaS(=O)(=O)[OH])=[NX2]aaaS(=O)(=O)[OH]);!$([NX2](aaaaS(=O)(=O)[OH])=[NX2]aaaaS(=O)(=O)[OH])],aromatic diazo
"[$(c1cccc2c1oc(=O)cc2),$(C1=CC(=O)OC2=CC=CC=C12),$(C1=CC(=O)Oc2ccccc12)]",coumarins and furocoumarins
"[$([a!R0][NX3;H2]),$([a!r0][NX3;H1][CH3]),$([a!R0][NX3;H1][CH2][CH3])]",primary and secondary aromatic amines
"a[NX3]([$([CH3]),$([CH2][CH3])])[$([CH3]),$([CH2][CH3])]",tertiary aromatic amines
"[$([a!R0][NX3;H1][CX3;H1](=[OX1])),$([a!r0][NX3;H1][CX3](=[OX1])[CH3])]",secondary aromatic acetamides and formamides
"[a!R0][$([NX3+](=[OX1])[O-]),$([NX3](=O)(=O))]",nitroarenes
[a!R0][NX2]=[OX1],nitrosoarenes
"[a!R0][NX3;H1][OX2;!H0,$([OX2][#6])]",arylhydroxylamines
[NX3]([CX4])([CX4])[NX2]=[OX1],n-nitroso-n-dialkylamines
"[CX4,a!r0][CX3](=[OX1])[NX3]([CX4])[NX2]=[OX1]",n-nitroso-n-alkylamides
"[OX1]=[NX2][NX3]([CX4])[CX3](=[OX1])[NX3H1][CX4,a!R0]",n-nitroso-n-alkylureas
"[OX1]=[NX2][NX3]([CX4])[CX3](=[OX1])[OX2][CX4,a!R0]",n-nitroso-n-alkylcarbamates (aka urethanes)
[OX1]=[NX2][NX3]([CX4])[CX2]#[NX1],n-nitroso-n-alkylnitriles
[OX1]=[NX2][NX3]([OH1])[#6],n-nitroso-n-hydroxylamines
"[NX3;!H0,$([NX3][CX4,a!r0])]([$([CX4!H0]),$([CX4][OH]),$([CX3]=[OX1])])[NX3;!H0!H1,$([!H0][CX4,a!r0]),$(*([CX4,a!r0])[CX4,a!r0])]",hydrazines
"[$([$([CX4]([*!C])([*!C])([*!C])),$([CX4]([*!C])([*!C])([*!C])[CX4]([*!C])([*!C])([*!C])),$([CX4]([*!C])([*!C])([*!C])[CX4]([*!C])([*!C])[CX4]([*!C])([*!C])([*!C])),$([CX4]([CX4]([*!C])([*!C])([*!C]))([CX4]([*!C])([*!C])([*!C]))([*!C])([*!C])),$([CX4]([*!C])([*!C])([*!C])[CX4]([*!C])([*!C])[CX4]([*!C])([*!C])[CX4]([*!C])([*!C])([*!C])),$([CX4]([*!C])([*!C])([*!C])[CX4]([*!C])([CX4]([*!C])([*!C])([*!C]))[CX4]([*!C])([*!C])([*!C])),$([CX4]([*!C])([*!C])([*!C])[CX4]([*!C])([*!C])[CX4]([*!C])([CX4]([*!C])([*!C])([*!C]))),$([CX4]([CX4]([*!C])([*!C])([*!C]))([CX4]([*!C])([*!C])([*!C]))([CX4]([*!C])([*!C])([*!C]))[*!C])][NX3+](=O)=[NX2][$([CX4]([*!C])([*!C])([*!C])),$([CX4]([*!C])([*!C])([*!C])[CX4]([*!C])([*!C])([*!C])),$([CX4]([*!C])([*!C])([*!C])[CX4]([*!C])([*!C])[CX4]([*!C])([*!C])([*!C])),$([CX4]([CX4]([*!C])([*!C])([*!C]))([CX4]([*!C])([*!C])([*!C]))([*!C])([*!C])),$([CX4]([*!C])([*!C])([*!C])[CX4]([*!C])([*!C])[CX4]([*!C])([*!C])[CX4]([*!C])([*!C])([*!C])),$([CX4]([*!C])([*!C])([*!C])[CX4]([*!C])([CX4]([*!C])([*!C])([*!C]))[CX4]([*!C])([*!C])([*!C])),$([CX4]([*!C])([*!C])([*!C])[CX4]([*!C])([*!C])[CX4]([*!C])([CX4]([*!C])([*!C])([*!C]))),$([CX4]([CX4]([*!C])([*!C])([*!C]))([CX4]([*!C])([*!C])([*!C]))([CX4]([*!C])([*!C])([*!C]))[*!C])]),$([$([CX4]([*!C])([*!C])([*!C])),$([CX4]([*!C])([*!C])([*!C])[CX4]([*!C])([*!C])([*!C])),$([CX4]([*!C])([*!C])([*!C])[CX4]([*!C])([*!C])[CX4]([*!C])([*!C])([*!C])),$([CX4]([CX4]([*!C])([*!C])([*!C]))([CX4]([*!C])([*!C])([*!C]))([*!C])([*!C])),$([CX4]([*!C])([*!C])([*!C])[CX4]([*!C])([*!C])[CX4]([*!C])([*!C])[CX4]([*!C])([*!C])([*!C])),$([CX4]([*!C])([*!C])([*!C])[CX4]([*!C])([CX4]([*!C])([*!C])([*!C]))[CX4]([*!C])([*!C])([*!C])),$([CX4]([*!C])([*!C])([*!C])[CX4]([*!C])([*!C])[CX4]([*!C])([CX4]([*!C])([*!C])([*!C]))),$([CX4]([CX4]([*!C])([*!C])([*!C]))([CX4]([*!C])([*!C])([*!C]))([CX4]([*!C])([*!C])([*!C]))[*!C])][NX3](=O)=[NX2][$([CX4]([*!C])([*!C])([*!C])),$([CX4]([*!C])([*!C])([*!C])[CX4]([*!C])([*!C])([*!C])),$([CX4]([*!C])([*!C])([*!C])[CX4]([*!C])([*!C])[CX4]([*!C])([*!C])([*!C])),$([CX4]([CX4]([*!C])([*!C])([*!C]))([CX4]([*!C])([*!C])([*!C]))([*!C])([*!C])),$([CX4]([*!C])([*!C])([*!C])[CX4]([*!C])([*!C])[CX4]([*!C])([*!C])[CX4]([*!C])([*!C])([*!C])),$([CX4]([*!C])([*!C])([*!C])[CX4]([*!C])([CX4]([*!C])([*!C])([*!C]))[CX4]([*!C])([*!C])([*!C])),$([CX4]([*!C])([*!C])([*!C])[CX4]([*!C])([*!C])[CX4]([*!C])([CX4]([*!C])([*!C])([*!C]))),$([CX4]([CX4]([*!C])([*!C])([*!C]))([CX4]([*!C])([*!C])([*!C]))([CX4]([*!C])([*!C])([*!C]))[*!C])]),$([$([CX4]([*!C])([*!C])([*!C])),$([CX4]([*!C])([*!C])([*!C])[CX4]([*!C])([*!C])([*!C])),$([CX4]([*!C])([*!C])([*!C])[CX4]([*!C])([*!C])[CX4]([*!C])([*!C])([*!C])),$([CX4]([CX4]([*!C])([*!C])([*!C]))([CX4]([*!C])([*!C])([*!C]))([*!C])([*!C])),$([CX4]([*!C])([*!C])([*!C])[CX4]([*!C])([*!C])[CX4]([*!C])([*!C])[CX4]([*!C])([*!C])([*!C])),$([CX4]([*!C])([*!C])([*!C])[CX4]([*!C])([CX4]([*!C])([*!C])([*!C]))[CX4]([*!C])([*!C])([*!C])),$([CX4]([*!C])([*!C])([*!C])[CX4]([*!C])([*!C])[CX4]([*!C])([CX4]([*!C])([*!C])([*!C]))),$([CX4]([CX4]([*!C])([*!C])([*!C]))([CX4]([*!C])([*!C])([*!C]))([CX4]([*!C])([*!C])([*!C]))[*!C])][NX3+]([O-])=[NX2][$([CX4]([*!C])([*!C])([*!C])),$([CX4]([*!C])([*!C])([*!C])[CX4]([*!C])([*!C])([*!C])),$([CX4]([*!C])([*!C])([*!C])[CX4]([*!C])([*!C])[CX4]([*!C])([*!C])([*!C])),$([CX4]([CX4]([*!C])([*!C])([*!C]))([CX4]([*!C])([*!C])([*!C]))([*!C])([*!C])),$([CX4]([*!C])([*!C])([*!C])[CX4]([*!C])([*!C])[CX4]([*!C])([*!C])[CX4]([*!C])([*!C])([*!C])),$([CX4]([*!C])([*!C])([*!C])[CX4]([*!C])([CX4]([*!C])([*!C])([*!C]))[CX4]([*!C])([*!C])([*!C])),$([CX4]([*!C])([*!C])([*!C])[CX4]([*!C])([*!C])[CX4]([*!C])([CX4]([*!C])([*!C])([*!C]))),$([CX4]([CX4]([*!C])([*!C])([*!C]))([CX4]([*!C])([*!C])([*!C]))([CX4]([*!C])([*!C])([*!C]))[*!C])])]",azoxy alkane
"[$([CX4]([$([OH]),$(C=O),$([NX3])])([!F!Cl!Br!I!C])([*!$(C)])[CH2][F,Cl,Br,I]),$([CX4]([!F!Cl!Br!I!C])([!F!Cl!Br!I!C])([*!$(C)])[CX4]([$([OH]),$(C=O),$([NX3])])([*!$(C)])[CH2][F,Cl,Br,I]),$([CX4]([!F!Cl!Br!I!C])([!F!Cl!Br!I!C])([*!$(C)])[CX4]([!F!Cl!Br!I!C])([*!$(C)])[CX4]([$([OH]),$(C=O),$([NX3])])([*!$(C)])[CH2][F,Cl,Br,I]),$([CX4]([CX4]([!F!Cl!Br!I!C])([!F!Cl!Br!I!C])[*!$(C)])([CX4]([!F!Cl!Br!I!C])([!F!Cl!Br!I!C])[*!$(C)])([$([OH]),$(C=O),$([NX3])])[CH2][F,Cl,Br,I]),$([CX4]([!F!Cl!Br!I!C])([!F!Cl!Br!I!C])([*!$(C)])[CX4]([!F!Cl!Br!I!C])([*!$(C)])[CX4]([!F!Cl!Br!I!C])([*!$(C)])[CX4]([*!$(C)])([$([OH]),$(C=O),$([NX3])])[CH2][F,Cl,Br,I]),$([CX4]([!F!Cl!Br!I!C])([!F!Cl!Br!I!C])([*!$(C)])[CX4]([*!$(C)])([CX4]([!F!Cl!Br!I!C])([!F!Cl!Br!I!C])([*!$(C)]))[CX4]([*!$(C)])([$([OH]),$(C=O),$([NX3])])[CH2][F,Cl,Br,I]),$([CX4]([CX4]([!F!Cl!Br!I!C])([!F!Cl!Br!I!C])[*!$(C)])([CX4]([!F!Cl!Br!I!C])([!F!Cl!Br!I!C])[*!$(C)])([CX4]([!F!Cl!Br!I!C])([!F!Cl!Br!I!C])[*!$(C)])[CH2][F,Cl,Br,I]),$([CX4]([!F!Cl!Br!I!C])([!F!Cl!Br!I!C])([*!$(C)])[CX4]([!F!Cl!Br!I!C])([*!$(C)])[CX4]([CX4]([!F!Cl!Br!I!C])([!F!Cl!Br!I!C])([*!$(C)]))([$([OH]),$(C=O),$([NX3])])[CH2][F,Cl,Br,I])]",aliphatic halides
"[a!r0][CH2][Cl,Br,I]",benzylic halides
"[CX4]1[OX2,NX3][CX4]1",oxiranes and aziridines
[OX2]1[CX4][CX4][CX3]1(=[OX1]),propiolactones
"[$([CX4,a!r0][Sv6X4](=[OX1])(=[OX1])[OX2][$([CH3]),$([CH2][CH3])]),$([CX4,a!r0][OX2][Sv6X4](=[OX1])(=[OX1])[OX2][$([CH3]),$([CH2][CH3])])]",alkyl esters of sulfonic and sulphuric acids
"[$([CX4,a!r0][Pv5X4](=[OX1])([OX2][$([CH3]),$([CH2][CH3])])[OX2][$([CH3]),$([CH2][CH3])]),$([OX2;!H0,$([OX2][CX4])][Pv5X4](=[OX1])([OX2;!H0,$([OX2][CX4])])[OX2][$([CH3]),$([CH2][CH3])])]",alkyl esters of phosphonic and phosphoric acids
"[CX4][OX2][Pv5X4](=[SX1])([OX2;!H0,$([OX2][CX4])])[OX2][$([CH3]),$([CH2][CH3])]",mixed alkyl esters of thiophosphoric acid
"[NX3;!H0!H1,$([!H0][#6]),$(*([#6])[#6])][CH2][CH2][Cl,Br,I,F]",haloethylamines
"[$([#6][OX2][CH2][CH2][Cl,Br,I]),$([#6][OX2][CH2][Cl,Br,I])]",haloalkylethers
"[$([CX3](=[OX1])[CH2][Cl,Br,I]),$([CX4!H0]([OH1])[CH2][Cl,Br,I])]",α-halocarbonyl or a-halohydroxy
"[#6][NX3]([#6])[Cl,Br,I,F]",haloamines
"[CX3]=[CX3][CX3](=[OX1])[$([#1][CX3]=[OX1]),$([#6]([CX3]=[OX1])),$([OX2]([CX3]=[OX1])[#6]),$([NX3;!H0!H1,$([!H0][#6]),$(*([#6])[#6])][CX3]=[OX1])]","α, β-unsaturated carbonyls"
"[CX3]=[CX3][CH2][$([Cl,Br,I]),$([OX2])]",allylic halides and alkoxides
"[CX4]([H,F,Cl,Br,I])([H,F,Cl,Br,I])([H,F,Cl,Br,I])[F,Cl,Br,I]",halogenated methanes
"[CX3]=[CX3H1][Cl,Br,I]",vinyl halides
"[c;R1,R2,R3]1[c;R1,R2,R3][c;R1,R2,R3][c;R2,R3]2[c;R2,R3]([c;R1,R2,R3]1)[c;R1,R2,R3][c;R1,R2,R3][c;R1,R2,R3][c;R1,R2,R3]2",polycyclic aromatic hydrocarbons
[NX2]=[CX2]=[OX1],isocyanate
[NX2]=[CX2]=[SX1],isothiocyanate
[$([NX2]([a!r0])=[NX2][a!r0]);!$([NX2](aaS(=O)(=O)[OH])=[NX2]aaS(=O)(=O)[OH]);!$([NX2](aaS(=O)(=O)[OH])=[NX2]aaaS(=O)(=O)[OH]);!$([NX2](aaaS(=O)(=O)[OH])=[NX2]aaS(=O)(=O)[OH]);!$([NX2](aaS(=O)(=O)[OH])=[NX2]aaaaS(=O)(=O)[OH])!$([NX2](aaaaS(=O)(=O)[OH])=[NX2]aaS(=O)(=O)[OH]);!$([NX2](aaaS(=O)(=O)[OH])=[NX2]aaaS(=O)(=O)[OH]);!$([NX2](aaaS(=O)(=O)[OH])=[NX2]aaaaS(=O)(=O)[OH]);!$([NX2](aaaaS(=O)(=O)[OH])=[NX2]aaaS(=O)(=O)[OH]);!$([NX2](aaaaS(=O)(=O)[OH])=[NX2]aaaaS(=O)(=O)[OH])],azoarenes
"[$([CX4,a][Sv6X4](=[OX1])(=[OX1])[OX2][CX4]),$([CX4,a][Pv5X4](=[OX1])([OX2;!H0,$([OX2][CX4])])[OX2][CX4])]",alkyl esters of phosphonic or sulphonic acids
"[a!r0][$([NX3+](=[OX1])[O-]),$([NX3](=[OX1])=[OX1]);!$([NX3]a(a-[!#1])a-[!#1]);!$([NX3]aa-C(=[OX1])[OH])]",aromatic nitro groups
[$([NX2]([a!r0])=[NX2][a!r0]);!$([NX2](aaS(=O)(=O)[OH])=[NX2]aaS(=O)(=O)[OH]);!$([NX2](aaS(=O)(=O)[OH])=[NX2]aaaS(=O)(=O)[OH]);!$([NX2](aaaS(=O)(=O)[OH])=[NX2]aaS(=O)(=O)[OH]);!$([NX2](aaS(=O)(=O)[OH])=[NX2]aaaaS(=O)(=O)[OH])!$([NX2](aaaaS(=O)(=O)[OH])=[NX2]aaS(=O)(=O)[OH]);!$([NX2](aaaS(=O)(=O)[OH])=[NX2]aaaS(=O)(=O)[OH]);!$([NX2](aaaS(=O)(=O)[OH])=[NX2]aaaaS(=O)(=O)[OH]);!$([NX2](aaaaS(=O)(=O)[OH])=[NX2]aaaS(=O)(=O)[OH]);!$([NX2](aaaaS(=O)(=O)[OH])=[NX2]aaaaS(=O)(=O)[OH])],aromatic azo groups
[O-][N+]1=CC=CC=C1,aromatic rings n-oxides
"[a!r0][$([NX3H1][CH3]),$([NX3H1][CH2][CH3]),$([NX3]([CH3])[CH3]),$([NX3]([CH3])[CH2][CH3]),$([NX3]([CH2][CH3])[CH2][CH3]);!$([NX3]a(a-[!#1])a-[!#1]);!$([NX3]aa-C(=[OX1])[OH])]",aromatic mono- and dialkylamino groups
"[NX3;!H0,$([NX3][CX4])]([CX4])[NX3;!H0!H1,$([!H0][CX4]),$(*([CX4])[CX4])]",alkyl hydrazines
"[$([CX3;!H0,$([CX3][CX4])]([H])(=[OX1]))&!$([CX3]([H])(=[OX1])[CX3]=[CX3])]",alkyl aldehydes
[OH1][CH2][NX3],n-methylol derivatives
"[CX3;!H0,$([CX3][CX4])](Cl)=[CX3;!H0,$([CX3][CX4])][!F!Cl!Br!I]",monohaloalkenes
"[F,Cl,Br,I][CH2][CH2][NX3,SX2][CH2][CH2][F,Cl,Br,I]","β-haloethyl n, s - mustards"
[#6][NX3]([#6])Cl,n-chloroamines
"[$([OX2]1[CX4][CX4][CX3]1(=[OX1])),$([CX4]1[CX4][CX4][Sv6;X4](=[OX1])(=[OX1])[OX2]1)]",propiolactones and propiosultones
[CX4]1[NX3][CX4]1,aromatic and aliphatic aziridinyl derivatives
"[F,Cl,Br,I][CH2][CX4,a]",aromatic and aliphatic substituted primary alkyl halides
[NX3][CX3](=[OX1])[OX2],derivatives of urethane (carbamates)
"[a!r0][$([NH2]),$([NX3H1][#6]),$([NX3]([#6])[#6]),$([NX3;!H0,$([NX3][#6])][OX2H1]),$([NX3;!H0,$([NX3][#6])][OX2][CX3]=[OX1]);!$([NX3]a(a-[!#1])a-[!#1]);!$([NX3]aa-C(=[OX1])[OH])]",aromatic amines
"[$([CX4]1[OX2][CX4]1),$([#6]1=[#6][#8]1)]",aliphatic and aromatic epoxides
[$([SX2H0]P(=S)([OH0])[OH0])]P(=S)([OH0])[OH0],phosphorodithionate
CCOP(=S)(OCC)SC([*:1]),"o,o-diethylphosphorodithionate"
[PX4H0](=O)([OH0])([OH0])[OH0],phosphoryl
COP(=O)(O([*:1]))OC,"o,o-dimethylphosphoryl"
[$([OH0]P(=S)([OH0])[OH0])]P(=S)([OH0])[OH0],phosphorothionate
CCOP(=S)(O([*:1]))OCC,diethylphosphorothionate
S=P(O([*:1]))(Oc1ccc([*:1])cc1)c1ccccc1,o-phenyl phenylphosphonothioate
S=P(O([*:1]))(O([*:1]))Oc1ccc([*:1])cc1,o-phenyl phosphonothioate
[$(N([!H])C(=O)[OH0])]C(=O)[OH0],carbamate
CN(SN([*:1])([*:1]))C(=O)Oc1cccc2CC(C)(C)Oc12,"2,2-dimethyl-2,3-dihydro-1-benzofuran-7-yl n-(aminosulfanyl)-n-methylcarbamate"
CN(SOCCC([*:1]))C(=O)O([*:1]),methyl(propoxysulfanyl) carbamate
O=C(N([*:1]))Oc1ccccc([*:1])1,phenyl carbamate
[CX4]NC(=O)ON=C,o-(methylaminocarbonyl)oxime
CN(C)C(=O)O([*:1]),dimethylcarbamate
*C1(*)[#6](=O)-[#7]-[#6](=O)-[#7]-[#6]1=O,barbiturates
[OH1]C1=CC(=O)Oc2[cH][cH][cH][cH]c12,4-hydroxycoumarin
*-[#7]-1-c2ccccc2-[#16]-c2ccccc-12,phenothiazine
[NR1X3]1[CX4R1][CX4R1][NX3R1]([CX3]=[NX2])[CX4R1][CX4R1]1,1-carboximidoylpiperazine
[NR1X3]1[CX4R1][CX4R1][NX3R1](c2ccccc2)[CX4R1][CX4R1]1,phenylpiperazine
N#Cc1c([*:1])c([*:1])c(Cl)c(C#N)c1Cl,"2,4-dichloro-benzene-1,3-dicarbonitrile"
"[$([NX3][CX3](=[Sv2X1])[NX3]),$([CX3;!$(C[OH]);!$(C[SH]);!$(C[O-]);!$(C[S-]);!$(CO[#6])](=[Sv2X1])[NX3])]",thiocarbonyl
"c1ccccc1[$([Br,Cl,F,I]);!$([Br,Cl,F,I]aa[Br,Cl,F,I]);!$([Br,Cl,F,I]aaa[Br,Cl,F,I]);!$([Br,Cl,F,I]aa([OH])a([OH])a[OH]);!$([Br,Cl,F,I]aaa([OH])a([OH])a[OH]);!$([Br,Cl,F,I]aa([OH])a([OH])aa[OH])]",halogenated benzene
"[Br,Cl,F,I][$([cR1]1[cR1][cR1][cR1][cR1][cR1]1-[cR1]2[cR1][cR1][cR1][cR1][cR1]2),$([cR1]1[cR1][cR1][cR1][cR2]2[cR2]1[cR1][cR1][cR1][cR1]2)]",halogenated pah
"[OR1]1[CR2]2=[CR1][CR1]=[CR1][CR1]=[CR2]2[OR1][CR2]3=[CR1][CR1]([F,Cl,Br,I])=[CR1][CR1]=[CR2]13",halogenated dibenzodioxins
"[Br,Cl,F,I][CX3;!H0,!$(*[OH1]),!$(*[SH1])]=[OX1]",acyl halides
"[$([Sv6X4;!$([Sv6X4][OH]);!$([Sv6X4][SH]);!$([Sv6X4][O-]);!$([Sv6X4][S-])](=[OX1])(=[OX1])[$([OX2][C;!H0!H1!H2,$([!H0!H1][F,Cl,Br,I]),$([!H0]([F,Cl,Br,I])([F,Cl,Br,I])),$(*([F,Cl,Br,I])([F,Cl,Br,I])([F,Cl,Br,I]))]),$([OX2][C;!H0!H1,$([!H0][F,Cl,Br,I]),$(*([F,Cl,Br,I])([F,Cl,Br,I]))][C;!H0!H1!H2,$([!H0!H1][F,Cl,Br,I]),$([!H0]([F,Cl,Br,I])([F,Cl,Br,I])),$(*([F,Cl,Br,I])([F,Cl,Br,I])([F,Cl,Br,I]))]),$([OX2][C;!H0!H1,$([!H0][F,Cl,Br,I]),$(*([F,Cl,Br,I])([F,Cl,Br,I]))][C;!H0!H1,$([!H0][F,Cl,Br,I]),$(*([F,Cl,Br,I])([F,Cl,Br,I]))][C;!H0!H1!H2,$([!H0!H1][F,Cl,Br,I]),$([!H0]([F,Cl,Br,I])([F,Cl,Br,I])),$(*([F,Cl,Br,I])([F,Cl,Br,I])([F,Cl,Br,I]))]),$([OX2][C;!H0,$(C[F,Cl,Br,I])]([C;!H0!H1!H2,$([!H0!H1][F,Cl,Br,I]),$([!H0]([F,Cl,Br,I])([F,Cl,Br,I])),$(*([F,Cl,Br,I])([F,Cl,Br,I])([F,Cl,Br,I]))])[C;!H0!H1!H2,$([!H0!H1][F,Cl,Br,I]),$([!H0]([F,Cl,Br,I])([F,Cl,Br,I])),$(*([F,Cl,Br,I])([F,Cl,Br,I])([F,Cl,Br,I]))]),$([OX2][C;!H0!H1,$([!H0][F,Cl,Br,I]),$(*([F,Cl,Br,I])([F,Cl,Br,I]))][C;!H0!H1,$([!H0][F,Cl,Br,I]),$(*([F,Cl,Br,I])([F,Cl,Br,I]))][C;!H0!H1,$([!H0][F,Cl,Br,I]),$(*([F,Cl,Br,I])([F,Cl,Br,I]))][C;!H0!H1!H2,$([!H0!H1][F,Cl,Br,I]),$([!H0]([F,Cl,Br,I])([F,Cl,Br,I])),$(*([F,Cl,Br,I])([F,Cl,Br,I])([F,Cl,Br,I]))]),$([OX2][C;!H0,$(C[F,Cl,Br,I])]([C;!H0!H1!H2,$([!H0!H1][F,Cl,Br,I]),$([!H0]([F,Cl,Br,I])([F,Cl,Br,I])),$(*([F,Cl,Br,I])([F,Cl,Br,I])([F,Cl,Br,I]))])[C;!H0!H1,$([!H0][F,Cl,Br,I]),$(*([F,Cl,Br,I])([F,Cl,Br,I]))][C;!H0!H1!H2,$([!H0!H1][F,Cl,Br,I]),$([!H0]([F,Cl,Br,I])([F,Cl,Br,I])),$(*([F,Cl,Br,I])([F,Cl,Br,I])([F,Cl,Br,I]))]),$([OX2][CH0]([C;!H0!H1!H2,$([!H0!H1][F,Cl,Br,I]),$([!H0]([F,Cl,Br,I])([F,Cl,Br,I])),$(*([F,Cl,Br,I])([F,Cl,Br,I])([F,Cl,Br,I]))])([C;!H0!H1!H2,$([!H0!H1][F,Cl,Br,I]),$([!H0]([F,Cl,Br,I])([F,Cl,Br,I])),$(*([F,Cl,Br,I])([F,Cl,Br,I])([F,Cl,Br,I]))])[C;!H0!H1!H2,$([!H0!H1][F,Cl,Br,I]),$([!H0]([F,Cl,Br,I])([F,Cl,Br,I])),$(*([F,Cl,Br,I])([F,Cl,Br,I])([F,Cl,Br,I]))]),$([OX2][C;!H0!H1,$([!H0][F,Cl,Br,I]),$(*([F,Cl,Br,I])([F,Cl,Br,I]))][C;!H0,$(C[F,Cl,Br,I])]([C;!H0!H1!H2,$([!H0!H1][F,Cl,Br,I]),$([!H0]([F,Cl,Br,I])([F,Cl,Br,I])),$(*([F,Cl,Br,I])([F,Cl,Br,I])([F,Cl,Br,I]))])[C;!H0!H1!H2,$([!H0!H1][F,Cl,Br,I]),$([!H0]([F,Cl,Br,I])([F,Cl,Br,I])),$(*([F,Cl,Br,I])([F,Cl,Br,I])([F,Cl,Br,I]))]),$([OX2][CH2]c1ccccc1)]),$([Pv5X4;!$([Pv5X4][OH]);!$([Pv5X4][SH]);!$([Pv5X4][O-]);!$([Pv5X4][S-])](=[OX1])([$([OX2][C;!H0!H1!H2,$([!H0!H1][F,Cl,Br,I]),$([!H0]([F,Cl,Br,I])([F,Cl,Br,I])),$(*([F,Cl,Br,I])([F,Cl,Br,I])([F,Cl,Br,I]))]),$([OX2][C;!H0!H1,$([!H0][F,Cl,Br,I]),$(*([F,Cl,Br,I])([F,Cl,Br,I]))][C;!H0!H1!H2,$([!H0!H1][F,Cl,Br,I]),$([!H0]([F,Cl,Br,I])([F,Cl,Br,I])),$(*([F,Cl,Br,I])([F,Cl,Br,I])([F,Cl,Br,I]))]),$([OX2][C;!H0!H1,$([!H0][F,Cl,Br,I]),$(*([F,Cl,Br,I])([F,Cl,Br,I]))][C;!H0!H1,$([!H0][F,Cl,Br,I]),$(*([F,Cl,Br,I])([F,Cl,Br,I]))][C;!H0!H1!H2,$([!H0!H1][F,Cl,Br,I]),$([!H0]([F,Cl,Br,I])([F,Cl,Br,I])),$(*([F,Cl,Br,I])([F,Cl,Br,I])([F,Cl,Br,I]))]),$([OX2][C;!H0,$(C[F,Cl,Br,I])]([C;!H0!H1!H2,$([!H0!H1][F,Cl,Br,I]),$([!H0]([F,Cl,Br,I])([F,Cl,Br,I])),$(*([F,Cl,Br,I])([F,Cl,Br,I])([F,Cl,Br,I]))])[C;!H0!H1!H2,$([!H0!H1][F,Cl,Br,I]),$([!H0]([F,Cl,Br,I])([F,Cl,Br,I])),$(*([F,Cl,Br,I])([F,Cl,Br,I])([F,Cl,Br,I]))]),$([OX2][C;!H0!H1,$([!H0][F,Cl,Br,I]),$(*([F,Cl,Br,I])([F,Cl,Br,I]))][C;!H0!H1,$([!H0][F,Cl,Br,I]),$(*([F,Cl,Br,I])([F,Cl,Br,I]))][C;!H0!H1,$([!H0][F,Cl,Br,I]),$(*([F,Cl,Br,I])([F,Cl,Br,I]))][C;!H0!H1!H2,$([!H0!H1][F,Cl,Br,I]),$([!H0]([F,Cl,Br,I])([F,Cl,Br,I])),$(*([F,Cl,Br,I])([F,Cl,Br,I])([F,Cl,Br,I]))]),$([OX2][C;!H0,$(C[F,Cl,Br,I])]([C;!H0!H1!H2,$([!H0!H1][F,Cl,Br,I]),$([!H0]([F,Cl,Br,I])([F,Cl,Br,I])),$(*([F,Cl,Br,I])([F,Cl,Br,I])([F,Cl,Br,I]))])[C;!H0!H1,$([!H0][F,Cl,Br,I]),$(*([F,Cl,Br,I])([F,Cl,Br,I]))][C;!H0!H1!H2,$([!H0!H1][F,Cl,Br,I]),$([!H0]([F,Cl,Br,I])([F,Cl,Br,I])),$(*([F,Cl,Br,I])([F,Cl,Br,I])([F,Cl,Br,I]))]),$([OX2][CH0]([C;!H0!H1!H2,$([!H0!H1][F,Cl,Br,I]),$([!H0]([F,Cl,Br,I])([F,Cl,Br,I])),$(*([F,Cl,Br,I])([F,Cl,Br,I])([F,Cl,Br,I]))])([C;!H0!H1!H2,$([!H0!H1][F,Cl,Br,I]),$([!H0]([F,Cl,Br,I])([F,Cl,Br,I])),$(*([F,Cl,Br,I])([F,Cl,Br,I])([F,Cl,Br,I]))])[C;!H0!H1!H2,$([!H0!H1][F,Cl,Br,I]),$([!H0]([F,Cl,Br,I])([F,Cl,Br,I])),$(*([F,Cl,Br,I])([F,Cl,Br,I])([F,Cl,Br,I]))]),$([OX2][C;!H0!H1,$([!H0][F,Cl,Br,I]),$(*([F,Cl,Br,I])([F,Cl,Br,I]))][C;!H0,$(C[F,Cl,Br,I])]([C;!H0!H1!H2,$([!H0!H1][F,Cl,Br,I]),$([!H0]([F,Cl,Br,I])([F,Cl,Br,I])),$(*([F,Cl,Br,I])([F,Cl,Br,I])([F,Cl,Br,I]))])[C;!H0!H1!H2,$([!H0!H1][F,Cl,Br,I]),$([!H0]([F,Cl,Br,I])([F,Cl,Br,I])),$(*([F,Cl,Br,I])([F,Cl,Br,I])([F,Cl,Br,I]))]),$([OX2][CH2]c1ccccc1)])[$([OX2][C;!H0!H1!H2,$([!H0!H1][F,Cl,Br,I]),$([!H0]([F,Cl,Br,I])([F,Cl,Br,I])),$(*([F,Cl,Br,I])([F,Cl,Br,I])([F,Cl,Br,I]))]),$([OX2][C;!H0!H1,$([!H0][F,Cl,Br,I]),$(*([F,Cl,Br,I])([F,Cl,Br,I]))][C;!H0!H1!H2,$([!H0!H1][F,Cl,Br,I]),$([!H0]([F,Cl,Br,I])([F,Cl,Br,I])),$(*([F,Cl,Br,I])([F,Cl,Br,I])([F,Cl,Br,I]))]),$([OX2][C;!H0!H1,$([!H0][F,Cl,Br,I]),$(*([F,Cl,Br,I])([F,Cl,Br,I]))][C;!H0!H1,$([!H0][F,Cl,Br,I]),$(*([F,Cl,Br,I])([F,Cl,Br,I]))][C;!H0!H1!H2,$([!H0!H1][F,Cl,Br,I]),$([!H0]([F,Cl,Br,I])([F,Cl,Br,I])),$(*([F,Cl,Br,I])([F,Cl,Br,I])([F,Cl,Br,I]))]),$([OX2][C;!H0,$(C[F,Cl,Br,I])]([C;!H0!H1!H2,$([!H0!H1][F,Cl,Br,I]),$([!H0]([F,Cl,Br,I])([F,Cl,Br,I])),$(*([F,Cl,Br,I])([F,Cl,Br,I])([F,Cl,Br,I]))])[C;!H0!H1!H2,$([!H0!H1][F,Cl,Br,I]),$([!H0]([F,Cl,Br,I])([F,Cl,Br,I])),$(*([F,Cl,Br,I])([F,Cl,Br,I])([F,Cl,Br,I]))]),$([OX2][C;!H0!H1,$([!H0][F,Cl,Br,I]),$(*([F,Cl,Br,I])([F,Cl,Br,I]))][C;!H0!H1,$([!H0][F,Cl,Br,I]),$(*([F,Cl,Br,I])([F,Cl,Br,I]))][C;!H0!H1,$([!H0][F,Cl,Br,I]),$(*([F,Cl,Br,I])([F,Cl,Br,I]))][C;!H0!H1!H2,$([!H0!H1][F,Cl,Br,I]),$([!H0]([F,Cl,Br,I])([F,Cl,Br,I])),$(*([F,Cl,Br,I])([F,Cl,Br,I])([F,Cl,Br,I]))]),$([OX2][C;!H0,$(C[F,Cl,Br,I])]([C;!H0!H1!H2,$([!H0!H1][F,Cl,Br,I]),$([!H0]([F,Cl,Br,I])([F,Cl,Br,I])),$(*([F,Cl,Br,I])([F,Cl,Br,I])([F,Cl,Br,I]))])[C;!H0!H1,$([!H0][F,Cl,Br,I]),$(*([F,Cl,Br,I])([F,Cl,Br,I]))][C;!H0!H1!H2,$([!H0!H1][F,Cl,Br,I]),$([!H0]([F,Cl,Br,I])([F,Cl,Br,I])),$(*([F,Cl,Br,I])([F,Cl,Br,I])([F,Cl,Br,I]))]),$([OX2][CH0]([C;!H0!H1!H2,$([!H0!H1][F,Cl,Br,I]),$([!H0]([F,Cl,Br,I])([F,Cl,Br,I])),$(*([F,Cl,Br,I])([F,Cl,Br,I])([F,Cl,Br,I]))])([C;!H0!H1!H2,$([!H0!H1][F,Cl,Br,I]),$([!H0]([F,Cl,Br,I])([F,Cl,Br,I])),$(*([F,Cl,Br,I])([F,Cl,Br,I])([F,Cl,Br,I]))])[C;!H0!H1!H2,$([!H0!H1][F,Cl,Br,I]),$([!H0]([F,Cl,Br,I])([F,Cl,Br,I])),$(*([F,Cl,Br,I])([F,Cl,Br,I])([F,Cl,Br,I]))]),$([OX2][C;!H0!H1,$([!H0][F,Cl,Br,I]),$(*([F,Cl,Br,I])([F,Cl,Br,I]))][C;!H0,$(C[F,Cl,Br,I])]([C;!H0!H1!H2,$([!H0!H1][F,Cl,Br,I]),$([!H0]([F,Cl,Br,I])([F,Cl,Br,I])),$(*([F,Cl,Br,I])([F,Cl,Br,I])([F,Cl,Br,I]))])[C;!H0!H1!H2,$([!H0!H1][F,Cl,Br,I]),$([!H0]([F,Cl,Br,I])([F,Cl,Br,I])),$(*([F,Cl,Br,I])([F,Cl,Br,I])([F,Cl,Br,I]))]),$([OX2][CH2]c1ccccc1)])]",alkyl (c<5) or benzylester of sulphonic or phosphonic acid
[OX2;H1][CH2][NX3],n-methylol derivatives
"[CX3;!H0,$([CX3][CX4])]([F,Cl,Br,I])=[CX3;!H0,$([CX3][CX4])][!F!Cl!Br!I]",monohaloalkene
"[F,Cl,Br,I][CH2][CH2][NX3,SX2][CH2][CH2][F,Cl,Br,I]",s or n mustard
"[$([OX2]1[CX4][CX4][CX3]1(=[OX1])),$([CX4]1[CX4][CX4][Sv6;X4](=[OX1])(=[OX1])[OX2]1)]",β-lactones and γ- sultones
"[CX4]1[OX2,NX3][CX4]1",epoxides and aziridines
"[CX4;!H0][Br,Cl,I]",aliphatic halogens
[OX1]=[NX2][OX2][CX4],alkyl nitrite
[CX3](=[OX1])[CX3H1]=[CX3],"α,β unsaturated carbonyls"
"[CX3;!H0,$([CX3][#6&!$([CX3]=[CX3])])]([H])(=[OX1])",simple aldehyde
"[$([#6X3]1=,:[#6X3]-,:[#6X3](=[OX1])-,:[#6X3]=,:[#6X3]-,:[#6X3]1(=[OX1])),$([#6X3]1(=[OX1])-,:[#6X3](=[OX1])-,:[#6X3]=,:[#6X3]-,:[#6X3]=,:[#6X3]1)]",quinones
[NX3;!$([NX3](=[OX1])=[OX1]);!$([NX3+](=[OX1])[O-])][NX3;!$([NX3](=[OX1])=[OX1]);!$([NX3+](=[OX1])[O-])],hydrazine
"[$([NX2;!H0,$([NX2]C)]=[NX2;!H0,$([NX2]C)]),$([CX3]=[NX2+]=N),$([CX3]=[NX2+]=[NX1-]),$([CX3-][NX2+]#[NX1]),$([CX3][NX2]#[NX1]),$(C[NX2]=N(=O)[*]),$(C[NX2]=[N+]([O-])[*])]",aliphatic azo and azoxy
"[NX2]=[CX2]=[OX1,Sv2X1]",isocyanate and isothiocyanate groups
"[NX3;!H0!H1,$([!H0]C),$(*(C)(C))][CX3](=[OX1,Sv2X1])[OX2,Sv2X2]C",alkyl carbamate and thiocarbamate
"[$([cX3R3]),$([cX3;R1,R2,R3]1[cX3;R1,R2,R3][cX3;R1,R2,R3][cX3;R1,R2,R3][cX3;R2,R3]2[cX3;R2,R3]1[cX3;R1,R2,R3][cX3;R2,R3]3[cX3;R2,R3]([cX3;R1,R2,R3]2)[cX3;R1,R2,R3][cX3;R1,R2,R3][cX3;R1,R2,R3][cX3;R1,R2,R3]3)].[!$([n,o,s])]",polycyclic aromatic hydrocarbons
"[$([aR3].[n,o,s]),$([$([aR2]([aR])([aR])([aR]))].[$([aR2]([aR])([aR])([aR]))].[$([aR2]([aR])([aR])([aR]))].[$([aR2]([aR])([aR])([aR]))].[n,o,s])]",heterocyclic polycyclic aromatic hydrocarbons
"[F,Cl,Br,I][CX3;!H0,!$(*[OH1]),!$(*[SH1])]=[OX1]",haloanhydrides
[#6][CX3](=[OX1])n1cncc1,acylimidazoles
[#6][CX3](=[OX1])n1nnc2ccccc12,acylbenzotriazoles
[CX3](=[OX1])[OX2][CX3](=[OX1]),anhydrides and mixed anhydrides
"[Pv5X4](=[OX1])([F,Cl,Br,I])([#6])[#6]",phosphorus halogen derivatives (1)
"[Pv5X4](=[OX1])([F,Cl,Br,I])([#8])[#6]",phosphorus halogen derivatives (2)
"[Pv5X4](=[OX1])([F,Cl,Br,I])([#8])[#8]",phosphorus halogen derivatives (3)
"[Pv5X4](=[OX1])([F,Cl,Br,I])([#7])[#6]",phosphorus halogen derivatives (4)
"[Pv5X4]([F,Cl,Br,I])([#6])([#6])=[SX1]",phosphorus halogen derivatives (5)
"[Pv5X4]([#8])([#6])([F,Cl,Br,I])(=[SX1])",phosphorus halogen derivatives (6)
"[Pv5X4](=[SX1])([F,Cl,Br,I])([#16])[#6]",phosphorus halogen derivatives (7)
[Pv5X4]([!#1])([!#1])([!#1])=[NX2],phosphorus v derivatives
[NX2]=[CX2]=[OX1],isocyanates
[NX2]=[CX2]=[SX1],isothiocyanates
[#6][NX2]=[CX2]=[NX2][#6],carbodiimides
[SX2][CX2]#[NX1],thiocyanates
"[#6][Sv6X4](=[OX1])(=[OX1])[F,Cl,Br,I]",sulfonylhalides
[#6][Sv6X4](=[OX1])(=[OX1])[OX2][Sv6X4](=[OX1])(=[OX1])[#6],sulfonylanhydrides
[#6][Sv6X4](=[OX1])(=[OX1])[OX2][CX4],alkylsulfonates
"[OX2;!H0,OH1!H0,$([OX2,OH1][#6])][Sv6X4](=[OX1])(=[OX1])[OX2][CX4]",alkylsulfates
[Pv3X3]([#8])([#8])[#8],all types of 3-valent phosphorus and similar (1)
"[Pv3X3]([#8])([#8])[F,Cl,Br,I]",all types of 3-valent phosphorus and similar (2)
"[Pv3X3]([#8])([#6])[F,Cl,Br,I]",all types of 3-valent phosphorus and similar (3)
"[Pv3X3]([#6])([#6])[F,Cl,Br,I]",all types of 3-valent phosphorus and similar (4)
[Pv3X3]([#6])([#6])([#6]),all types of 3-valent phosphorus and similar (5)
"[Pv3X3]([#8])([#7])[F,Cl,Br,I]",all types of 3-valent phosphorus and similar (6)
"[Pv3X3]([#7])([#7])[F,Cl,Br,I]",all types of 3-valent phosphorus and similar (7)
"[#16][Pv3X3]([#6])[F,Cl,Br,I]",all types of 3-valent phosphorus and similar (8)
[Pv3X3]([#7])([#7])[#7],all types of 3-valent phosphorus and similar (9)
[PX4+]([#6])([#6])([#6])([#6]),all types of 3-valent phosphorus and similar (10)
"[CX3]([#6])([F,Cl,Br])=[NX2][#8]",hydroxamic acid haloanhydrides
"[#6][CX3](=[SX1])[F,Cl,Br,I]",halothioanhydrides
"[#8][CX3](=[OX1])[F,Cl,Br,I]",halocarbonates
"[#7][CX3](=[OX1])[F,Cl,Br,I]",halocarbamates
"[#6][$([NX2+]#[CX1-]),$([NX2]#[CX1])]",isocyanides
"[$([NX2]=[NX2+]=[NX1-]),$(N=[NX2+]=N),$([NX2-]-[NX2+]#[NX1])]",azides
"[CX3;!H0,$([CX3][#6])](=[SX1])[OX2][#6]",thione esters
"[CX3;!H0,$([CX3][#6])](=[OX1])[SX2][#6]",acylsulfides
[#6][CX3](=[SX1])[#6],thiones
[#6][CX3](=[SX1])[#7],thioamides
[OX2][OX2],peroxides
[SX2!R][SX2!R],acyclic disulfides and polysulfides
[#6][NX2]=[OX1],nitroso
"[#6][OX2][$([NX3](=[OX1])=[OX1]),$([NX3+](=[OX1])[O-])]",nitrates
"[#7][$([NX3](=[OX1])=[OX1]),$([NX3+](=[OX1])[O-])]",n-nitro
[#7][NX2]=[OX1],n-nitroso
[#6][NX2]=[NX2][#6],azo
"[#6][$([NX2]=[NX3+]([O-])[#6]),$([NX2]=[NX3](=[OX1])[#6])]",azoxy
"[$([#6][NX3+]([OX1-])=[NX3+]([OX1-])[#6]),$([#6][NX3](=[OX1])=[NX3](=[OX1])[#6])]",nitroso dimers
"[#6][NX3][F,Cl,Br]",haloamines
"[#6][Sv2X2][F,Cl,Br,I]",sulfenyl halides
"[#6][Sv4X3](=[OX1])[F,Cl,Br,I]",sulfinyl halides
"[$([NX2+]#[NX1]),$([NX2]#N)]",diazonium salts
"[CX3](=[#7])([#7])[Cl,Br,I]",cyclic and linear haloamidines
"[CX3;!H0,$([CX3][#6])]([H])=[OX1]",aldehydes
[#6][CX3]=[NX2][#6],aldimines and ketimines
[#6][NX3;!$([NX3](=[OX1])=[OX1]);!$([NX3+](=[OX1])[O-])][NX3;!$([NX3](=[OX1])=[OX1]);!$([NX3+](=[OX1])[O-])],hydrazines
[CX3]=[NX2][NX3][#6],hydrazones and similar
[OH1][NX3][#6],hydroxylamines
"[$([OX1-,OH1][#7X4+]([*])([*])([*])),$([OX1]=[#7X4v5]([*])([*])([*])),$([OX1]=[Nv5X3&!$([Nv5X3](=[OX1])=[OX1])](=[*])([*])),$([OX1-,OH1][#7X3+R](~[R])(~[R])),$([OX1]=[#7v5X3R](~[R])(~[R]))]",n-oxides
N[CX4]N,aminals
[NX4+]([#6])([#6])([#6])([#6]),ammonium salts
[SX3+]([#6])([#6])([#6]),sulfonium salts
"[#6][CX3](=[OX1])[CX4][Cl,Br,I]",α-haloketones and similar
"[NX3][CX4][CX4][Cl,Br,I]",β-haloamines
"[Sv2X2][CX4][CX4][Cl,Br,I]",β-halosulfides
[CX3](=[OX1])([#8])[CX3]=[CX3],acrylates and similar
[CX3](=[OX1])([#7])[CX3]=[CX3],acrylamides
[CX3](=[OX1])([#6])[CX3]=[CX3],vinylketones and similar
[Sv6X4](=[OX1])(=[OX1])[CX3]=[CX3],vinylsulfones and similar
"[CX3]=[CX3][$([NX3](=[OX1])=[OX1]),$([NX3+](=[OX1])[O-])]",nitrovinyl
[NX1]#CC=C,acrylonitriles
[Pv5X4](=[OX1])([#8])([#8])[CX3]=[CX3],vinylphosphonates and similar
"[$(n1c([CX3]=[CX3])cccc1),$(n1cc([CX3]=[CX3])ccc1),$(n1ccc([CX3]=[CX3])cc1)]",vinylpyridines and similar
C1(=[OX1])C=CC(=[OX1])[NX3]1,cyclic maleimide-like michael acceptors
[CX3]=[CX2]=[OX1],ketenes
C=C=C,allenes
[CX4]1[OX2][CX4]1,oxiranes
[CX4]1[SX2][CX4]1,thiiranes
[CX4]1[NX3][CX4]1,aziridines
[CX4]1[OX2][CX4][CX4]1,oxetanes
[CX4]1[SX2][CX4][CX4]1,thietanes
[Sev2X2],selen in chain
[Si]([#8])([#6])([#6])([#6]),o-silyl derivatives
[Si]([#7])([#6])([#6])([#6]),n-silyl derivatives
"[$([F,Cl,Br,I]c1c([$([NX3](=[OX1])=[OX1]),$([NX3+](=[OX1])[O-])])cccc1),$([F,Cl,Br,I]c1cc([$([NX3](=[OX1])=[OX1]),$([NX3+](=[OX1])[O-])])ccc1),$([F,Cl,Br,I]c1ccc([$([NX3](=[OX1])=[OX1]),$([NX3+](=[OX1])[O-])])cc1)]",nitro-haloarenes
"[$(c1([$([NX3](=[OX1])=[OX1]),$([NX3+](=[OX1])[O-])])c([$([NX3](=[OX1])=[OX1]),$([NX3+](=[OX1])[O-])])cccc1),$(c1([$([NX3](=[OX1])=[OX1]),$([NX3+](=[OX1])[O-])])cc([$([NX3](=[OX1])=[OX1]),$([NX3+](=[OX1])[O-])])ccc1),$(c1([$([NX3](=[OX1])=[OX1]),$([NX3+](=[OX1])[O-])])ccc([$([NX3](=[OX1])=[OX1]),$([NX3+](=[OX1])[O-])])cc1)]",dinitroarenes
"c1ccccc1([CX4][Cl,Br,I])",benzylhalogenides and similar
"[F,Cl,Br,I][CX4][#8]",halomethyl ethers
"[F,Cl,Br,I][CX4][#16]",halomethyl thioethers
"[F,Cl,Br,I][CX4][#7]",halomethyl amines
[OX1]=[I!X1][#6],iodoso and similar hypervalent compounds
N[CX3](=[SX1])N,linear thioureas
N[CX3](=[SX1])S,linear dithiocarbamates
[CX3](=[SX1])(S)S,trithiocarbonates
[CX3](=[SX1])([#6])S,thioester
[Sv6X4](=[OX1])([#8])([#8])[SX2][#6],bunte salts
[#7v4X3R],positively charged n-heterocycles
"[$([#6]1([F,Cl,Br,I])=,:[#6]-,:[#6](=[OX1])-,:[#6]=,:[#6]-,:[#6]1(=[OX1])),$([#6]1(=[OX1])-,:[#6](=[OX1])-,:[#6]([F,Cl,Br,I])=,:[#6]-,:[#6]=,:[#6]1),$([#6]1(=[OX1])-,:[#6](=[OX1])-,:[#6]=,:[#6]([F,Cl,Br,I])-,:[#6]=,:[#6]1)]",haloquinones and similar
"[$([Te]~[#6]),$([As]~[#6]),$([Ge]~[#6]),$([Hg]~[#6]),$([Co]~[#6]),$([Fe]~[#6]),$([Mn]~[#6]),$([Cr]~[#6]),$([Ti]~[#6]),$([Sn]~[#6])]",organometallic compounds
"[#6]1~[#6][#7,#8,#16]1",three-membered heterocycles
[Sv2X2H1],thioles
SS,disulphides
OO,peroxides
[CX3!H0]=[OX1],aldehydes
"[CX3](=[OX1])[Cl,Br]",chlor(brom)anhydrides
S(=O)(=O)O,sulphonic acids/esters
"[CX3](=[OX1])[CX4]([F,Cl,Br,I])([F,Cl,Br,I])[F,Cl,Br,I]",trihalogensubstituted ketones
"[CX3](=[OX1])C[Cl,Br,I]",monohalogen substituted ketones
"[CX4][Br,Cl,I]",alkylhalides
"S(=[OX1])(=[OX1])[F,Cl,Br,I]",sulphonhalogenanhydrides
[Sv6X4](=[OX1])(=[OX1])[OH1],sulphonic acid
P,phosphorus
I,iodine
[Se],selen
B,bor
[Si],silicium
"[NX2]=[CX2]=[OX1,SX1]","isocyanates, isothiocyanates"
[CX3]=[SX1!R],thione
"[CX3](=[OX1])CC[F,Cl,Br,I]",β-halogen substituted carbonyls
[CX3](=[OX1])[C!H0]C[OH1],β-hydroxy substituted carbonyls
"CC([Cl,Br,I])([Cl,Br,I])C",gem-dihalo propane and cyclopropane
"[$([NX3](=[OX1])=[OX1]),$([NX3+](=[OX1])[O-])]cc[F,Cl,Br]",activated halides (o-nitro substituted haloaromatics)
"[$([NX3](=[OX1])=[OX1]),$([NX3+](=[OX1])[O-])]cccc[F,Cl,Br]",activated halides (p-nitro substituted haloaromatics)
"nc[F,Cl,Br]",activated halides (α-halogen substituted n-heterocycles)
"nccc[F,Cl,Br]",activated halides (γ-halogen substituted n-heterocycles)
[#7][CX3](=[SX1])[#7],thiourea
"N1C(=[OX1,SX1])NC(=[OX1,SX1])C(=C)C1(=[OX1,SX1])",barbiturates
[CX4H2!R][CH2][CH2][CX4H2!R][CH2],alkyl chains
C[C!R](=[OX1])[C!R](=[OX1])C,"non-cyclic 1,2-dicarbonyls compounds"
[!#1!#6]C~C[!#1!#6]C~C[!#1!#6]C~C[!#1!#6]C~C[!#1!#6]C~C[!#1!#6]C~C,crown ethers
"c1cccc2c1oc(=O)c([$(C=[OX1]),$(C=[SX1]),$(S=[OX1]),$(C#[NX1]),F,Cl,Br,I,$([CX4]([F,Cl,Br,I])([F,Cl,Br,I])([F,Cl,Br,I]));!$([CX3](=[OX1])[OH1])])[c!H0]2",coumarins (1)
"[cH1]1[cH1]c2c3[cH1][cH1]c(cc3oc(=O)c2[cH1]c1[OX2][$([CH2]),$([CH3])])[OX2][C!H0]",coumarins (2)
c1cccc2c1oc(=[OX1])[c!H0]c2,coumarins (3)
c1cccc2c1nc(=[OX1])[c!H0]c2,coumarins (4)
c1cccc2c1nc(=[NX2])[c!H0]c2,coumarins (5)
"c1([F,Cl,Br,I])cc([F,Cl,Br,I])cc2c1oc(=[NX2H1])c([CX3](=[OX1])[NH2])[c!H0]2",coumarins (6)
c1cccc2c1oc(=[NX2])cc2,coumarins (7)
C1(=[OX1])NC(=[OX1])[CX3H1]=[CX3]1,maleimides
[CX3!H0!R]=[CX3!R][CX3]=[OX1],"michael acceptors (α,β-unsaturated carbonyls)"
[CX3!H0!R]=[CX3!R][CX2]#[NX1],michael acceptors (acrylonitriles)
C[CX3H1]=[CX3H1!R][CX3](=[OX1])C,"michael acceptors (α,β-unsaturated ketones)"
C[CX3H1]=[CX3!R][CX2]#[NX1],michael acceptors (methyl acrylonitrile derivatives)
"CC(=[OX1])C(=[OX1])[#6,#7]",o-quinones (3)
CC(=[OX1])C(=S)C,o-quinones (5)
"[#6]1=,:[#6]-,:[#6]=,:[#6]2-,:[#6](=,:[#6]1)-,:[#6](=[OX1])-,:[#6]4-,:[#6]3=,:[#6]2-,:[#8]-,:[#7]=,:[#6]3-,:[#6]=,:[#6]-,:[#6]4",p-quinones (2)
"[#6]1-,:[#6]=,:[#6]-,:[#6]=,:[#6]2-,:[#6]1-,:[#6](=[OX1])-,:[#6]4=,:[#6]3-,:[#6]2=,:[#6](-,:[#6](=[OX1])-,:[#7]-,:[#6]3=,:[#6]-,:[#6]=,:[#6]4)O",p-quinones (3)
c1c([OH1])c([OH1])ccc1,hydroquinone
[N!R][N!R],n-n single bound not in a ring
CC([OX2]C)([OX2]C)C,ketal
[CX4H1](C)([OX2]C)([OX2]),acetal
"[$(C(=[OX1])[CX2]#[NX1]),$(S(=[OX1])[CX2]#[NX1])]",acyl and sulfinyl cyanide
"[#7]1([CX3]=[OX1])-,:[#6]=,:[#7]-,:[#7]=,:[#7]1",amidotetrazole
"[NX3H2][#7,#8]",hydrazine and other nucleophilic nh2-groups
[NX3]([OH1])[CX4],hydroxylamines
[NX2]=[OX1],nitroso
"c1([F,Cl,Br,I,$(C(C)=NO),$([CX2]#[NX1]),$([CX3]=[OX1]),$([CX4](F)(F)F),$([SX4](=[OX1])=[OX1]);!$([CX3](=[OX1])[OH1])])na([F,Cl,Br,I,$([SX4](=[OX1])(=[OX1])C)])a([!#7])a([!#7])a1",activated halo- and sulfonyl-aromatics
N1C(=[SX1])[SX2]C(=C)[CX3]1=[OX1],rhodanines
"[C!R]([Cl,Br,I])[Cl,Br,I]",acyclic gem-dihalosubstituted carbon atom
"[N!R]=[C,N]",imines
"[$([#7+R][OX1-!R]),$([#7v5R]=[OX1!R]);!$([#7](~[O])~[O]);!$([#7]=[#7])]",n-oxides
C[CX3H1]=[CX3!R](C(=[OX1])[!#1]~[!#1])[CX2]#[NX1],michael acceptors (carbonyl containing acrylonitrile derivatives)
"a1c([F,Cl,Br,I])c([F,Cl,Br,I])ac([F,Cl,Br,I])a1",over halogenated rings
"[CX3]1(=[!#1!#6])[CX3](=[!#1!#6])[#6X3]=,:[#6X3]-,:[#6X3]=,:[#6X3]1",o-quinones (1)
CC(=[!#1!#6;!R])C(=[!#1!#6;!R])C,o-quinones (2)
CC(=[!#1!#6;!R])S(=[OX1])(=[OX1]),o-quinones (4)
"[#6X3]1=,:[#6X3][CX3](=[!#1!#6])[#6X3]=,:[#6X3][#6X3]1(=[!#1!#6])",p-quinones (1)
"[$([$([*R2]([*R])([*R])([*R]))].[$([*R2]([*R])([*R])([*R]))].[$([*R2]([*R])([*R])([*R]))].[$([*R2]([*R])([*R])([*R]))].[$([*R2]([*R])([*R])([*R]))].[$([*R2]([*R])([*R])([*R]))]),$([$([*R3]([*R3])([*R2,R3])([*R2,R3]))].[$([*R3]([*R3])([*R2,R3])([*R2,R3]))]),$([$([*R2,R3]([*R3])([*R])([*R]))].[$([*R2,R3]([*R3])([*R])([*R]))].[$([*R3]([*R2,R3])([*R2,R3])([*R2,R3]))].[$([*R2,R3]([*R3])([*R2,R3])([*R]))].[$([*R2,R3]([*R2,R3])([*R2,R3])([*R]))].[$([*R2,R3]([*R2,R3])([*R])([*R]))]),$([$([*R2,R3]([*R3])([*R])([*R]))].[$([*R3]([*R2,R3])([*R2,R3])([*R2,R3]))].[$([*R2,R3]([*R3])([*R])([*R]))].[$([*R2,R3]([*R3])([*R2,R3])([*R]))].[$([*R2,R3]([*R2,R3])([*R2,R3])([*R]))].[$([*R2,R3]([*R2,R3])([*R])([*R]))])]",polycyclic 4 fused rings and more
C1C4CC9CC1CC(C4)C9,other undesirable policyclic (adamantane derivatives)
C1N4CN8CC1CN(C4)C8,"other undesirable policyclic (1,3,5-triazaadamantane derivatives)"
c1ccc2c3c1cccc3CCC2,"other undesirable policyclic (2,3-dihydro-1h-phenalene derivatives)"
c1ccc2c3c1cccc3CC2,other undesirable policyclic (acenaphthene derivatives)
[!#1](=O)O[!#1]=O,acid anhydrides and analogues
"[C,S](=[O,S])[F,Br,Cl,I]",acyl halides and analogues
N#CC=[C!H0],acrylonitriles
N#CC(=O),cyano carbonyl compounds
[#6][CH]=O,aldehydes
"[CX4,C!H0][Br,Cl,I]",alkyl halides
"[!$([C,S]=O)]N([!$([C,S]=O)])[CX4]N([!$([C,S]=O)])[!$([C,S]=O)]",methylendiamines (1)
"[!$([C,S]=O)][NH][CX4]N([!$([C,S]=O)])[!$([C,S]=O)]",methylendiamines (2)
"[!$([C,S]=O)][NH][CX4][NH][!$([C,S]=O)]",methylendiamines (3)
"[#7][#8][C,S]=O",n-acetoxy amines and their thio analogues
"[F,Br,Cl,I]-cn",α-halogen substituted n-heterocycles
"[F,Cl,Br,I][$(aa[Nv4,S!v2]),$(aaa[Nv4,S!v2]),$(aaaa[Nv4,S!v2])]",activated haloaromatics
[NX1]~[NX2]~[NX2],compounds containing three bonded nitrogen atoms
cC[NX4+],benzyl ammoniums
C(=O)[#6][NX4+],α-carbonyl ammoniums
"[#6+,#17+,#53+,#15+,#16+]",cations
[#16][#16],disulfides
[#6][CX3](!@N)=[CX3][#6],enamines
"C1[O,S,N]C1",three-membered heterocycles
"[!#1&!#6][F,Cl,Br,I]",halogen-bonded heteroatoms
"[C,N]=C=[C,O,N,S]",cumulated double bonds
C(=O)Onnn,acetoxy group attached to the aromatic nitrogen
[#7]!@-N,singel acyclic n-n bonds
[NX2+]#[CX1-],isocyanides
[C!H0]=C(C#N)C(=O),activated double bonds (1)
[!c][C!H0]=CC=O,activated double bonds (2)
"[C!H0]=C[S,N]=O",activated double bonds (3)
[NR0]-[SR0!v6],singel acyclic n-s bonds
"C(=O)O[$(aa[Nv4,S!v2]),$(aaa[Nv4,S!v2]),$(aaaa[Nv4,S!v2])]",acetoxy group attached to the substituted aromatic ring
"C1[O,S]CC1","oxetanes, thietanes"
"CC(=O)C([F,Cl,Br,I])([F,Cl,Br,I])[F,Cl,Br,I]",trihalomethyl ketones
[#6]P(=O)O[#6],phosphonates
"NP(=[N,O,S])",phosphorus containing compounds
O=C1C=CC(=O)C=C1,p-quinones
O=C1C(=O)C=CC=C1,o-quinones
"[#6!v4+0,#7!v3+0,#8!v2+0,#15!v3!v5+0,#16!v2!v4!v6+0]","c, n, o, p and s atoms in unusual valence states"
SC#N,thiocyanates
[!#1]OS(=O)O,sulfurous acid esters
[#6]S(=O)(=O)O[#6],sulfonic acid esters
"C(=S)[O,S,N]",heteroatom-bonded thiocarbonyls
[CR0](=O)S,thiocarboxylic acids and their derivatives
[#6][Sv2H],thiols
C(=S)[!#1!H0],thiocarbonyls
C(=O)N(C(=O))OC=O,"n-acetoxy-n,n-dicarbonyl compounds"
FC(F)(F)S(=O),trifluoromethyl sulfinyls
[#6!c][N!v3]=O,non-threevalent nitrogen double-bonded to oxygen
c12ccccc1cc3ccccc3c2,anthracenes
"[NR0,SR0]=[NR0]",double acyclic n=n and n=s bonds
c1(cc(N)cc2)c2cccc1,β-aminonaphtalenes
[#6]P[#6],dialkyl(aryl) phosphorus containing compounds
"[Cl,I]=O","iodosos, chlorosos"
"[C,S,P](=O)[OH].[C,S,P](=O)[OH].[C,S,P](=O)[OH].[C,S,P](=O)[OH]",acid grops
[OR1][CR1][CR1][OR1][CR1][CR1][OR1],crown ethers
PC#N,phosphocyanates
N#CC[OH],α-hydroxy nitriles
[CX3R0](=O)[CX3R0](=O),α-diketones
[NR0v3]-[OR0],singel acyclic n-o bonds
"[$([#6][CHR0]=[NR0]),$([#6][CR0]([#6])=[NR0])]",imines
C=C(C#N)(C#N),activated double bonds (4)
"[$([#7+][O-]),$([#7v5]=O);!$([#7](~[OD1])~[OD1])]",n-oxides
[!#1]ON=O,nitrites
[NX2]=O,nitroso compounds
[!#1;!#6;!#7;!#8;!#9;!#11;!#12;!#15;!#16;!#17;!#19;!#20;!#35;!#53],"any atoms except organogens, halogens, p, s, k, na, mg, ca"
"P=[S,#6]",double p=s and p=c bonds
c1c(F)c(F)c(F)c(F)c1(F),pentafluorobenzenes
c12ccccc1ccc3ccccc23,phenanthrenes
c1([NH2])ccc(!@[Nv3])cc1,p-aminoanilines
[P!v5],phosphorus derivatives
[CR0]=[CR0][CR0]=[CR0][CR0]=[CR0][CR0]=[CR0],conjugated olefins
[CX4]C(=O)O[#6][!#1],carboxylic acid esters
[CX4]C(=O)C,ketones
"[CX4][NX3]([CX4])c1cc([$([CX4]),$(O[CX4][CX4])])c([#7])[cH]c1","n,n-dialkyl aniline derivatives (1)"
[CX4][NX3]([CX4])c1c[cH]c([#7])[cH]c1,"n,n-dialkyl aniline derivatives (2)"
[CX4][NX3]([CX4])c1ccc(C=C)cc1,"n,n-dialkyl aniline derivatives (3)"
[CX4][NH]c1ccc(O[CX4])cc1,p-alkoxy-n-alkyl anilines
[CX4]N([CX4])c1ccc(O[CX4])cc1,"p-alkoxy-n,n-dialkyl anilines"
"[CX4]N([CX4])c1ccc([CX4][$([OH]),$(C=[C!H0]),$(N[CX4])])cc1","n,n-dialkyl aniline derivatives (4)"
"[CX4]N([C!H0])c1[cH][cH]c([$([C!H0!H1]),$([C!H0][C!H0])])[cH][cH]1","n,n-dialkyl aniline derivatives (5)"
"[CX4]N([C!H0])c1[cH]c([CX4])c([$([C!H0!H1]),$([C!H0][C!H0])])[cH][cH]1","n,n-dialkyl aniline derivatives (6)"
P(=O)OP(=O),phosphoric anhydrides
S(=O)OS=O,sulfonylanhydrides
"C1(=C)C(=O)[#7,#8,#15,#16]N=C1",five-membered heterocycles (1)
C1(=S)NC(=O)C(=[#6])S1,thioxo-thiazolidinones
"[#7,#8,#15,#16]~C1~[#7,#8,#15,#16]~C[#7,#8,#15,#16][CX3](=[#7,#8,#15,#16])[CX3]1(=[C!H0])",six-membered heterocycles
C1CC(=O)NC(=O)C1,glutarimides
[CD1][CD2][CD2][CD2][CD2][CX4],aliphatic chain
[OH]c1c(C=NN)cccc1,o-substituted phenols (1)
[OH]c1ccc(C=NN)cc1,p-substituted phenols
"[#6][#6](=[#7,#8,#15,#16])[#6](=[#7,#8,#15,#16])[#6,Sv6]","1,2-diimines, 1,2-diketones and their thio- and phospho-analogues"
O=C1[#7]c2ccccc2C1=N[#7],indolones
"[nH]1c([$([CH2]),$([C!H0]N),$([CD3]([CH2])[NH][CH2]),$([CD3]([CH2])[CD2][NH][CH2]),$([#6]=,:[#7,#8,#15,#16])])c([CX4!H0])c2[cH]cccc12",nh-indoles
"n1([CH2])c([$([CH2]),$([C!H0]N),$([CD3]([CH2])[NH][CH2]),$([CD3]([CH2])[CD2][NH][CH2]),$([#6]=,:[#7,#8,#15,#16])])c([CX4!H0])c2[cH]cccc12",n-alkyl substituted indoles
[OH]c1c([CX4][#7])cccc1,o-substituted phenols (2)
"NC(=[O,S])NC(=[O,S])NC=[O,S]",n-allophanoylamides and their thio analogues
C1COC(C1)C1CCCCO1,tetrahydrofuranyltetrahydropyrans
[C!H0]1NC(=O)C2CCCCC12,octahydroisoindolones
N1(c2[!#1]cccc2)C([CX4])=C[C!H0]=C1[CX4],n-phenylpyrrole derivatives
"[#7,#8,#15,#16]=[#6]1-,:[#6]=,:[#6]-,:[#6](=[#7,#8,#15,#16])-,:[#6]=,:[#6]1","quinones, quinone-(di)imines and their thio- and phospho-analogues"
"[#7]=C1S[CH]=C([$([CH2]),$(c:c)])N1",five-membered heterocycles (2)
"[#7]=C1SC([$([CH2]),$(C=O)])=C([$([CH2]),$(c:c)])N1",five-membered heterocycles (3)
c[CX4](c)c,tert-butyl carbon atom
"[CH2,CH3]C#C[CH2,CH3]",acethylenes
"[CX3](=[OX1])[CX4;!H0!H1,$([!H0][Cl,Br,I]),$(*([Cl,Br,I])([Cl,Br,I]))][Cl,Br,I]",α-halocarbonyls
"[#6,#1][CX3]([H])=[OX1]",aldehydes
"[F,Cl,Br,I][CX4][CX2]#[NX1]",α-halonitriles
"[c,n]1[c,n][c,n]c2[c,n]c3[c,n][c,n][c,n][c,n]c3[c,n]c2c1",anthracenes
"[#6]-[$([NX2]=[NX2+]=[NX1-]),$([NX2]=[NX2+]=N)]",azides
[#6]-[NX2-][NX2+]#[NX1;0],azide tautomers
"[#7,#8,#16]1-,:[#6]=,:[#6]-,:[#7+]2=,:[#6,#7]-,:[#6,#7]=,:[#6,#7]-,:[#6,#7]=,:[#6]21",benzthiozolium like compounds
c1([OH1])c([OH1])cccc1,catechols
"[NX2]=[CX2]=[OX1,SX1]",cyanates
"[CX3;!H0,$([CX3][#6])](=[OX1])[CX3;!H0,$([CX3][#6])](=[OX1])",di-carbonyls
C1OC1,epoxides
"[C!H0;!H1,$([C!H0][#6,#7,#8,#16])][CX4;!H0!H1,$([!H0][Cl,Br,I]),$(*([Cl,Br,I])([Cl,Br,I]))][Cl,Br,I]",haloalkyl
"[CX4;!H0!H1,$([!H0][Cl,Br,I]),$(*([Cl,Br,I])([Cl,Br,I]))]([Cl,Br,I])[#7,#8,#16]","haloalkyl group attached to s, n or o atoms"
"[CX3!H0]=[CX3;!H0,$([CX3][Cl,Br,I])][Cl,Br,I]",haloethylenes
"c1([F,Cl,Br,I])n[c,n][c,n][c,n][c,n]1",halopyridines
"[CH3][CH2][CH2][CH2][CH2][CH2][CH2,CH3]",heptanes
"[NX3!H0;!H1,$([NX3!H0][#6])][NX3!H0;!H1,$([NX3!H0][#6])]",hydrazines
"[NX3;!H0!H1,$([!H0][#6]),$(*([#6])[#6])][NX2]=[CX3!H0;!H1,$([CX3!H0][#6])]",imines
"[$([OX1-][#7+]1=,:[#6,#7]-,:[#6,#7]=,:[#6,#7]-,:[#6,#7,#8,#16]1),$([OX1]=[#7v5]1=,:[#6,#7]-,:[#6,#7]=,:[#6,#7]-,:[#6,#7,#8,#16]1)]",n-oxides (five-membered rings)
[#15&0],phosphorus
[#15+],phosphorus cations
"O[F,Cl,Br,I]",peroxide like compounds
[Pv5X4](=[OX1])([OX2])([OX2])[#6],phosphates
[#15]=O,double p=o bonds
"[#6][#7+]1=,:[#6]-,:[#6,#7]=,:[#6]-,:[#6,#7]=,:[#6]1",pyridinium like compounds
"[#6,#7]1=,:[#6,#7]-,:[#6,#7]=,:[#7+]2-,:[#6,#7]=,:[#6,#7]-,:[#6,#7]=,:[#6,#7]-,:[#6]2=,:[#6,#7]1",quinolizinium like compounds
"[#6]1(=[OX1])-,:[#6]=,:[#6]-,:[#6](=[OX1])-,:[#6]=,:[#6]1",quinones
"[Sv6X4](=[OX1])(=[OX1])([#8])[#6,#8]",sulfates
"[CX3;!H0,$([CX3][#6])]([H])=[SX1]",thio aldehydes
"[#16][F,Cl,Br,I]",thio halogens
"[#6&!$(C(=[OX1,SX1,NX2]))][SX2H1]",thioalcohols
"[NX3H2][CX3;!H0,$([CX3][#6,#8])]=[SX1]",thioamides
"[NX3;!H0!H1,$([!H0][#6,#7]),$(*([#6,#7])([#6]))][CX3](=[SX1])[NX3;!H0!H1,$([!H0][#6,#7]),$(*([#6,#7])([#6]))]",thioureas
"[#6][#7+]1=,:[#6]-,:[#7,#8,#16]-,:[#6]=,:[#6]1",thiozolium like compounds
"[Br,Cl,F,I][CX3;!H0,!$(*[OH1]),!$(*[SH1])]=[OX1]",acyl halides
"[#6][Sv6X4](=[OX1])(=[OX1])[F,Cl,Br,I]",sulphonyl halides
"[CX4][F,Cl,Br,I]",alkyl halides
"[$(c([F,Cl,Br,I])c[$([NX3](=[OX1])=[OX1]),$([NX3+](=[OX1])[O-])]),$(c([F,Cl,Br,I])aac[$([NX3](=[OX1])=[OX1]),$([NX3+](=[OX1])[O-])]),$(c([F,Cl,Br,I])n),$(c([F,Cl,Br,I])aan)]",activated halides
[CX3](=[OX1])[OX2][CX3](=[OX1]),anhydrides
"[$([CX3;!H0,$([CX3][#6])]([H])=[OX1]),$([#7;!H0!H1,$([!H0][#6]),$(*([#6])([#6]))][CX3H1]=[OX1])]",aldehydes (including aminoformyl moieties)
"[NX3;!H0!H1,$([!H0][#6]),$(*([#6])[#6])][NX3;!H0!H1,$([!H0][#6]),$(*([#6])[#6])]",hydrazines
"[$(*-[NX2-]-[NX2+]#[NX1]),$(*-[NX2]=[NX2+]=[NX1-]),$(*-[NX2]=[NX2+]=N)]",azides
"[$([CX3]=[NX2+]=N),$([CX3]=[NX2]=[NX1]),$([CX3]=[NX2+]=[NX1-]),$([#6-][NX2+]#[NX1]),$([CX3][NX2]#[NX1])]",diazonium salts
"[$([NX4,$([NX4+]);!H0!H1!H2!H3,$([!H0!H1!H2][#6]),$([!H0!H1]([#6])[#6]),$([!H0]([#6])([#6])[#6]),$(*([#6])([#6])([#6])[#6])]),$([OX1-,OH1][#7X4+]([*])([*])([*])),$([OX1]=[#7X4v5]([*])([*])([*])),$([OX1]=[Nv5X3&!$([Nv5X3](=[OX1])=[OX1])](=[*])([*])),$([OX1-,OH1][#7X3+R](~[R])(~[R])),$([OX1]=[#7v5X3R](~[R])(~[R]))]  ",quaternary salts (including n-oxides)
[NX2]=[OX1],nitrosos
[NX3]1[CX4][CX4]1,aziridines
[OX2]1[CX4][CX4]1,epoxides
[SX2][SX2],disulphides
"c1([OH1,O-])c([$([NX3](=[OX1])=[OX1]),$([NX3+](=[OX1])[O-])])cc([$([NX3](=[OX1])=[OX1]),$([NX3+](=[OX1])[O-])])cc1([$([NX3](=[OX1])=[OX1]),$([NX3+](=[OX1])[O-])])",picrates
"[$([Clv7X4](=[OX1])(=[OX1])(=[OX1])[OX2,O-]),$([Iv7X4](=[OX1])(=[OX1])(=[OX1])[OX2,O-])]",perchlorates (periodates)
"[$(c1([NX3;!H0!H1,$([!H0][#6]),$(*([#6])[#6])])ccccc1),$(c1([OH1])ccccc1)]",simple anilines and phenols
[CX3R](=[OX1])[CX3R](=[OX1]),"1,2-dicarbonyls"
[CX3]([!R])([!R])=[CX3][CX3](=[OX1])[!$([OH1])!$([OX2][CH2])!$([NH2])!$([CX2]#[NX1])!a],vinyl ketones (michael acceptors)
nC(=O)[#6],n-acyl substituted azoheterocycles
"[$([OX1-][#7+]1=,:[#6,#7]-,:[#6,#7]=,:[#6,#7]-,:[#6,#7]=,:[#6,#7]1),$([OX1]=[#7v5]1=,:[#6,#7]-,:[#6,#7]=,:[#6,#7]-,:[#6,#7]=,:[#6,#7]1)]",n-oxides (six-membered rings)
[!#1;!#6;!#7;!#8;!#9;!#11;!#12;!#15;!#16;!#17;!#19;!#20;!#35;!#53],metals
"[F,Cl,Br][CX3;!H0,!$(*[OH1]),!$(*[SH1])]=[OX1]",acid halides
"[CX3](=[OX1])[$([NX2]=[NX2+]=[NX1-]),$(N=[NX2+]=N),$([NX2-]-[NX2+]#[NX1])]",acid azides
"[#6][Sv6X4](=[OX1])(=[OX1])[Cl,Br]",sulphonyl halides
"[Sv6X4](=[OX1])(=[OX1])[$([NX2]=[NX2+]=[NX1-]),$([NX2]=[NX2+]=N)]",sulphonyl azides
[CX3](=[OX1])[OX2][CX3](=[OX1]),acid anhydrides
[CX3](=[OX1])[OX2][OX2][CX3](=[OX1]),diacyl peroxides
[cR1]1([OX2][CX3](=[OX1])[#6])[cR1][cR1][cR1][cR1][cR1]1,phenyl esters
[NX2]=[CX2]=[OX1],isocyanates
[NX3]1[CX4][CX4][CX3]1(=[OX1]),β-lactams
[CX3](=[SX1])[SX2],thioesters
"[CX4][Cl,Br,I]",haloalkanes
"[$([#6][OX2][Sv6X4](=[OX1])(=[OX1])[OX2][#6]),$([#6][Sv6X4](=[OX1])(=[OX1])[OX2][#6])]",dialkylsulfates/ sulfonates
"[CX3](=[OX1])[NX3]([CX4]([Cl,Br,I])([Cl,Br,I])[Cl,Br,I])[CX3](=[OX1])",n-trihalomethyl imides
"[$([F,Cl,Br]c1c([$([NX3](=[OX1])=[OX1]),$([NX3+](=[OX1])[O-])])c([$([NX3](=[OX1])=[OX1]),$([NX3+](=[OX1])[O-])])ccc1),$([F,Cl,Br]c1c([$([NX3](=[OX1])=[OX1]),$([NX3+](=[OX1])[O-])])cc([$([NX3](=[OX1])=[OX1]),$([NX3+](=[OX1])[O-])])cc1),$([F,Cl,Br]c1c([$([NX3](=[OX1])=[OX1]),$([NX3+](=[OX1])[O-])])ccc([$([NX3](=[OX1])=[OX1]),$([NX3+](=[OX1])[O-])])c1),$([F,Cl,Br]c1c([$([NX3](=[OX1])=[OX1]),$([NX3+](=[OX1])[O-])])cccc1([$([NX3](=[OX1])=[OX1]),$([NX3+](=[OX1])[O-])])),$([F,Cl,Br]c1cc([$([NX3](=[OX1])=[OX1]),$([NX3+](=[OX1])[O-])])c([$([NX3](=[OX1])=[OX1]),$([NX3+](=[OX1])[O-])])cc1),$([F,Cl,Br]c1cc([$([NX3](=[OX1])=[OX1]),$([NX3+](=[OX1])[O-])])cc([$([NX3](=[OX1])=[OX1]),$([NX3+](=[OX1])[O-])])c1),$([F,Cl,Br]c1c([$([NX3](=[OX1])=[OX1]),$([NX3+](=[OX1])[O-])])c([$([NX3](=[OX1])=[OX1]),$([NX3+](=[OX1])[O-])])c([$([NX3](=[OX1])=[OX1]),$([NX3+](=[OX1])[O-])])cc1),$([F,Cl,Br]c1c([$([NX3](=[OX1])=[OX1]),$([NX3+](=[OX1])[O-])])c([$([NX3](=[OX1])=[OX1]),$([NX3+](=[OX1])[O-])])cc([$([NX3](=[OX1])=[OX1]),$([NX3+](=[OX1])[O-])])c1),$([F,Cl,Br]c1c([$([NX3](=[OX1])=[OX1]),$([NX3+](=[OX1])[O-])])c([$([NX3](=[OX1])=[OX1]),$([NX3+](=[OX1])[O-])])ccc1([$([NX3](=[OX1])=[OX1]),$([NX3+](=[OX1])[O-])])),$([F,Cl,Br]c1cc([$([NX3](=[OX1])=[OX1]),$([NX3+](=[OX1])[O-])])c([$([NX3](=[OX1])=[OX1]),$([NX3+](=[OX1])[O-])])c([$([NX3](=[OX1])=[OX1]),$([NX3+](=[OX1])[O-])])c1),$([F,Cl,Br]c1cc([$([NX3](=[OX1])=[OX1]),$([NX3+](=[OX1])[O-])])c([$([NX3](=[OX1])=[OX1]),$([NX3+](=[OX1])[O-])])cc1([$([NX3](=[OX1])=[OX1]),$([NX3+](=[OX1])[O-])])),$([F,Cl,Br]c1c([$([NX3](=[OX1])=[OX1]),$([NX3+](=[OX1])[O-])])cc([$([NX3](=[OX1])=[OX1]),$([NX3+](=[OX1])[O-])])cc1([$([NX3](=[OX1])=[OX1]),$([NX3+](=[OX1])[O-])]))]",halogen containing di- or tri-nitro aromatics
"[$([#6X3]1=,:[#6X3]-,:[#6X3](=[OX1])-,:[#6X3]=,:[#6X3]-,:[#6X3]1(=[OX1])),$([#6X3]1(=[OX1])-,:[#6X3](=[OX1])-,:[#6X3]=,:[#6X3]-,:[#6X3]=,:[#6X3]1)]",quinones
"[OX2;!H0,$([OX2][CX4])][cR1]1[cR1][cR1][cR1]([OX2;!H0,$([OX2][CX4])])[cR1][cR1]1",hydroquinones and o-alkyl precursors
"[OX2;!H0,$([OX2][CX4])][cR1]1[cR1]([OX2;!H0,$([OX2][CX4])])[cR1][cR1][cR1][cR1]1",catechols and o-alkyl precursors
"[$([CX3]([#6,$([NX3]([CX3]=[OX1])([#6])[#6]),$([OX2]([CX3]=[OX1])[#6]);!$([OH][CX3]=[OX1]);!$([O-][CX3]=[OX1])])(=[OX1])[CX3;!H0,$([CX3][#6])]=[CX3]([!a])([!a])),$([CX3H1](=[OX1])[CX3;!H0,$([CX3][#6])]=[CX3])]","α, β-unsaturated aldehydes, amides, esters and ketones"
"[$([CX4]([OX2])([OX2])([#6,#7,#8])[CX3;!H0,$([CX3][#6])]=[CX3]([!a])([!a])),$([CX4H1]([OX2])([OX2])[CX3;!H0,$([CX3][#6])]=[CX3])]","precursors of α, β-unsaturated aldehydes, amides, esters and ketones (1)"
"[$([CX3]([#6,#7,#8;!$([OH])])(=[OX1])[CX4H2,$([CX4H1][#6])][CX4]([!a])([!a])([$([OX2][Sv6X4](=[OX1])(=[OX1])[OH]),$([OX2][Sv6X4](=[OX1])(=[OX1])[OX2][CH3]),$([OX2][Sv6X4](=[OX1])(=[OX1])[CH3]),$([OX2][Sv6X4](=[OX1])(=[OX1])[CF3]),$([OX2][Sv6X4](=[OX1])(=[OX1])c1ccc([CH3])cc1),I,Br,Cl])),$([CX3H1](=[OX1])[CX4H2,$([CX4H1][#6])][CX4]([$([OX2][Sv6X4](=[OX1])(=[OX1])[OH]),$([OX2][Sv6X4](=[OX1])(=[OX1])[OX2][CH3]),$([OX2][Sv6X4](=[OX1])(=[OX1])[CH3]),$([OX2][Sv6X4](=[OX1])(=[OX1])[CF3]),$([OX2][Sv6X4](=[OX1])(=[OX1])c1ccc([CH3])cc1),I,Br,Cl]))]","precursors of α, β-unsaturated aldehydes, amides, esters and ketones (2)"
"[CX4,a!r0][CX3](=[OX1])[CH2][CX3](=[OX1])[CX4,a!r0]","1,3-diketones"
"[CX3;!H0,$([CX3][CX4,a!r0])]([H])(=[OX1])",aldehydes
"[CX4,a!r0][CX3](=[OX1])[CX4,a!r0]",ketones
"[$([NX3][CH2][NX3]),$([NX3][CH2][OX2]),$([CX4]([F,Cl,Br,I])([$([NX3](=[OX1])=[OX1]),$([NX3+](=[OX1])[O-])])[CH2][OH1])]",formaldehyde donors
"[CX4]([OX2])([OX2])([CX4,a!r0])[CX4,a!r0]",precursors of aldehydes and ketones
"[CX3]=[CX3;!H0,$([CX3][#6])][OX2]",enol precursor of aldehydes and ketones
"[a!r0][$([NX3H2]),$([NX3H1][CX4,a!r0])]",aromatic primary and secondary amines
"[CX3](=[OX1])[NX3]([Cl,Br])[CX3](=[OX1])",n-haloimides
[Sv6X4](=[OX1])(=[OX1])[NX3H1]Cl,n-chloro-sulfonamides
"[CX4,a!r0][SX2][SX2][CX4,a!r0]",disullides
"c1ccccc1[OX2][CX3](=[OX1])[OX2][CX4,a!r0]",phenyl carbonates
[CX4]1[CX4][OX2]1,epoxides
"[CX4,a!r0][CX3](=[OX1])[CX3;!H0,$([CX3][CX4,a!r0])](=[OX1])",1.2-dicarbonyls
"[$([SX2]1[CX3]([CX4,a!r0])=[CX3]([CX4,a!r0])[CX3](=[OX1])[NX3]1([CX4,a!r0])),$([sX2]1[cX3]([CX4,a!r0])[cX3]([CX4,a!r0])[cX3](=[OX1])[nX3]1([CX4,a!r0]))]",thiazolones
"[CX4,a!r0][NX3H1][CX4][CX4][NX3H1][CX4,a!r0]","1, 2-diamines"
"[$([a!r0][NX2]=[NX2]c1c([$([NH2]),$([NX3H1][CX4]),$([NX3]([CX4])[CX4]),$([NX3H1][CX3](=[OX1])[CH3]),$([NX3H1][CX3](=[OX1])[CX4]),$([OH]),$([O-]),$([OX2][CX4]),$([CH3]),$([CH2][CH3]),$([CH]=[CH2])])cccc1),$([a!r0][NX2]=[NX2]c1ccc([$([NH2]),$([NX3H1][CX4]),$([NX3]([CX4])[CX4]),$([NX3H1][CX3](=[OX1])[CH3]),$([NX3H1][CX3](=[OX1])[CX4]),$([OH]),$([O-]),$([OX2][CX4]),$([CH3]),$([CH2][CH3]),$([CH]=[CH2])])cc1),$([a!r0][NX2]=[NX2]c1c([$([NH2]),$([NX3H1][CX4]),$([NX3]([CX4])[CX4]),$([NX3H1][CX3](=[OX1])[CH3]),$([NX3H1][CX3](=[OX1])[CX4]),$([OH]),$([O-]),$([OX2][CX4]),$([CH3]),$([CH2][CH3]),$([CH]=[CH2])])cc([$([NH2]),$([NX3H1][CX4]),$([NX3]([CX4])[CX4]),$([NX3H1][CX3](=[OX1])[CH3]),$([NX3H1][CX3](=[OX1])[CX4]),$([OH]),$([O-]),$([OX2][CX4]),$([CH3]),$([CH2][CH3]),$([CH]=[CH2])])cc1),$([a!r0][NX2]=[NX2]c1c([$([NH2]),$([NX3H1][CX4]),$([NX3]([CX4])[CX4]),$([NX3H1][CX3](=[OX1])[CH3]),$([NX3H1][CX3](=[OX1])[CX4]),$([OH]),$([O-]),$([OX2][CX4]),$([CH3]),$([CH2][CH3]),$([CH]=[CH2])])cc([$([NH2]),$([NX3H1][CX4]),$([NX3]([CX4])[CX4]),$([NX3H1][CX3](=[OX1])[CH3]),$([NX3H1][CX3](=[OX1])[CX4]),$([OH]),$([O-]),$([OX2][CX4]),$([CH3]),$([CH2][CH3]),$([CH]=[CH2])])cc1[$([NH2]),$([NX3H1][CX4]),$([NX3]([CX4])[CX4]),$([NX3H1][CX3](=[OX1])[CH3]),$([NX3H1][CX3](=[OX1])[CX4]),$([OH]),$([O-]),$([OX2][CX4]),$([CH3]),$([CH2][CH3]),$([CH]=[CH2])])]",amine precursor - aromatic azo compound
"[NX4+]([CX4,a!r0])([CX4,a!r0])([CX4,a!r0])[CX4,a!r0]",quaternary ammonium cation
"[$(n1c([F,Cl])ncnc1),$(n1c([F,Cl])ccnc1),$(n1c([F,Cl])nccc1)]",activated n-heterocycle halides
"[$([cR1]1[cR1][cR1][cR1][cR2]2[nR1][cR1]([F,Cl])[cR1]([$([$([NX3](=[OX1])=[OX1]),$([NX3+](=[OX1])[O-])]),$([CX3](=[OX1])[OX2;!H0,$([OX2][#6])]),$([Sv6X4](=[OX1])(=[OX1])[OH]),$([CX3;!H0,$([CX3][F,Cl,Br,I])]=[OX1]),$([CX2]#[NX1]),$([CX4]([F,Cl])([F,Cl])[F,Cl]),$([CH2][OH]),$([CH2][$([NX3](=[OX1])=[OX1]),$([NX3+](=[OX1])[O-])]),$([CH2][F,Cl])])[cR1][cR2]12),$([cR1]1[cR1][cR1][cR1][cR2]2[nR1][cR1][cR1]([$([$([NX3](=[OX1])=[OX1]),$([NX3+](=[OX1])[O-])]),$([CX3](=[OX1])[OX2;!H0,$([OX2][#6])]),$([Sv6X4](=[OX1])(=[OX1])[OH]),$([CX3;!H0,$([CX3][F,Cl,Br,I])]=[OX1]),$([CX2]#[NX1]),$([CX4]([F,Cl])([F,Cl])[F,Cl]),$([CH2][OH]),$([CH2][$([NX3](=[OX1])=[OX1]),$([NX3+](=[OX1])[O-])]),$([CH2][F,Cl])])[cR1]([F,Cl])[cR2]12),$([cR1]1[cR1][cR1][cR1][cR2]2[cR1]([F,Cl])[nR1][cR1][cR1]([$([$([NX3](=[OX1])=[OX1]),$([NX3+](=[OX1])[O-])]),$([CX3](=[OX1])[OX2;!H0,$([OX2][#6])]),$([Sv6X4](=[OX1])(=[OX1])[OH]),$([CX3;!H0,$([CX3][F,Cl,Br,I])]=[OX1]),$([CX2]#[NX1]),$([CX4]([F,Cl])([F,Cl])[F,Cl]),$([CH2][OH]),$([CH2][$([NX3](=[OX1])=[OX1]),$([NX3+](=[OX1])[O-])]),$([CH2][F,Cl])])[cR2]12),$([cR1]1[cR1][cR1][cR1][cR2]2[cR1][nR1][cR1]([F,Cl])[cR1]([$([$([NX3](=[OX1])=[OX1]),$([NX3+](=[OX1])[O-])]),$([CX3](=[OX1])[OX2;!H0,$([OX2][#6])]),$([Sv6X4](=[OX1])(=[OX1])[OH]),$([CX3;!H0,$([CX3][F,Cl,Br,I])]=[OX1]),$([CX2]#[NX1]),$([CX4]([F,Cl])([F,Cl])[F,Cl]),$([CH2][OH]),$([CH2][$([NX3](=[OX1])=[OX1]),$([NX3+](=[OX1])[O-])]),$([CH2][F,Cl])])[cR2]12),$([nR1]1[cR1]([F,Cl])[cR1]([$([$([NX3](=[OX1])=[OX1]),$([NX3+](=[OX1])[O-])]),$([CX3](=[OX1])[OX2;!H0,$([OX2][#6])]),$([Sv6X4](=[OX1])(=[OX1])[OH]),$([CX3;!H0,$([CX3][F,Cl,Br,I])]=[OX1]),$([CX2]#[NX1]),$([CX4]([F,Cl])([F,Cl])[F,Cl]),$([CH2][OH]),$([CH2][$([NX3](=[OX1])=[OX1]),$([NX3+](=[OX1])[O-])]),$([CH2][F,Cl])])[cR1][cR1][cR1]1),$([nR1]1[cR1][cR1]([$([$([NX3](=[OX1])=[OX1]),$([NX3+](=[OX1])[O-])]),$([CX3](=[OX1])[OX2;!H0,$([OX2][#6])]),$([Sv6X4](=[OX1])(=[OX1])[OH]),$([CX3;!H0,$([CX3][F,Cl,Br,I])]=[OX1]),$([CX2]#[NX1]),$([CX4]([F,Cl])([F,Cl])[F,Cl]),$([CH2][OH]),$([CH2][$([NX3](=[OX1])=[OX1]),$([NX3+](=[OX1])[O-])]),$([CH2][F,Cl])])[cR1]([F,Cl])[cR1][cR1]1),$([nR1]1[cR1]([F,Cl])[cR1][cR1][cR1]([$([$([NX3](=[OX1])=[OX1]),$([NX3+](=[OX1])[O-])]),$([CX3](=[OX1])[OX2;!H0,$([OX2][#6])]),$([Sv6X4](=[OX1])(=[OX1])[OH]),$([CX3;!H0,$([CX3][F,Cl,Br,I])]=[OX1]),$([CX2]#[NX1]),$([CX4]([F,Cl])([F,Cl])[F,Cl]),$([CH2][OH]),$([CH2][$([NX3](=[OX1])=[OX1]),$([NX3+](=[OX1])[O-])]),$([CH2][F,Cl])])[cR1]1),$([nR1]1[cR1][cR1][cR1]([F,Cl])[cR1]([$([$([NX3](=[OX1])=[OX1]),$([NX3+](=[OX1])[O-])]),$([CX3](=[OX1])[OX2;!H0,$([OX2][#6])]),$([Sv6X4](=[OX1])(=[OX1])[OH]),$([CX3;!H0,$([CX3][F,Cl,Br,I])]=[OX1]),$([CX2]#[NX1]),$([CX4]([F,Cl])([F,Cl])[F,Cl]),$([CH2][OH]),$([CH2][$([NX3](=[OX1])=[OX1]),$([NX3+](=[OX1])[O-])]),$([CH2][F,Cl])])[cR1]1)]","activated halo-pyridines, quinolines, and isoquinolines"
"[$([NX3H2][NX3;!H0!H1,$([!H0][#6;!$([CX3;!H0,$([CX3][#6])])]),$(*([#6;!$([CX3;!H0,$([CX3][#6])])])([#6;!$([CX3;!H0,$([CX3][#6])])]))]),$([NX4+;H3,$([NX4+;H2][#6;!$([CX3;!H0,$([CX3][#6])])])][NX3;!H0!H1,$([!H0][#6;!$([CX3;!H0,$([CX3][#6])])]),$(*([#6;!$([CX3;!H0,$([CX3][#6])])])([#6;!$([CX3;!H0,$([CX3][#6])])]))]),$([NX4H3+][NX4+;H3,$([NX4+;H2][#6;!$([CX3;!H0,$([CX3][#6])])])]),$([NX3!R;!H0!H1,$([!H0][#6!R;!$([CX3;!H0,$([CX3][#6])])]),$(*([#6!R;!$([CX3;!H0,$([CX3][#6])])])([#6!R;!$([CX3;!H0,$([CX3][#6])])]))][NX2!R]=[CX3!R]([*!R])([*!R])),$([NX3!R;!H0!H1,$([!H0][#6!R;!$([CX3;!H0,$([CX3][#6])])]),$(*([#6!R;!$([CX3;!H0,$([CX3][#6])])])([#6!R;!$([CX3;!H0,$([CX3][#6])])]))][NX3+!R]=[CX3!R]([*!R])([*!R]))]","hydrazines, hydrazonium salts and precursors"
"[F,Cl,Br][CX3;!H0,$([CX3][*&!$([OH1])&!$([SH1])])]=[OX1]",acid halides
"[CX3H2,$([CX3H1][#6])]=[OX1]",aldehydes
"[$([F,Cl][cR1]1[cR1]([$([NX3](=[OX1])=[OX1]),$([NX3+](=[OX1])[O-])])[cR1][cR1]([F,Cl,$([NX3](=[OX1])=[OX1]),$([NX3+](=[OX1])[O-]),$([CX2]#[NX1]),$([CX3](=[OX1])([$([CH3]),$([CH2][CH3]),$([CH2][CH2][CH3]),$([CH]([CH3])[CH3]),$([CH2][CH2][CH2][CH3]),$([CH]([CH3])[CH2][CH3]),$([CH2][CH]([CH3])[CH3]),$([CH0]([CH3])([CH3])[CH3]),$([CH2][CH2][CH2][CH2][CH3]),$([CH]([CH3])[CH2][CH2][CH3]),$([CH2][CH]([CH3])[CH2][CH3]),$([CH2][CH2][CH]([CH3])[CH3]),$([CH]([CH2][CH3])[CH2][CH3]),$([CH]([CH3])[CH]([CH3])[CH3]),$([CH0]([CH3])([CH3])[CH2][CH3]),$([CH2][CH0]([CH3])([CH3])[CH3]),$([CH2][CH2][CH2][CH2][CH2]),$([CX4]1[CX4][CX4][CX4]1),$([CX4]1[CX4][CX4][CX4][CX4]1),$([CX4]1[CX4][CX4][CX4][CX4][CX4]1),$([CH2]c1ccccc1)])),$([CX3](=[OX1])[OX2][$([CH3]),$([CH2][CH3]),$([CH2][CH2][CH3]),$([CH]([CH3])[CH3]),$([CH2][CH2][CH2][CH3]),$([CH]([CH3])[CH2][CH3]),$([CH2][CH]([CH3])[CH3]),$([CH0]([CH3])([CH3])[CH3]),$([CH2][CH2][CH2][CH2][CH3]),$([CH]([CH3])[CH2][CH2][CH3]),$([CH2][CH]([CH3])[CH2][CH3]),$([CH2][CH2][CH]([CH3])[CH3]),$([CH]([CH2][CH3])[CH2][CH3]),$([CH]([CH3])[CH]([CH3])[CH3]),$([CH0]([CH3])([CH3])[CH2][CH3]),$([CH2][CH0]([CH3])([CH3])[CH3]),$([CH2][CH2][CH2][CH2][CH2]),$([CX4]1[CX4][CX4][CX4]1),$([CX4]1[CX4][CX4][CX4][CX4]1),$([CX4]1[CX4][CX4][CX4][CX4][CX4]1),$([CH2]c1ccccc1)])])[cR1][cR1]1),$([F,Cl][cR1]1[cR1]([F,Cl,$([NX3](=[OX1])=[OX1]),$([NX3+](=[OX1])[O-]),$([CX2]#[NX1]),$([CX3](=[OX1])([$([CH3]),$([CH2][CH3]),$([CH2][CH2][CH3]),$([CH]([CH3])[CH3]),$([CH2][CH2][CH2][CH3]),$([CH]([CH3])[CH2][CH3]),$([CH2][CH]([CH3])[CH3]),$([CH0]([CH3])([CH3])[CH3]),$([CH2][CH2][CH2][CH2][CH3]),$([CH]([CH3])[CH2][CH2][CH3]),$([CH2][CH]([CH3])[CH2][CH3]),$([CH2][CH2][CH]([CH3])[CH3]),$([CH]([CH2][CH3])[CH2][CH3]),$([CH]([CH3])[CH]([CH3])[CH3]),$([CH0]([CH3])([CH3])[CH2][CH3]),$([CH2][CH0]([CH3])([CH3])[CH3]),$([CH2][CH2][CH2][CH2][CH2]),$([CX4]1[CX4][CX4][CX4]1),$([CX4]1[CX4][CX4][CX4][CX4]1),$([CX4]1[CX4][CX4][CX4][CX4][CX4]1),$([CH2]c1ccccc1)])),$([CX3](=[OX1])[OX2][$([CH3]),$([CH2][CH3]),$([CH2][CH2][CH3]),$([CH]([CH3])[CH3]),$([CH2][CH2][CH2][CH3]),$([CH]([CH3])[CH2][CH3]),$([CH2][CH]([CH3])[CH3]),$([CH0]([CH3])([CH3])[CH3]),$([CH2][CH2][CH2][CH2][CH3]),$([CH]([CH3])[CH2][CH2][CH3]),$([CH2][CH]([CH3])[CH2][CH3]),$([CH2][CH2][CH]([CH3])[CH3]),$([CH]([CH2][CH3])[CH2][CH3]),$([CH]([CH3])[CH]([CH3])[CH3]),$([CH0]([CH3])([CH3])[CH2][CH3]),$([CH2][CH0]([CH3])([CH3])[CH3]),$([CH2][CH2][CH2][CH2][CH2]),$([CX4]1[CX4][CX4][CX4]1),$([CX4]1[CX4][CX4][CX4][CX4]1),$([CX4]1[CX4][CX4][CX4][CX4][CX4]1),$([CH2]c1ccccc1)])])[cR1][cR1]([$([NX3](=[OX1])=[OX1]),$([NX3+](=[OX1])[O-])])[cR1][cR1]1)]",halonitrobenzenes
"[a!r0][Sv4X3](=[OX1])[$([OH]),$([O-])]",aromatic sulphuric acids and salts
"[$([CX3](=[OX1])[OX2][CX3](=[OX1])),$([CX3](=[OX1])[OX2][OX2][CX3](=[OX1]))]",acid anhydrides
"[NX2]=[CX2]=[OX1,SX1]",iso(thio)cyanates
"[$([#7X3;!H0,$([#7X3][#6])]1-,:[#16X2]-,:[#6X3!H0,$([#6X3][a!r0,$([CH3]),$([CH2][CH3]),$([CH2][CH2][CH3]),$([CH]([CH3])[CH3]),$([CH2][CH2][CH2][CH3]),$([CH]([CH3])[CH2][CH3]),$([CH2][CH]([CH3])[CH3]),$([CH0]([CH3])([CH3])[CH3]),$([CH2][CH2][CH2][CH2][CH3]),$([CH]([CH3])[CH2][CH2][CH3]),$([CH2][CH]([CH3])[CH2][CH3]),$([CH2][CH2][CH]([CH3])[CH3]),$([CH]([CH2][CH3])[CH2][CH3]),$([CH]([CH3])[CH]([CH3])[CH3]),$([CH0]([CH3])([CH3])[CH2][CH3]),$([CH2][CH0]([CH3])([CH3])[CH3]),$([CH2][CH2][CH2][CH2][CH2]),$([CX4]1[CX4][CX4][CX4]1),$([CX4]1[CX4][CX4][CX4][CX4]1),$([CX4]1[CX4][CX4][CX4][CX4][CX4]1),$([CH2]c1ccccc1)])]=,:[#6X3!H0,$([#6X3][a!r0,$([CH3]),$([CH2][CH3]),$([CH2][CH2][CH3]),$([CH]([CH3])[CH3]),$([CH2][CH2][CH2][CH3]),$([CH]([CH3])[CH2][CH3]),$([CH2][CH]([CH3])[CH3]),$([CH0]([CH3])([CH3])[CH3]),$([CH2][CH2][CH2][CH2][CH3]),$([CH]([CH3])[CH2][CH2][CH3]),$([CH2][CH]([CH3])[CH2][CH3]),$([CH2][CH2][CH]([CH3])[CH3]),$([CH]([CH2][CH3])[CH2][CH3]),$([CH]([CH3])[CH]([CH3])[CH3]),$([CH0]([CH3])([CH3])[CH2][CH3]),$([CH2][CH0]([CH3])([CH3])[CH3]),$([CH2][CH2][CH2][CH2][CH2]),$([CX4]1[CX4][CX4][CX4]1),$([CX4]1[CX4][CX4][CX4][CX4]1),$([CX4]1[CX4][CX4][CX4][CX4][CX4]1),$([CH2]c1ccccc1)])]-,:[#6X3]1(=[OX1])),$([#6R1]1-,:[#6R1]=,:[#6R1]-,:[#6R1]=,:[#6R2]2-,:[#16X2]-,:[#7X3;!H0,$([#7X3][#6])]-,:[#6X3](=[OX1])-,:[#6X3]12)]",(benzo)isothiazolinones
[NX3]1([#6])[CX4]([#6])[CX4]([#6])[CX3]1(=[OX1]),β-lactams
"[OX2]1[CX4;!H0,$([CX4][c,$([CH3]),$([CH2][CH3]),$([CH2][CH2][CH3]),$([CH]([CH3])[CH3]),$([CH2][CH2][CH2][CH3]),$([CH]([CH3])[CH2][CH3]),$([CH2][CH]([CH3])[CH3]),$([CH0]([CH3])([CH3])[CH3]),$([CH2][CH2][CH2][CH2][CH3]),$([CH]([CH3])[CH2][CH2][CH3]),$([CH2][CH]([CH3])[CH2][CH3]),$([CH2][CH2][CH]([CH3])[CH3]),$([CH]([CH2][CH3])[CH2][CH3]),$([CH]([CH3])[CH]([CH3])[CH3]),$([CH0]([CH3])([CH3])[CH2][CH3]),$([CH2][CH0]([CH3])([CH3])[CH3]),$([CH2][CH2][CH2][CH2][CH2]),$([CX4]1[CX4][CX4][CX4]1),$([CX4]1[CX4][CX4][CX4][CX4]1),$([CX4]1[CX4][CX4][CX4][CX4][CX4]1),$([CH2]c1ccccc1)])][CX4;!H0,$([CX4][c,$([CH3]),$([CH2][CH3]),$([CH2][CH2][CH3]),$([CH]([CH3])[CH3]),$([CH2][CH2][CH2][CH3]),$([CH]([CH3])[CH2][CH3]),$([CH2][CH]([CH3])[CH3]),$([CH0]([CH3])([CH3])[CH3]),$([CH2][CH2][CH2][CH2][CH3]),$([CH]([CH3])[CH2][CH2][CH3]),$([CH2][CH]([CH3])[CH2][CH3]),$([CH2][CH2][CH]([CH3])[CH3]),$([CH]([CH2][CH3])[CH2][CH3]),$([CH]([CH3])[CH]([CH3])[CH3]),$([CH0]([CH3])([CH3])[CH2][CH3]),$([CH2][CH0]([CH3])([CH3])[CH3]),$([CH2][CH2][CH2][CH2][CH2]),$([CX4]1[CX4][CX4][CX4]1),$([CX4]1[CX4][CX4][CX4][CX4]1),$([CX4]1[CX4][CX4][CX4][CX4][CX4]1),$([CH2]c1ccccc1)])]1([CX4])",epoxides
"[NX3;!H0,$([NX3][#6])]1[CX3](=[OX1])[CX3]([!R])=[CX3]([!R])[CX3]1(=[OX1])",acid imides
"[$([CX4!H0]([Cl,Br])[CX3](=[OX1])[$([CH3]),$([CH2][CH3]),$([CH2][CH2][CH3]),$([CH]([CH3])[CH3]),$([CH2][CH2][CH2][CH3]),$([CH]([CH3])[CH2][CH3]),$([CH2][CH]([CH3])[CH3]),$([CH0]([CH3])([CH3])[CH3]),$([CH2][CH2][CH2][CH2][CH3]),$([CH]([CH3])[CH2][CH2][CH3]),$([CH2][CH]([CH3])[CH2][CH3]),$([CH2][CH2][CH]([CH3])[CH3]),$([CH]([CH2][CH3])[CH2][CH3]),$([CH]([CH3])[CH]([CH3])[CH3]),$([CH0]([CH3])([CH3])[CH2][CH3]),$([CH2][CH0]([CH3])([CH3])[CH3]),$([CH2][CH2][CH2][CH2][CH2]),$([CX4]1[CX4][CX4][CX4]1),$([CX4]1[CX4][CX4][CX4][CX4]1),$([CX4]1[CX4][CX4][CX4][CX4][CX4]1),$([CH2]c1ccccc1),c]),$([CX4!H0]([Cl,Br])[CX3](=[OX1])[OX2][$([CH3]),$([CH2][CH3]),$([CH2][CH2][CH3]),$([CH]([CH3])[CH3]),$([CH2][CH2][CH2][CH3]),$([CH]([CH3])[CH2][CH3]),$([CH2][CH]([CH3])[CH3]),$([CH0]([CH3])([CH3])[CH3]),$([CH2][CH2][CH2][CH2][CH3]),$([CH]([CH3])[CH2][CH2][CH3]),$([CH2][CH]([CH3])[CH2][CH3]),$([CH2][CH2][CH]([CH3])[CH3]),$([CH]([CH2][CH3])[CH2][CH3]),$([CH]([CH3])[CH]([CH3])[CH3]),$([CH0]([CH3])([CH3])[CH2][CH3]),$([CH2][CH0]([CH3])([CH3])[CH3]),$([CH2][CH2][CH2][CH2][CH2]),$([CX4]1[CX4][CX4][CX4]1),$([CX4]1[CX4][CX4][CX4][CX4]1),$([CX4]1[CX4][CX4][CX4][CX4][CX4]1),$([CH2]c1ccccc1),c]),$([CX4!H0]([Cl,Br])[CX3](=[OX1])[NX3]([#6])([#6])),$([CX4!H0]([Cl,Br])[CX3](=[OX1])[OX1-])]",α-carbonyl halogen compounds (α-halocarbonyls)
"[Cl,Br][CH2][$([CH3]),$([CH2][CH3]),$([CH2][CH2][CH3]),$([CH]([CH3])[CH3]),$([CH2][CH2][CH2][CH3]),$([CH]([CH3])[CH2][CH3]),$([CH2][CH]([CH3])[CH3]),$([CH0]([CH3])([CH3])[CH3]),$([CH2][CH2][CH2][CH2][CH3]),$([CH]([CH3])[CH2][CH2][CH3]),$([CH2][CH]([CH3])[CH2][CH3]),$([CH2][CH2][CH]([CH3])[CH3]),$([CH]([CH2][CH3])[CH2][CH3]),$([CH]([CH3])[CH]([CH3])[CH3]),$([CH0]([CH3])([CH3])[CH2][CH3]),$([CH2][CH0]([CH3])([CH3])[CH3]),$([CH2][CH2][CH2][CH2][CH2]),$([CX4]1[CX4][CX4][CX4]1),$([CX4]1[CX4][CX4][CX4][CX4]1),$([CX4]1[CX4][CX4][CX4][CX4][CX4]1),$([CH2]c1ccccc1),c]",α-haloalkanes
"[$(n1c([F,Cl,$([CX2]#[NX1])])nccc1),$(n1cnccc1([F,Cl,$([CX2]#[NX1])])),$(n1cncnc1([F,Cl,$([CX2]#[NX1])]))]",activated n-heterocycles
"[$([CX3]1(=[OX1])[CX3H1]=[CX3;!H0,$([CX3][#6,OH1,$([OX2][$([CH3]),$([CH2][CH3]),$([CH2][CH2][CH3]),$([CH]([CH3])[CH3]),$([CH2][CH2][CH2][CH3]),$([CH]([CH3])[CH2][CH3]),$([CH2][CH]([CH3])[CH3]),$([CH0]([CH3])([CH3])[CH3]),$([CH2][CH2][CH2][CH2][CH3]),$([CH]([CH3])[CH2][CH2][CH3]),$([CH2][CH]([CH3])[CH2][CH3]),$([CH2][CH2][CH]([CH3])[CH3]),$([CH]([CH2][CH3])[CH2][CH3]),$([CH]([CH3])[CH]([CH3])[CH3]),$([CH0]([CH3])([CH3])[CH2][CH3]),$([CH2][CH0]([CH3])([CH3])[CH3]),$([CH2][CH2][CH2][CH2][CH2]),$([CX4]1[CX4][CX4][CX4]1),$([CX4]1[CX4][CX4][CX4][CX4]1),$([CX4]1[CX4][CX4][CX4][CX4][CX4]1),$([CH2]c1ccccc1)]);!$([CX2]#[NX1])])][CX3](=[OX1])[CX3;!H0,$([CX3][#6,OH1,$([OX2][$([CH3]),$([CH2][CH3]),$([CH2][CH2][CH3]),$([CH]([CH3])[CH3]),$([CH2][CH2][CH2][CH3]),$([CH]([CH3])[CH2][CH3]),$([CH2][CH]([CH3])[CH3]),$([CH0]([CH3])([CH3])[CH3]),$([CH2][CH2][CH2][CH2][CH3]),$([CH]([CH3])[CH2][CH2][CH3]),$([CH2][CH]([CH3])[CH2][CH3]),$([CH2][CH2][CH]([CH3])[CH3]),$([CH]([CH2][CH3])[CH2][CH3]),$([CH]([CH3])[CH]([CH3])[CH3]),$([CH0]([CH3])([CH3])[CH2][CH3]),$([CH2][CH0]([CH3])([CH3])[CH3]),$([CH2][CH2][CH2][CH2][CH2]),$([CX4]1[CX4][CX4][CX4]1),$([CX4]1[CX4][CX4][CX4][CX4]1),$([CX4]1[CX4][CX4][CX4][CX4][CX4]1),$([CH2]c1ccccc1)]);!$([CX2]#[NX1])])]=[CX3;!H0,$([CX3][#6,OH1,$([OX2][$([CH3]),$([CH2][CH3]),$([CH2][CH2][CH3]),$([CH]([CH3])[CH3]),$([CH2][CH2][CH2][CH3]),$([CH]([CH3])[CH2][CH3]),$([CH2][CH]([CH3])[CH3]),$([CH0]([CH3])([CH3])[CH3]),$([CH2][CH2][CH2][CH2][CH3]),$([CH]([CH3])[CH2][CH2][CH3]),$([CH2][CH]([CH3])[CH2][CH3]),$([CH2][CH2][CH]([CH3])[CH3]),$([CH]([CH2][CH3])[CH2][CH3]),$([CH]([CH3])[CH]([CH3])[CH3]),$([CH0]([CH3])([CH3])[CH2][CH3]),$([CH2][CH0]([CH3])([CH3])[CH3]),$([CH2][CH2][CH2][CH2][CH2]),$([CX4]1[CX4][CX4][CX4]1),$([CX4]1[CX4][CX4][CX4][CX4]1),$([CX4]1[CX4][CX4][CX4][CX4][CX4]1),$([CH2]c1ccccc1)]);!$([CX2]#[NX1])])]1),$([CX3]1(=[OX1])[CX3](=[OX1])[CX3;!H0,$([CX3][#6,OH1,$([OX2][$([CH3]),$([CH2][CH3]),$([CH2][CH2][CH3]),$([CH]([CH3])[CH3]),$([CH2][CH2][CH2][CH3]),$([CH]([CH3])[CH2][CH3]),$([CH2][CH]([CH3])[CH3]),$([CH0]([CH3])([CH3])[CH3]),$([CH2][CH2][CH2][CH2][CH3]),$([CH]([CH3])[CH2][CH2][CH3]),$([CH2][CH]([CH3])[CH2][CH3]),$([CH2][CH2][CH]([CH3])[CH3]),$([CH]([CH2][CH3])[CH2][CH3]),$([CH]([CH3])[CH]([CH3])[CH3]),$([CH0]([CH3])([CH3])[CH2][CH3]),$([CH2][CH0]([CH3])([CH3])[CH3]),$([CH2][CH2][CH2][CH2][CH2]),$([CX4]1[CX4][CX4][CX4]1),$([CX4]1[CX4][CX4][CX4][CX4]1),$([CX4]1[CX4][CX4][CX4][CX4][CX4]1),$([CH2]c1ccccc1)]);!$([CX2]#[NX1])])]=[CX3H1][CX3;!H0,$([CX3][#6,OH1,$([OX2][$([CH3]),$([CH2][CH3]),$([CH2][CH2][CH3]),$([CH]([CH3])[CH3]),$([CH2][CH2][CH2][CH3]),$([CH]([CH3])[CH2][CH3]),$([CH2][CH]([CH3])[CH3]),$([CH0]([CH3])([CH3])[CH3]),$([CH2][CH2][CH2][CH2][CH3]),$([CH]([CH3])[CH2][CH2][CH3]),$([CH2][CH]([CH3])[CH2][CH3]),$([CH2][CH2][CH]([CH3])[CH3]),$([CH]([CH2][CH3])[CH2][CH3]),$([CH]([CH3])[CH]([CH3])[CH3]),$([CH0]([CH3])([CH3])[CH2][CH3]),$([CH2][CH0]([CH3])([CH3])[CH3]),$([CH2][CH2][CH2][CH2][CH2]),$([CX4]1[CX4][CX4][CX4]1),$([CX4]1[CX4][CX4][CX4][CX4]1),$([CX4]1[CX4][CX4][CX4][CX4][CX4]1),$([CH2]c1ccccc1)]);!$([CX2]#[NX1])])]=[CX3;!H0,$([CX3][#6,OH1,$([OX2][$([CH3]),$([CH2][CH3]),$([CH2][CH2][CH3]),$([CH]([CH3])[CH3]),$([CH2][CH2][CH2][CH3]),$([CH]([CH3])[CH2][CH3]),$([CH2][CH]([CH3])[CH3]),$([CH0]([CH3])([CH3])[CH3]),$([CH2][CH2][CH2][CH2][CH3]),$([CH]([CH3])[CH2][CH2][CH3]),$([CH2][CH]([CH3])[CH2][CH3]),$([CH2][CH2][CH]([CH3])[CH3]),$([CH]([CH2][CH3])[CH2][CH3]),$([CH]([CH3])[CH]([CH3])[CH3]),$([CH0]([CH3])([CH3])[CH2][CH3]),$([CH2][CH0]([CH3])([CH3])[CH3]),$([CH2][CH2][CH2][CH2][CH2]),$([CX4]1[CX4][CX4][CX4]1),$([CX4]1[CX4][CX4][CX4][CX4]1),$([CX4]1[CX4][CX4][CX4][CX4][CX4]1),$([CH2]c1ccccc1)]);!$([CX2]#[NX1])])]1)]",ortho-quinones and para-quinones
"[$(c1([OH])c([OH])[c;!H0,$(c[#6,OH,$([OX2][$([CH3]),$([CH2][CH3]),$([CH2][CH2][CH3]),$([CH]([CH3])[CH3]),$([CH2][CH2][CH2][CH3]),$([CH]([CH3])[CH2][CH3]),$([CH2][CH]([CH3])[CH3]),$([CH0]([CH3])([CH3])[CH3]),$([CH2][CH2][CH2][CH2][CH3]),$([CH]([CH3])[CH2][CH2][CH3]),$([CH2][CH]([CH3])[CH2][CH3]),$([CH2][CH2][CH]([CH3])[CH3]),$([CH]([CH2][CH3])[CH2][CH3]),$([CH]([CH3])[CH]([CH3])[CH3]),$([CH0]([CH3])([CH3])[CH2][CH3]),$([CH2][CH0]([CH3])([CH3])[CH3]),$([CH2][CH2][CH2][CH2][CH2]),$([CX4]1[CX4][CX4][CX4]1),$([CX4]1[CX4][CX4][CX4][CX4]1),$([CX4]1[CX4][CX4][CX4][CX4][CX4]1),$([CH2]c1ccccc1)]);!$([CX2]#[NX1])])]c([#1])[c;!H0,$(c[#6,OH,$([OX2][$([CH3]),$([CH2][CH3]),$([CH2][CH2][CH3]),$([CH]([CH3])[CH3]),$([CH2][CH2][CH2][CH3]),$([CH]([CH3])[CH2][CH3]),$([CH2][CH]([CH3])[CH3]),$([CH0]([CH3])([CH3])[CH3]),$([CH2][CH2][CH2][CH2][CH3]),$([CH]([CH3])[CH2][CH2][CH3]),$([CH2][CH]([CH3])[CH2][CH3]),$([CH2][CH2][CH]([CH3])[CH3]),$([CH]([CH2][CH3])[CH2][CH3]),$([CH]([CH3])[CH]([CH3])[CH3]),$([CH0]([CH3])([CH3])[CH2][CH3]),$([CH2][CH0]([CH3])([CH3])[CH3]),$([CH2][CH2][CH2][CH2][CH2]),$([CX4]1[CX4][CX4][CX4]1),$([CX4]1[CX4][CX4][CX4][CX4]1),$([CX4]1[CX4][CX4][CX4][CX4][CX4]1),$([CH2]c1ccccc1)]);!$([CX2]#[NX1])])][c;!H0,$(c[#6,OH,$([OX2][$([CH3]),$([CH2][CH3]),$([CH2][CH2][CH3]),$([CH]([CH3])[CH3]),$([CH2][CH2][CH2][CH3]),$([CH]([CH3])[CH2][CH3]),$([CH2][CH]([CH3])[CH3]),$([CH0]([CH3])([CH3])[CH3]),$([CH2][CH2][CH2][CH2][CH3]),$([CH]([CH3])[CH2][CH2][CH3]),$([CH2][CH]([CH3])[CH2][CH3]),$([CH2][CH2][CH]([CH3])[CH3]),$([CH]([CH2][CH3])[CH2][CH3]),$([CH]([CH3])[CH]([CH3])[CH3]),$([CH0]([CH3])([CH3])[CH2][CH3]),$([CH2][CH0]([CH3])([CH3])[CH3]),$([CH2][CH2][CH2][CH2][CH2]),$([CX4]1[CX4][CX4][CX4]1),$([CX4]1[CX4][CX4][CX4][CX4]1),$([CX4]1[CX4][CX4][CX4][CX4][CX4]1),$([CH2]c1ccccc1)]);!$([CX2]#[NX1])])]1),$([$(c1([OH1])c([#1])c([OH1])[c;!H0,$(c[#6,OH,$([OX2][$([CH3]),$([CH2][CH3]),$([CH2][CH2][CH3]),$([CH]([CH3])[CH3]),$([CH2][CH2][CH2][CH3]),$([CH]([CH3])[CH2][CH3]),$([CH2][CH]([CH3])[CH3]),$([CH0]([CH3])([CH3])[CH3]),$([CH2][CH2][CH2][CH2][CH3]),$([CH]([CH3])[CH2][CH2][CH3]),$([CH2][CH]([CH3])[CH2][CH3]),$([CH2][CH2][CH]([CH3])[CH3]),$([CH]([CH2][CH3])[CH2][CH3]),$([CH]([CH3])[CH]([CH3])[CH3]),$([CH0]([CH3])([CH3])[CH2][CH3]),$([CH2][CH0]([CH3])([CH3])[CH3]),$([CH2][CH2][CH2][CH2][CH2]),$([CX4]1[CX4][CX4][CX4]1),$([CX4]1[CX4][CX4][CX4][CX4]1),$([CX4]1[CX4][CX4][CX4][CX4][CX4]1),$([CH2]c1ccccc1)]);!$([CX2]#[NX1])])][c;!H0,$(c[#6,OH,$([OX2][$([CH3]),$([CH2][CH3]),$([CH2][CH2][CH3]),$([CH]([CH3])[CH3]),$([CH2][CH2][CH2][CH3]),$([CH]([CH3])[CH2][CH3]),$([CH2][CH]([CH3])[CH3]),$([CH0]([CH3])([CH3])[CH3]),$([CH2][CH2][CH2][CH2][CH3]),$([CH]([CH3])[CH2][CH2][CH3]),$([CH2][CH]([CH3])[CH2][CH3]),$([CH2][CH2][CH]([CH3])[CH3]),$([CH]([CH2][CH3])[CH2][CH3]),$([CH]([CH3])[CH]([CH3])[CH3]),$([CH0]([CH3])([CH3])[CH2][CH3]),$([CH2][CH0]([CH3])([CH3])[CH3]),$([CH2][CH2][CH2][CH2][CH2]),$([CX4]1[CX4][CX4][CX4]1),$([CX4]1[CX4][CX4][CX4][CX4]1),$([CX4]1[CX4][CX4][CX4][CX4][CX4]1),$([CH2]c1ccccc1)]);!$([CX2]#[NX1])])][c;!H0,$(c[#6,OH,$([OX2][$([CH3]),$([CH2][CH3]),$([CH2][CH2][CH3]),$([CH]([CH3])[CH3]),$([CH2][CH2][CH2][CH3]),$([CH]([CH3])[CH2][CH3]),$([CH2][CH]([CH3])[CH3]),$([CH0]([CH3])([CH3])[CH3]),$([CH2][CH2][CH2][CH2][CH3]),$([CH]([CH3])[CH2][CH2][CH3]),$([CH2][CH]([CH3])[CH2][CH3]),$([CH2][CH2][CH]([CH3])[CH3]),$([CH]([CH2][CH3])[CH2][CH3]),$([CH]([CH3])[CH]([CH3])[CH3]),$([CH0]([CH3])([CH3])[CH2][CH3]),$([CH2][CH0]([CH3])([CH3])[CH3]),$([CH2][CH2][CH2][CH2][CH2]),$([CX4]1[CX4][CX4][CX4]1),$([CX4]1[CX4][CX4][CX4][CX4]1),$([CX4]1[CX4][CX4][CX4][CX4][CX4]1),$([CH2]c1ccccc1)]);!$([CX2]#[NX1])])]1),$(c1([OH1])[c;!H0,$(c[#6,OH,$([OX2][$([CH3]),$([CH2][CH3]),$([CH2][CH2][CH3]),$([CH]([CH3])[CH3]),$([CH2][CH2][CH2][CH3]),$([CH]([CH3])[CH2][CH3]),$([CH2][CH]([CH3])[CH3]),$([CH0]([CH3])([CH3])[CH3]),$([CH2][CH2][CH2][CH2][CH3]),$([CH]([CH3])[CH2][CH2][CH3]),$([CH2][CH]([CH3])[CH2][CH3]),$([CH2][CH2][CH]([CH3])[CH3]),$([CH]([CH2][CH3])[CH2][CH3]),$([CH]([CH3])[CH]([CH3])[CH3]),$([CH0]([CH3])([CH3])[CH2][CH3]),$([CH2][CH0]([CH3])([CH3])[CH3]),$([CH2][CH2][CH2][CH2][CH2]),$([CX4]1[CX4][CX4][CX4]1),$([CX4]1[CX4][CX4][CX4][CX4]1),$([CX4]1[CX4][CX4][CX4][CX4][CX4]1),$([CH2]c1ccccc1)]);!$([CX2]#[NX1])])]c([OH1])c([#1])[c;!H0,$(c[#6,OH,$([OX2][$([CH3]),$([CH2][CH3]),$([CH2][CH2][CH3]),$([CH]([CH3])[CH3]),$([CH2][CH2][CH2][CH3]),$([CH]([CH3])[CH2][CH3]),$([CH2][CH]([CH3])[CH3]),$([CH0]([CH3])([CH3])[CH3]),$([CH2][CH2][CH2][CH2][CH3]),$([CH]([CH3])[CH2][CH2][CH3]),$([CH2][CH]([CH3])[CH2][CH3]),$([CH2][CH2][CH]([CH3])[CH3]),$([CH]([CH2][CH3])[CH2][CH3]),$([CH]([CH3])[CH]([CH3])[CH3]),$([CH0]([CH3])([CH3])[CH2][CH3]),$([CH2][CH0]([CH3])([CH3])[CH3]),$([CH2][CH2][CH2][CH2][CH2]),$([CX4]1[CX4][CX4][CX4]1),$([CX4]1[CX4][CX4][CX4][CX4]1),$([CX4]1[CX4][CX4][CX4][CX4][CX4]1),$([CH2]c1ccccc1)]);!$([CX2]#[NX1])])][c;!H0,$(c[#6,OH,$([OX2][$([CH3]),$([CH2][CH3]),$([CH2][CH2][CH3]),$([CH]([CH3])[CH3]),$([CH2][CH2][CH2][CH3]),$([CH]([CH3])[CH2][CH3]),$([CH2][CH]([CH3])[CH3]),$([CH0]([CH3])([CH3])[CH3]),$([CH2][CH2][CH2][CH2][CH3]),$([CH]([CH3])[CH2][CH2][CH3]),$([CH2][CH]([CH3])[CH2][CH3]),$([CH2][CH2][CH]([CH3])[CH3]),$([CH]([CH2][CH3])[CH2][CH3]),$([CH]([CH3])[CH]([CH3])[CH3]),$([CH0]([CH3])([CH3])[CH2][CH3]),$([CH2][CH0]([CH3])([CH3])[CH3]),$([CH2][CH2][CH2][CH2][CH2]),$([CX4]1[CX4][CX4][CX4]1),$([CX4]1[CX4][CX4][CX4][CX4]1),$([CX4]1[CX4][CX4][CX4][CX4][CX4]1),$([CH2]c1ccccc1)]);!$([CX2]#[NX1])])]1)]),$(c1([OH1])c([#1])[c;!H0,$(c[#6,OH1,$([OX2][$([CH3]),$([CH2][CH3]),$([CH2][CH2][CH3]),$([CH]([CH3])[CH3]),$([CH2][CH2][CH2][CH3]),$([CH]([CH3])[CH2][CH3]),$([CH2][CH]([CH3])[CH3]),$([CH0]([CH3])([CH3])[CH3]),$([CH2][CH2][CH2][CH2][CH3]),$([CH]([CH3])[CH2][CH2][CH3]),$([CH2][CH]([CH3])[CH2][CH3]),$([CH2][CH2][CH]([CH3])[CH3]),$([CH]([CH2][CH3])[CH2][CH3]),$([CH]([CH3])[CH]([CH3])[CH3]),$([CH0]([CH3])([CH3])[CH2][CH3]),$([CH2][CH0]([CH3])([CH3])[CH3]),$([CH2][CH2][CH2][CH2][CH2]),$([CX4]1[CX4][CX4][CX4]1),$([CX4]1[CX4][CX4][CX4][CX4]1),$([CX4]1[CX4][CX4][CX4][CX4][CX4]1),$([CH2]c1ccccc1)]);!$([CX2]#[NX1])])]c([OH1])[c;!H0,$(c[#6,OH1,$([OX2][$([CH3]),$([CH2][CH3]),$([CH2][CH2][CH3]),$([CH]([CH3])[CH3]),$([CH2][CH2][CH2][CH3]),$([CH]([CH3])[CH2][CH3]),$([CH2][CH]([CH3])[CH3]),$([CH0]([CH3])([CH3])[CH3]),$([CH2][CH2][CH2][CH2][CH3]),$([CH]([CH3])[CH2][CH2][CH3]),$([CH2][CH]([CH3])[CH2][CH3]),$([CH2][CH2][CH]([CH3])[CH3]),$([CH]([CH2][CH3])[CH2][CH3]),$([CH]([CH3])[CH]([CH3])[CH3]),$([CH0]([CH3])([CH3])[CH2][CH3]),$([CH2][CH0]([CH3])([CH3])[CH3]),$([CH2][CH2][CH2][CH2][CH2]),$([CX4]1[CX4][CX4][CX4]1),$([CX4]1[CX4][CX4][CX4][CX4]1),$([CX4]1[CX4][CX4][CX4][CX4][CX4]1),$([CH2]c1ccccc1)]);!$([CX2]#[NX1])])][c!H0,$(c[#6,OH,$([OX2][$([CH3]),$([CH2][CH3]),$([CH2][CH2][CH3]),$([CH]([CH3])[CH3]),$([CH2][CH2][CH2][CH3]),$([CH]([CH3])[CH2][CH3]),$([CH2][CH]([CH3])[CH3]),$([CH0]([CH3])([CH3])[CH3]),$([CH2][CH2][CH2][CH2][CH3]),$([CH]([CH3])[CH2][CH2][CH3]),$([CH2][CH]([CH3])[CH2][CH3]),$([CH2][CH2][CH]([CH3])[CH3]),$([CH]([CH2][CH3])[CH2][CH3]),$([CH]([CH3])[CH]([CH3])[CH3]),$([CH0]([CH3])([CH3])[CH2][CH3]),$([CH2][CH0]([CH3])([CH3])[CH3]),$([CH2][CH2][CH2][CH2][CH2]),$([CX4]1[CX4][CX4][CX4]1),$([CX4]1[CX4][CX4][CX4][CX4]1),$([CX4]1[CX4][CX4][CX4][CX4][CX4]1),$([CH2]c1ccccc1)]);!$([CX2]#[NX1])])]1)]","catechols, resorcinols, hydroquinones"
"[$(c1([OH])c([OX2][$([CH3]),$([CH2][CH3])])[c;!H0,$(c[#6,OH,$([OX2][$([CH3]),$([CH2][CH3]),$([CH2][CH2][CH3]),$([CH]([CH3])[CH3]),$([CH2][CH2][CH2][CH3]),$([CH]([CH3])[CH2][CH3]),$([CH2][CH]([CH3])[CH3]),$([CH0]([CH3])([CH3])[CH3]),$([CH2][CH2][CH2][CH2][CH3]),$([CH]([CH3])[CH2][CH2][CH3]),$([CH2][CH]([CH3])[CH2][CH3]),$([CH2][CH2][CH]([CH3])[CH3]),$([CH]([CH2][CH3])[CH2][CH3]),$([CH]([CH3])[CH]([CH3])[CH3]),$([CH0]([CH3])([CH3])[CH2][CH3]),$([CH2][CH0]([CH3])([CH3])[CH3]),$([CH2][CH2][CH2][CH2][CH2]),$([CX4]1[CX4][CX4][CX4]1),$([CX4]1[CX4][CX4][CX4][CX4]1),$([CX4]1[CX4][CX4][CX4][CX4][CX4]1),$([CH2]c1ccccc1)]);!$([CX2]#[NX1])])]c([#1])[c;!H0,$(c[#6,OH,$([OX2][$([CH3]),$([CH2][CH3]),$([CH2][CH2][CH3]),$([CH]([CH3])[CH3]),$([CH2][CH2][CH2][CH3]),$([CH]([CH3])[CH2][CH3]),$([CH2][CH]([CH3])[CH3]),$([CH0]([CH3])([CH3])[CH3]),$([CH2][CH2][CH2][CH2][CH3]),$([CH]([CH3])[CH2][CH2][CH3]),$([CH2][CH]([CH3])[CH2][CH3]),$([CH2][CH2][CH]([CH3])[CH3]),$([CH]([CH2][CH3])[CH2][CH3]),$([CH]([CH3])[CH]([CH3])[CH3]),$([CH0]([CH3])([CH3])[CH2][CH3]),$([CH2][CH0]([CH3])([CH3])[CH3]),$([CH2][CH2][CH2][CH2][CH2]),$([CX4]1[CX4][CX4][CX4]1),$([CX4]1[CX4][CX4][CX4][CX4]1),$([CX4]1[CX4][CX4][CX4][CX4][CX4]1),$([CH2]c1ccccc1)]);!$([CX2]#[NX1])])][c;!H0,$(c[#6,OH,$([OX2][$([CH3]),$([CH2][CH3]),$([CH2][CH2][CH3]),$([CH]([CH3])[CH3]),$([CH2][CH2][CH2][CH3]),$([CH]([CH3])[CH2][CH3]),$([CH2][CH]([CH3])[CH3]),$([CH0]([CH3])([CH3])[CH3]),$([CH2][CH2][CH2][CH2][CH3]),$([CH]([CH3])[CH2][CH2][CH3]),$([CH2][CH]([CH3])[CH2][CH3]),$([CH2][CH2][CH]([CH3])[CH3]),$([CH]([CH2][CH3])[CH2][CH3]),$([CH]([CH3])[CH]([CH3])[CH3]),$([CH0]([CH3])([CH3])[CH2][CH3]),$([CH2][CH0]([CH3])([CH3])[CH3]),$([CH2][CH2][CH2][CH2][CH2]),$([CX4]1[CX4][CX4][CX4]1),$([CX4]1[CX4][CX4][CX4][CX4]1),$([CX4]1[CX4][CX4][CX4][CX4][CX4]1),$([CH2]c1ccccc1)]);!$([CX2]#[NX1])])]1),$(c1([OH])c([OX2][$([CH3]),$([CH2][CH3])])[c;!H0,$(c[#6,OH,$([OX2][$([CH3]),$([CH2][CH3]),$([CH2][CH2][CH3]),$([CH]([CH3])[CH3]),$([CH2][CH2][CH2][CH3]),$([CH]([CH3])[CH2][CH3]),$([CH2][CH]([CH3])[CH3]),$([CH0]([CH3])([CH3])[CH3]),$([CH2][CH2][CH2][CH2][CH3]),$([CH]([CH3])[CH2][CH2][CH3]),$([CH2][CH]([CH3])[CH2][CH3]),$([CH2][CH2][CH]([CH3])[CH3]),$([CH]([CH2][CH3])[CH2][CH3]),$([CH]([CH3])[CH]([CH3])[CH3]),$([CH0]([CH3])([CH3])[CH2][CH3]),$([CH2][CH0]([CH3])([CH3])[CH3]),$([CH2][CH2][CH2][CH2][CH2]),$([CX4]1[CX4][CX4][CX4]1),$([CX4]1[CX4][CX4][CX4][CX4]1),$([CX4]1[CX4][CX4][CX4][CX4][CX4]1),$([CH2]c1ccccc1)]);!$([CX2]#[NX1])])][c;!H0,$(c[#6,OH,$([OX2][$([CH3]),$([CH2][CH3]),$([CH2][CH2][CH3]),$([CH]([CH3])[CH3]),$([CH2][CH2][CH2][CH3]),$([CH]([CH3])[CH2][CH3]),$([CH2][CH]([CH3])[CH3]),$([CH0]([CH3])([CH3])[CH3]),$([CH2][CH2][CH2][CH2][CH3]),$([CH]([CH3])[CH2][CH2][CH3]),$([CH2][CH]([CH3])[CH2][CH3]),$([CH2][CH2][CH]([CH3])[CH3]),$([CH]([CH2][CH3])[CH2][CH3]),$([CH]([CH3])[CH]([CH3])[CH3]),$([CH0]([CH3])([CH3])[CH2][CH3]),$([CH2][CH0]([CH3])([CH3])[CH3]),$([CH2][CH2][CH2][CH2][CH2]),$([CX4]1[CX4][CX4][CX4]1),$([CX4]1[CX4][CX4][CX4][CX4]1),$([CX4]1[CX4][CX4][CX4][CX4][CX4]1),$([CH2]c1ccccc1)]);!$([CX2]#[NX1])])]c([#1])[c;!H0,$(c[#6,OH,$([OX2][$([CH3]),$([CH2][CH3]),$([CH2][CH2][CH3]),$([CH]([CH3])[CH3]),$([CH2][CH2][CH2][CH3]),$([CH]([CH3])[CH2][CH3]),$([CH2][CH]([CH3])[CH3]),$([CH0]([CH3])([CH3])[CH3]),$([CH2][CH2][CH2][CH2][CH3]),$([CH]([CH3])[CH2][CH2][CH3]),$([CH2][CH]([CH3])[CH2][CH3]),$([CH2][CH2][CH]([CH3])[CH3]),$([CH]([CH2][CH3])[CH2][CH3]),$([CH]([CH3])[CH]([CH3])[CH3]),$([CH0]([CH3])([CH3])[CH2][CH3]),$([CH2][CH0]([CH3])([CH3])[CH3]),$([CH2][CH2][CH2][CH2][CH2]),$([CX4]1[CX4][CX4][CX4]1),$([CX4]1[CX4][CX4][CX4][CX4]1),$([CX4]1[CX4][CX4][CX4][CX4][CX4]1),$([CH2]c1ccccc1)]);!$([CX2]#[NX1])])]1),$(c1([OH1])c([#1])c([OX2][$([CH3]),$([CH2][CH3])])[c;!H0,$(c[#6,OH,$([OX2][$([CH3]),$([CH2][CH3]),$([CH2][CH2][CH3]),$([CH]([CH3])[CH3]),$([CH2][CH2][CH2][CH3]),$([CH]([CH3])[CH2][CH3]),$([CH2][CH]([CH3])[CH3]),$([CH0]([CH3])([CH3])[CH3]),$([CH2][CH2][CH2][CH2][CH3]),$([CH]([CH3])[CH2][CH2][CH3]),$([CH2][CH]([CH3])[CH2][CH3]),$([CH2][CH2][CH]([CH3])[CH3]),$([CH]([CH2][CH3])[CH2][CH3]),$([CH]([CH3])[CH]([CH3])[CH3]),$([CH0]([CH3])([CH3])[CH2][CH3]),$([CH2][CH0]([CH3])([CH3])[CH3]),$([CH2][CH2][CH2][CH2][CH2]),$([CX4]1[CX4][CX4][CX4]1),$([CX4]1[CX4][CX4][CX4][CX4]1),$([CX4]1[CX4][CX4][CX4][CX4][CX4]1),$([CH2]c1ccccc1)]);!$([CX2]#[NX1])])][c;!H0,$(c[#6,OH,$([OX2][$([CH3]),$([CH2][CH3]),$([CH2][CH2][CH3]),$([CH]([CH3])[CH3]),$([CH2][CH2][CH2][CH3]),$([CH]([CH3])[CH2][CH3]),$([CH2][CH]([CH3])[CH3]),$([CH0]([CH3])([CH3])[CH3]),$([CH2][CH2][CH2][CH2][CH3]),$([CH]([CH3])[CH2][CH2][CH3]),$([CH2][CH]([CH3])[CH2][CH3]),$([CH2][CH2][CH]([CH3])[CH3]),$([CH]([CH2][CH3])[CH2][CH3]),$([CH]([CH3])[CH]([CH3])[CH3]),$([CH0]([CH3])([CH3])[CH2][CH3]),$([CH2][CH0]([CH3])([CH3])[CH3]),$([CH2][CH2][CH2][CH2][CH2]),$([CX4]1[CX4][CX4][CX4]1),$([CX4]1[CX4][CX4][CX4][CX4]1),$([CX4]1[CX4][CX4][CX4][CX4][CX4]1),$([CH2]c1ccccc1)]);!$([CX2]#[NX1])])][c;!H0,$(c[#6,OH,$([OX2][$([CH3]),$([CH2][CH3]),$([CH2][CH2][CH3]),$([CH]([CH3])[CH3]),$([CH2][CH2][CH2][CH3]),$([CH]([CH3])[CH2][CH3]),$([CH2][CH]([CH3])[CH3]),$([CH0]([CH3])([CH3])[CH3]),$([CH2][CH2][CH2][CH2][CH3]),$([CH]([CH3])[CH2][CH2][CH3]),$([CH2][CH]([CH3])[CH2][CH3]),$([CH2][CH2][CH]([CH3])[CH3]),$([CH]([CH2][CH3])[CH2][CH3]),$([CH]([CH3])[CH]([CH3])[CH3]),$([CH0]([CH3])([CH3])[CH2][CH3]),$([CH2][CH0]([CH3])([CH3])[CH3]),$([CH2][CH2][CH2][CH2][CH2]),$([CX4]1[CX4][CX4][CX4]1),$([CX4]1[CX4][CX4][CX4][CX4]1),$([CX4]1[CX4][CX4][CX4][CX4][CX4]1),$([CH2]c1ccccc1)]);!$([CX2]#[NX1])])]1),$(c1([OH1])[c;!H0,$(c[#6,OH,$([OX2][$([CH3]),$([CH2][CH3]),$([CH2][CH2][CH3]),$([CH]([CH3])[CH3]),$([CH2][CH2][CH2][CH3]),$([CH]([CH3])[CH2][CH3]),$([CH2][CH]([CH3])[CH3]),$([CH0]([CH3])([CH3])[CH3]),$([CH2][CH2][CH2][CH2][CH3]),$([CH]([CH3])[CH2][CH2][CH3]),$([CH2][CH]([CH3])[CH2][CH3]),$([CH2][CH2][CH]([CH3])[CH3]),$([CH]([CH2][CH3])[CH2][CH3]),$([CH]([CH3])[CH]([CH3])[CH3]),$([CH0]([CH3])([CH3])[CH2][CH3]),$([CH2][CH0]([CH3])([CH3])[CH3]),$([CH2][CH2][CH2][CH2][CH2]),$([CX4]1[CX4][CX4][CX4]1),$([CX4]1[CX4][CX4][CX4][CX4]1),$([CX4]1[CX4][CX4][CX4][CX4][CX4]1),$([CH2]c1ccccc1)]);!$([CX2]#[NX1])])]c([OX2][$([CH3]),$([CH2][CH3])])c([#1])[c;!H0,$(c[#6,OH,$([OX2][$([CH3]),$([CH2][CH3]),$([CH2][CH2][CH3]),$([CH]([CH3])[CH3]),$([CH2][CH2][CH2][CH3]),$([CH]([CH3])[CH2][CH3]),$([CH2][CH]([CH3])[CH3]),$([CH0]([CH3])([CH3])[CH3]),$([CH2][CH2][CH2][CH2][CH3]),$([CH]([CH3])[CH2][CH2][CH3]),$([CH2][CH]([CH3])[CH2][CH3]),$([CH2][CH2][CH]([CH3])[CH3]),$([CH]([CH2][CH3])[CH2][CH3]),$([CH]([CH3])[CH]([CH3])[CH3]),$([CH0]([CH3])([CH3])[CH2][CH3]),$([CH2][CH0]([CH3])([CH3])[CH3]),$([CH2][CH2][CH2][CH2][CH2]),$([CX4]1[CX4][CX4][CX4]1),$([CX4]1[CX4][CX4][CX4][CX4]1),$([CX4]1[CX4][CX4][CX4][CX4][CX4]1),$([CH2]c1ccccc1)]);!$([CX2]#[NX1])])][c;!H0,$(c[#6,OH,$([OX2][$([CH3]),$([CH2][CH3]),$([CH2][CH2][CH3]),$([CH]([CH3])[CH3]),$([CH2][CH2][CH2][CH3]),$([CH]([CH3])[CH2][CH3]),$([CH2][CH]([CH3])[CH3]),$([CH0]([CH3])([CH3])[CH3]),$([CH2][CH2][CH2][CH2][CH3]),$([CH]([CH3])[CH2][CH2][CH3]),$([CH2][CH]([CH3])[CH2][CH3]),$([CH2][CH2][CH]([CH3])[CH3]),$([CH]([CH2][CH3])[CH2][CH3]),$([CH]([CH3])[CH]([CH3])[CH3]),$([CH0]([CH3])([CH3])[CH2][CH3]),$([CH2][CH0]([CH3])([CH3])[CH3]),$([CH2][CH2][CH2][CH2][CH2]),$([CX4]1[CX4][CX4][CX4]1),$([CX4]1[CX4][CX4][CX4][CX4]1),$([CX4]1[CX4][CX4][CX4][CX4][CX4]1),$([CH2]c1ccccc1)]);!$([CX2]#[NX1])])]1),$(c1([OH1])[c;!H0,$(c[#6,OH,$([OX2][$([CH3]),$([CH2][CH3]),$([CH2][CH2][CH3]),$([CH]([CH3])[CH3]),$([CH2][CH2][CH2][CH3]),$([CH]([CH3])[CH2][CH3]),$([CH2][CH]([CH3])[CH3]),$([CH0]([CH3])([CH3])[CH3]),$([CH2][CH2][CH2][CH2][CH3]),$([CH]([CH3])[CH2][CH2][CH3]),$([CH2][CH]([CH3])[CH2][CH3]),$([CH2][CH2][CH]([CH3])[CH3]),$([CH]([CH2][CH3])[CH2][CH3]),$([CH]([CH3])[CH]([CH3])[CH3]),$([CH0]([CH3])([CH3])[CH2][CH3]),$([CH2][CH0]([CH3])([CH3])[CH3]),$([CH2][CH2][CH2][CH2][CH2]),$([CX4]1[CX4][CX4][CX4]1),$([CX4]1[CX4][CX4][CX4][CX4]1),$([CX4]1[CX4][CX4][CX4][CX4][CX4]1),$([CH2]c1ccccc1)]);!$([CX2]#[NX1])])]c([OX2][$([CH3]),$([CH2][CH3])])[c;!H0,$(c[#6,OH,$([OX2][$([CH3]),$([CH2][CH3]),$([CH2][CH2][CH3]),$([CH]([CH3])[CH3]),$([CH2][CH2][CH2][CH3]),$([CH]([CH3])[CH2][CH3]),$([CH2][CH]([CH3])[CH3]),$([CH0]([CH3])([CH3])[CH3]),$([CH2][CH2][CH2][CH2][CH3]),$([CH]([CH3])[CH2][CH2][CH3]),$([CH2][CH]([CH3])[CH2][CH3]),$([CH2][CH2][CH]([CH3])[CH3]),$([CH]([CH2][CH3])[CH2][CH3]),$([CH]([CH3])[CH]([CH3])[CH3]),$([CH0]([CH3])([CH3])[CH2][CH3]),$([CH2][CH0]([CH3])([CH3])[CH3]),$([CH2][CH2][CH2][CH2][CH2]),$([CX4]1[CX4][CX4][CX4]1),$([CX4]1[CX4][CX4][CX4][CX4]1),$([CX4]1[CX4][CX4][CX4][CX4][CX4]1),$([CH2]c1ccccc1)]);!$([CX2]#[NX1])])][c;!H0,$(c[#6,OH,$([OX2][$([CH3]),$([CH2][CH3]),$([CH2][CH2][CH3]),$([CH]([CH3])[CH3]),$([CH2][CH2][CH2][CH3]),$([CH]([CH3])[CH2][CH3]),$([CH2][CH]([CH3])[CH3]),$([CH0]([CH3])([CH3])[CH3]),$([CH2][CH2][CH2][CH2][CH3]),$([CH]([CH3])[CH2][CH2][CH3]),$([CH2][CH]([CH3])[CH2][CH3]),$([CH2][CH2][CH]([CH3])[CH3]),$([CH]([CH2][CH3])[CH2][CH3]),$([CH]([CH3])[CH]([CH3])[CH3]),$([CH0]([CH3])([CH3])[CH2][CH3]),$([CH2][CH0]([CH3])([CH3])[CH3]),$([CH2][CH2][CH2][CH2][CH2]),$([CX4]1[CX4][CX4][CX4]1),$([CX4]1[CX4][CX4][CX4][CX4]1),$([CX4]1[CX4][CX4][CX4][CX4][CX4]1),$([CH2]c1ccccc1)]);!$([CX2]#[NX1])])]c1([#1])),$(c1([OH1])c([#1])[c;!H0,$(c[#6,OH,$([OX2][$([CH3]),$([CH2][CH3]),$([CH2][CH2][CH3]),$([CH]([CH3])[CH3]),$([CH2][CH2][CH2][CH3]),$([CH]([CH3])[CH2][CH3]),$([CH2][CH]([CH3])[CH3]),$([CH0]([CH3])([CH3])[CH3]),$([CH2][CH2][CH2][CH2][CH3]),$([CH]([CH3])[CH2][CH2][CH3]),$([CH2][CH]([CH3])[CH2][CH3]),$([CH2][CH2][CH]([CH3])[CH3]),$([CH]([CH2][CH3])[CH2][CH3]),$([CH]([CH3])[CH]([CH3])[CH3]),$([CH0]([CH3])([CH3])[CH2][CH3]),$([CH2][CH0]([CH3])([CH3])[CH3]),$([CH2][CH2][CH2][CH2][CH2]),$([CX4]1[CX4][CX4][CX4]1),$([CX4]1[CX4][CX4][CX4][CX4]1),$([CX4]1[CX4][CX4][CX4][CX4][CX4]1),$([CH2]c1ccccc1)]);!$([CX2]#[NX1])])]c([OX2][$([CH3]),$([CH2][CH3])])[c;!H0,$(c[#6,OH,$([OX2][$([CH3]),$([CH2][CH3]),$([CH2][CH2][CH3]),$([CH]([CH3])[CH3]),$([CH2][CH2][CH2][CH3]),$([CH]([CH3])[CH2][CH3]),$([CH2][CH]([CH3])[CH3]),$([CH0]([CH3])([CH3])[CH3]),$([CH2][CH2][CH2][CH2][CH3]),$([CH]([CH3])[CH2][CH2][CH3]),$([CH2][CH]([CH3])[CH2][CH3]),$([CH2][CH2][CH]([CH3])[CH3]),$([CH]([CH2][CH3])[CH2][CH3]),$([CH]([CH3])[CH]([CH3])[CH3]),$([CH0]([CH3])([CH3])[CH2][CH3]),$([CH2][CH0]([CH3])([CH3])[CH3]),$([CH2][CH2][CH2][CH2][CH2]),$([CX4]1[CX4][CX4][CX4]1),$([CX4]1[CX4][CX4][CX4][CX4]1),$([CX4]1[CX4][CX4][CX4][CX4][CX4]1),$([CH2]c1ccccc1)]);!$([CX2]#[NX1])])][c;!H0,$(c[#6,OH,$([OX2][$([CH3]),$([CH2][CH3]),$([CH2][CH2][CH3]),$([CH]([CH3])[CH3]),$([CH2][CH2][CH2][CH3]),$([CH]([CH3])[CH2][CH3]),$([CH2][CH]([CH3])[CH3]),$([CH0]([CH3])([CH3])[CH3]),$([CH2][CH2][CH2][CH2][CH3]),$([CH]([CH3])[CH2][CH2][CH3]),$([CH2][CH]([CH3])[CH2][CH3]),$([CH2][CH2][CH]([CH3])[CH3]),$([CH]([CH2][CH3])[CH2][CH3]),$([CH]([CH3])[CH]([CH3])[CH3]),$([CH0]([CH3])([CH3])[CH2][CH3]),$([CH2][CH0]([CH3])([CH3])[CH3]),$([CH2][CH2][CH2][CH2][CH2]),$([CX4]1[CX4][CX4][CX4]1),$([CX4]1[CX4][CX4][CX4][CX4]1),$([CX4]1[CX4][CX4][CX4][CX4][CX4]1),$([CH2]c1ccccc1)]);!$([CX2]#[NX1])])]1),$(c1([OH1])[c;!H0,$(c[#6,OH,$([OX2][$([CH3]),$([CH2][CH3]),$([CH2][CH2][CH3]),$([CH]([CH3])[CH3]),$([CH2][CH2][CH2][CH3]),$([CH]([CH3])[CH2][CH3]),$([CH2][CH]([CH3])[CH3]),$([CH0]([CH3])([CH3])[CH3]),$([CH2][CH2][CH2][CH2][CH3]),$([CH]([CH3])[CH2][CH2][CH3]),$([CH2][CH]([CH3])[CH2][CH3]),$([CH2][CH2][CH]([CH3])[CH3]),$([CH]([CH2][CH3])[CH2][CH3]),$([CH]([CH3])[CH]([CH3])[CH3]),$([CH0]([CH3])([CH3])[CH2][CH3]),$([CH2][CH0]([CH3])([CH3])[CH3]),$([CH2][CH2][CH2][CH2][CH2]),$([CX4]1[CX4][CX4][CX4]1),$([CX4]1[CX4][CX4][CX4][CX4]1),$([CX4]1[CX4][CX4][CX4][CX4][CX4]1),$([CH2]c1ccccc1)]);!$([CX2]#[NX1])])]c([#1])c([OX2][$([CH3]),$([CH2][CH3])])[c;!H0,$(c[#6,OH,$([OX2][$([CH3]),$([CH2][CH3]),$([CH2][CH2][CH3]),$([CH]([CH3])[CH3]),$([CH2][CH2][CH2][CH3]),$([CH]([CH3])[CH2][CH3]),$([CH2][CH]([CH3])[CH3]),$([CH0]([CH3])([CH3])[CH3]),$([CH2][CH2][CH2][CH2][CH3]),$([CH]([CH3])[CH2][CH2][CH3]),$([CH2][CH]([CH3])[CH2][CH3]),$([CH2][CH2][CH]([CH3])[CH3]),$([CH]([CH2][CH3])[CH2][CH3]),$([CH]([CH3])[CH]([CH3])[CH3]),$([CH0]([CH3])([CH3])[CH2][CH3]),$([CH2][CH0]([CH3])([CH3])[CH3]),$([CH2][CH2][CH2][CH2][CH2]),$([CX4]1[CX4][CX4][CX4]1),$([CX4]1[CX4][CX4][CX4][CX4]1),$([CX4]1[CX4][CX4][CX4][CX4][CX4]1),$([CH2]c1ccccc1)]);!$([CX2]#[NX1])])][c;!H0,$(c[#6,OH,$([OX2][$([CH3]),$([CH2][CH3]),$([CH2][CH2][CH3]),$([CH]([CH3])[CH3]),$([CH2][CH2][CH2][CH3]),$([CH]([CH3])[CH2][CH3]),$([CH2][CH]([CH3])[CH3]),$([CH0]([CH3])([CH3])[CH3]),$([CH2][CH2][CH2][CH2][CH3]),$([CH]([CH3])[CH2][CH2][CH3]),$([CH2][CH]([CH3])[CH2][CH3]),$([CH2][CH2][CH]([CH3])[CH3]),$([CH]([CH2][CH3])[CH2][CH3]),$([CH]([CH3])[CH]([CH3])[CH3]),$([CH0]([CH3])([CH3])[CH2][CH3]),$([CH2][CH0]([CH3])([CH3])[CH3]),$([CH2][CH2][CH2][CH2][CH2]),$([CX4]1[CX4][CX4][CX4]1),$([CX4]1[CX4][CX4][CX4][CX4]1),$([CX4]1[CX4][CX4][CX4][CX4][CX4]1),$([CH2]c1ccccc1)]);!$([CX2]#[NX1])])]1)]","catechol, resorcinol and hydroquinone precursors"
"[$([NX3;!H0,$([NX3][$([CH3]),$([CH2][CH3]),$([CH2][CH2][CH3]),$([CH]([CH3])[CH3]),$([CH2][CH2][CH2][CH3]),$([CH]([CH3])[CH2][CH3]),$([CH2][CH]([CH3])[CH3]),$([CH0]([CH3])([CH3])[CH3]),$([CH2][CH2][CH2][CH2][CH3]),$([CH]([CH3])[CH2][CH2][CH3]),$([CH2][CH]([CH3])[CH2][CH3]),$([CH2][CH2][CH]([CH3])[CH3]),$([CH]([CH2][CH3])[CH2][CH3]),$([CH]([CH3])[CH]([CH3])[CH3]),$([CH0]([CH3])([CH3])[CH2][CH3]),$([CH2][CH0]([CH3])([CH3])[CH3]),$([CH2][CH2][CH2][CH2][CH2]),$([CX4]1[CX4][CX4][CX4]1),$([CX4]1[CX4][CX4][CX4][CX4]1),$([CX4]1[CX4][CX4][CX4][CX4][CX4]1),$([CH2]c1ccccc1)])][#1][CH2][CH2][NX3;!H0!H1,$([!H0][$([CH3]),$([CH2][CH3]),$([CH2][CH2][CH3]),$([CH]([CH3])[CH3]),$([CH2][CH2][CH2][CH3]),$([CH]([CH3])[CH2][CH3]),$([CH2][CH]([CH3])[CH3]),$([CH0]([CH3])([CH3])[CH3]),$([CH2][CH2][CH2][CH2][CH3]),$([CH]([CH3])[CH2][CH2][CH3]),$([CH2][CH]([CH3])[CH2][CH3]),$([CH2][CH2][CH]([CH3])[CH3]),$([CH]([CH2][CH3])[CH2][CH3]),$([CH]([CH3])[CH]([CH3])[CH3]),$([CH0]([CH3])([CH3])[CH2][CH3]),$([CH2][CH0]([CH3])([CH3])[CH3]),$([CH2][CH2][CH2][CH2][CH2]),$([CX4]1[CX4][CX4][CX4]1),$([CX4]1[CX4][CX4][CX4][CX4]1),$([CX4]1[CX4][CX4][CX4][CX4][CX4]1),$([CH2]c1ccccc1)]),$(*([$([CH3]),$([CH2][CH3]),$([CH2][CH2][CH3]),$([CH]([CH3])[CH3]),$([CH2][CH2][CH2][CH3]),$([CH]([CH3])[CH2][CH3]),$([CH2][CH]([CH3])[CH3]),$([CH0]([CH3])([CH3])[CH3]),$([CH2][CH2][CH2][CH2][CH3]),$([CH]([CH3])[CH2][CH2][CH3]),$([CH2][CH]([CH3])[CH2][CH3]),$([CH2][CH2][CH]([CH3])[CH3]),$([CH]([CH2][CH3])[CH2][CH3]),$([CH]([CH3])[CH]([CH3])[CH3]),$([CH0]([CH3])([CH3])[CH2][CH3]),$([CH2][CH0]([CH3])([CH3])[CH3]),$([CH2][CH2][CH2][CH2][CH2]),$([CX4]1[CX4][CX4][CX4]1),$([CX4]1[CX4][CX4][CX4][CX4]1),$([CX4]1[CX4][CX4][CX4][CX4][CX4]1),$([CH2]c1ccccc1)])([$([CH3]),$([CH2][CH3]),$([CH2][CH2][CH3]),$([CH]([CH3])[CH3]),$([CH2][CH2][CH2][CH3]),$([CH]([CH3])[CH2][CH3]),$([CH2][CH]([CH3])[CH3]),$([CH0]([CH3])([CH3])[CH3]),$([CH2][CH2][CH2][CH2][CH3]),$([CH]([CH3])[CH2][CH2][CH3]),$([CH2][CH]([CH3])[CH2][CH3]),$([CH2][CH2][CH]([CH3])[CH3]),$([CH]([CH2][CH3])[CH2][CH3]),$([CH]([CH3])[CH]([CH3])[CH3]),$([CH0]([CH3])([CH3])[CH2][CH3]),$([CH2][CH0]([CH3])([CH3])[CH3]),$([CH2][CH2][CH2][CH2][CH2]),$([CX4]1[CX4][CX4][CX4]1),$([CX4]1[CX4][CX4][CX4][CX4]1),$([CX4]1[CX4][CX4][CX4][CX4][CX4]1),$([CH2]c1ccccc1)]))]),$([NX3;!H0,$([NX3][$([CH3]),$([CH2][CH3]),$([CH2][CH2][CH3]),$([CH]([CH3])[CH3]),$([CH2][CH2][CH2][CH3]),$([CH]([CH3])[CH2][CH3]),$([CH2][CH]([CH3])[CH3]),$([CH0]([CH3])([CH3])[CH3]),$([CH2][CH2][CH2][CH2][CH3]),$([CH]([CH3])[CH2][CH2][CH3]),$([CH2][CH]([CH3])[CH2][CH3]),$([CH2][CH2][CH]([CH3])[CH3]),$([CH]([CH2][CH3])[CH2][CH3]),$([CH]([CH3])[CH]([CH3])[CH3]),$([CH0]([CH3])([CH3])[CH2][CH3]),$([CH2][CH0]([CH3])([CH3])[CH3]),$([CH2][CH2][CH2][CH2][CH2]),$([CX4]1[CX4][CX4][CX4]1),$([CX4]1[CX4][CX4][CX4][CX4]1),$([CX4]1[CX4][CX4][CX4][CX4][CX4]1),$([CH2]c1ccccc1)])][#1][CH2][CH2][CH2][NX3;!H0!H1,$([!H0][$([CH3]),$([CH2][CH3]),$([CH2][CH2][CH3]),$([CH]([CH3])[CH3]),$([CH2][CH2][CH2][CH3]),$([CH]([CH3])[CH2][CH3]),$([CH2][CH]([CH3])[CH3]),$([CH0]([CH3])([CH3])[CH3]),$([CH2][CH2][CH2][CH2][CH3]),$([CH]([CH3])[CH2][CH2][CH3]),$([CH2][CH]([CH3])[CH2][CH3]),$([CH2][CH2][CH]([CH3])[CH3]),$([CH]([CH2][CH3])[CH2][CH3]),$([CH]([CH3])[CH]([CH3])[CH3]),$([CH0]([CH3])([CH3])[CH2][CH3]),$([CH2][CH0]([CH3])([CH3])[CH3]),$([CH2][CH2][CH2][CH2][CH2]),$([CX4]1[CX4][CX4][CX4]1),$([CX4]1[CX4][CX4][CX4][CX4]1),$([CX4]1[CX4][CX4][CX4][CX4][CX4]1),$([CH2]c1ccccc1)]),$(*([$([CH3]),$([CH2][CH3]),$([CH2][CH2][CH3]),$([CH]([CH3])[CH3]),$([CH2][CH2][CH2][CH3]),$([CH]([CH3])[CH2][CH3]),$([CH2][CH]([CH3])[CH3]),$([CH0]([CH3])([CH3])[CH3]),$([CH2][CH2][CH2][CH2][CH3]),$([CH]([CH3])[CH2][CH2][CH3]),$([CH2][CH]([CH3])[CH2][CH3]),$([CH2][CH2][CH]([CH3])[CH3]),$([CH]([CH2][CH3])[CH2][CH3]),$([CH]([CH3])[CH]([CH3])[CH3]),$([CH0]([CH3])([CH3])[CH2][CH3]),$([CH2][CH0]([CH3])([CH3])[CH3]),$([CH2][CH2][CH2][CH2][CH2]),$([CX4]1[CX4][CX4][CX4]1),$([CX4]1[CX4][CX4][CX4][CX4]1),$([CX4]1[CX4][CX4][CX4][CX4][CX4]1),$([CH2]c1ccccc1)])([$([CH3]),$([CH2][CH3]),$([CH2][CH2][CH3]),$([CH]([CH3])[CH3]),$([CH2][CH2][CH2][CH3]),$([CH]([CH3])[CH2][CH3]),$([CH2][CH]([CH3])[CH3]),$([CH0]([CH3])([CH3])[CH3]),$([CH2][CH2][CH2][CH2][CH3]),$([CH]([CH3])[CH2][CH2][CH3]),$([CH2][CH]([CH3])[CH2][CH3]),$([CH2][CH2][CH]([CH3])[CH3]),$([CH]([CH2][CH3])[CH2][CH3]),$([CH]([CH3])[CH]([CH3])[CH3]),$([CH0]([CH3])([CH3])[CH2][CH3]),$([CH2][CH0]([CH3])([CH3])[CH3]),$([CH2][CH2][CH2][CH2][CH2]),$([CX4]1[CX4][CX4][CX4]1),$([CX4]1[CX4][CX4][CX4][CX4]1),$([CX4]1[CX4][CX4][CX4][CX4][CX4]1),$([CH2]c1ccccc1)]))]),$([NX3;!H0,$([NX3][$([CH3]),$([CH2][CH3]),$([CH2][CH2][CH3]),$([CH]([CH3])[CH3]),$([CH2][CH2][CH2][CH3]),$([CH]([CH3])[CH2][CH3]),$([CH2][CH]([CH3])[CH3]),$([CH0]([CH3])([CH3])[CH3]),$([CH2][CH2][CH2][CH2][CH3]),$([CH]([CH3])[CH2][CH2][CH3]),$([CH2][CH]([CH3])[CH2][CH3]),$([CH2][CH2][CH]([CH3])[CH3]),$([CH]([CH2][CH3])[CH2][CH3]),$([CH]([CH3])[CH]([CH3])[CH3]),$([CH0]([CH3])([CH3])[CH2][CH3]),$([CH2][CH0]([CH3])([CH3])[CH3]),$([CH2][CH2][CH2][CH2][CH2]),$([CX4]1[CX4][CX4][CX4]1),$([CX4]1[CX4][CX4][CX4][CX4]1),$([CX4]1[CX4][CX4][CX4][CX4][CX4]1),$([CH2]c1ccccc1)])][#1][CH2][CH2][CH2][CH2][NX3;!H0!H1,$([!H0][$([CH3]),$([CH2][CH3]),$([CH2][CH2][CH3]),$([CH]([CH3])[CH3]),$([CH2][CH2][CH2][CH3]),$([CH]([CH3])[CH2][CH3]),$([CH2][CH]([CH3])[CH3]),$([CH0]([CH3])([CH3])[CH3]),$([CH2][CH2][CH2][CH2][CH3]),$([CH]([CH3])[CH2][CH2][CH3]),$([CH2][CH]([CH3])[CH2][CH3]),$([CH2][CH2][CH]([CH3])[CH3]),$([CH]([CH2][CH3])[CH2][CH3]),$([CH]([CH3])[CH]([CH3])[CH3]),$([CH0]([CH3])([CH3])[CH2][CH3]),$([CH2][CH0]([CH3])([CH3])[CH3]),$([CH2][CH2][CH2][CH2][CH2]),$([CX4]1[CX4][CX4][CX4]1),$([CX4]1[CX4][CX4][CX4][CX4]1),$([CX4]1[CX4][CX4][CX4][CX4][CX4]1),$([CH2]c1ccccc1)]),$(*([$([CH3]),$([CH2][CH3]),$([CH2][CH2][CH3]),$([CH]([CH3])[CH3]),$([CH2][CH2][CH2][CH3]),$([CH]([CH3])[CH2][CH3]),$([CH2][CH]([CH3])[CH3]),$([CH0]([CH3])([CH3])[CH3]),$([CH2][CH2][CH2][CH2][CH3]),$([CH]([CH3])[CH2][CH2][CH3]),$([CH2][CH]([CH3])[CH2][CH3]),$([CH2][CH2][CH]([CH3])[CH3]),$([CH]([CH2][CH3])[CH2][CH3]),$([CH]([CH3])[CH]([CH3])[CH3]),$([CH0]([CH3])([CH3])[CH2][CH3]),$([CH2][CH0]([CH3])([CH3])[CH3]),$([CH2][CH2][CH2][CH2][CH2]),$([CX4]1[CX4][CX4][CX4]1),$([CX4]1[CX4][CX4][CX4][CX4]1),$([CX4]1[CX4][CX4][CX4][CX4][CX4]1),$([CH2]c1ccccc1)])([$([CH3]),$([CH2][CH3]),$([CH2][CH2][CH3]),$([CH]([CH3])[CH3]),$([CH2][CH2][CH2][CH3]),$([CH]([CH3])[CH2][CH3]),$([CH2][CH]([CH3])[CH3]),$([CH0]([CH3])([CH3])[CH3]),$([CH2][CH2][CH2][CH2][CH3]),$([CH]([CH3])[CH2][CH2][CH3]),$([CH2][CH]([CH3])[CH2][CH3]),$([CH2][CH2][CH]([CH3])[CH3]),$([CH]([CH2][CH3])[CH2][CH3]),$([CH]([CH3])[CH]([CH3])[CH3]),$([CH0]([CH3])([CH3])[CH2][CH3]),$([CH2][CH0]([CH3])([CH3])[CH3]),$([CH2][CH2][CH2][CH2][CH2]),$([CX4]1[CX4][CX4][CX4]1),$([CX4]1[CX4][CX4][CX4][CX4]1),$([CX4]1[CX4][CX4][CX4][CX4][CX4]1),$([CH2]c1ccccc1)]))]),$([NX3;!H0,$([NX3][$([CH3]),$([CH2][CH3]),$([CH2][CH2][CH3]),$([CH]([CH3])[CH3]),$([CH2][CH2][CH2][CH3]),$([CH]([CH3])[CH2][CH3]),$([CH2][CH]([CH3])[CH3]),$([CH0]([CH3])([CH3])[CH3]),$([CH2][CH2][CH2][CH2][CH3]),$([CH]([CH3])[CH2][CH2][CH3]),$([CH2][CH]([CH3])[CH2][CH3]),$([CH2][CH2][CH]([CH3])[CH3]),$([CH]([CH2][CH3])[CH2][CH3]),$([CH]([CH3])[CH]([CH3])[CH3]),$([CH0]([CH3])([CH3])[CH2][CH3]),$([CH2][CH0]([CH3])([CH3])[CH3]),$([CH2][CH2][CH2][CH2][CH2]),$([CX4]1[CX4][CX4][CX4]1),$([CX4]1[CX4][CX4][CX4][CX4]1),$([CX4]1[CX4][CX4][CX4][CX4][CX4]1),$([CH2]c1ccccc1)])][#1][CH2][CH2][CH2][CH2][CH2][NX3;!H0!H1,$([!H0][$([CH3]),$([CH2][CH3]),$([CH2][CH2][CH3]),$([CH]([CH3])[CH3]),$([CH2][CH2][CH2][CH3]),$([CH]([CH3])[CH2][CH3]),$([CH2][CH]([CH3])[CH3]),$([CH0]([CH3])([CH3])[CH3]),$([CH2][CH2][CH2][CH2][CH3]),$([CH]([CH3])[CH2][CH2][CH3]),$([CH2][CH]([CH3])[CH2][CH3]),$([CH2][CH2][CH]([CH3])[CH3]),$([CH]([CH2][CH3])[CH2][CH3]),$([CH]([CH3])[CH]([CH3])[CH3]),$([CH0]([CH3])([CH3])[CH2][CH3]),$([CH2][CH0]([CH3])([CH3])[CH3]),$([CH2][CH2][CH2][CH2][CH2]),$([CX4]1[CX4][CX4][CX4]1),$([CX4]1[CX4][CX4][CX4][CX4]1),$([CX4]1[CX4][CX4][CX4][CX4][CX4]1),$([CH2]c1ccccc1)]),$(*([$([CH3]),$([CH2][CH3]),$([CH2][CH2][CH3]),$([CH]([CH3])[CH3]),$([CH2][CH2][CH2][CH3]),$([CH]([CH3])[CH2][CH3]),$([CH2][CH]([CH3])[CH3]),$([CH0]([CH3])([CH3])[CH3]),$([CH2][CH2][CH2][CH2][CH3]),$([CH]([CH3])[CH2][CH2][CH3]),$([CH2][CH]([CH3])[CH2][CH3]),$([CH2][CH2][CH]([CH3])[CH3]),$([CH]([CH2][CH3])[CH2][CH3]),$([CH]([CH3])[CH]([CH3])[CH3]),$([CH0]([CH3])([CH3])[CH2][CH3]),$([CH2][CH0]([CH3])([CH3])[CH3]),$([CH2][CH2][CH2][CH2][CH2]),$([CX4]1[CX4][CX4][CX4]1),$([CX4]1[CX4][CX4][CX4][CX4]1),$([CX4]1[CX4][CX4][CX4][CX4][CX4]1),$([CH2]c1ccccc1)])([$([CH3]),$([CH2][CH3]),$([CH2][CH2][CH3]),$([CH]([CH3])[CH3]),$([CH2][CH2][CH2][CH3]),$([CH]([CH3])[CH2][CH3]),$([CH2][CH]([CH3])[CH3]),$([CH0]([CH3])([CH3])[CH3]),$([CH2][CH2][CH2][CH2][CH3]),$([CH]([CH3])[CH2][CH2][CH3]),$([CH2][CH]([CH3])[CH2][CH3]),$([CH2][CH2][CH]([CH3])[CH3]),$([CH]([CH2][CH3])[CH2][CH3]),$([CH]([CH3])[CH]([CH3])[CH3]),$([CH0]([CH3])([CH3])[CH2][CH3]),$([CH2][CH0]([CH3])([CH3])[CH3]),$([CH2][CH2][CH2][CH2][CH2]),$([CX4]1[CX4][CX4][CX4]1),$([CX4]1[CX4][CX4][CX4][CX4]1),$([CX4]1[CX4][CX4][CX4][CX4][CX4]1),$([CH2]c1ccccc1)]))]),$([NX3;!H0,$([NX3][$([CH3]),$([CH2][CH3]),$([CH2][CH2][CH3]),$([CH]([CH3])[CH3]),$([CH2][CH2][CH2][CH3]),$([CH]([CH3])[CH2][CH3]),$([CH2][CH]([CH3])[CH3]),$([CH0]([CH3])([CH3])[CH3]),$([CH2][CH2][CH2][CH2][CH3]),$([CH]([CH3])[CH2][CH2][CH3]),$([CH2][CH]([CH3])[CH2][CH3]),$([CH2][CH2][CH]([CH3])[CH3]),$([CH]([CH2][CH3])[CH2][CH3]),$([CH]([CH3])[CH]([CH3])[CH3]),$([CH0]([CH3])([CH3])[CH2][CH3]),$([CH2][CH0]([CH3])([CH3])[CH3]),$([CH2][CH2][CH2][CH2][CH2]),$([CX4]1[CX4][CX4][CX4]1),$([CX4]1[CX4][CX4][CX4][CX4]1),$([CX4]1[CX4][CX4][CX4][CX4][CX4]1),$([CH2]c1ccccc1)])][#1][CH2][CH2][CH2][CH2][CH2][CH2][NX3;!H0!H1,$([!H0][$([CH3]),$([CH2][CH3]),$([CH2][CH2][CH3]),$([CH]([CH3])[CH3]),$([CH2][CH2][CH2][CH3]),$([CH]([CH3])[CH2][CH3]),$([CH2][CH]([CH3])[CH3]),$([CH0]([CH3])([CH3])[CH3]),$([CH2][CH2][CH2][CH2][CH3]),$([CH]([CH3])[CH2][CH2][CH3]),$([CH2][CH]([CH3])[CH2][CH3]),$([CH2][CH2][CH]([CH3])[CH3]),$([CH]([CH2][CH3])[CH2][CH3]),$([CH]([CH3])[CH]([CH3])[CH3]),$([CH0]([CH3])([CH3])[CH2][CH3]),$([CH2][CH0]([CH3])([CH3])[CH3]),$([CH2][CH2][CH2][CH2][CH2]),$([CX4]1[CX4][CX4][CX4]1),$([CX4]1[CX4][CX4][CX4][CX4]1),$([CX4]1[CX4][CX4][CX4][CX4][CX4]1),$([CH2]c1ccccc1)]),$(*([$([CH3]),$([CH2][CH3]),$([CH2][CH2][CH3]),$([CH]([CH3])[CH3]),$([CH2][CH2][CH2][CH3]),$([CH]([CH3])[CH2][CH3]),$([CH2][CH]([CH3])[CH3]),$([CH0]([CH3])([CH3])[CH3]),$([CH2][CH2][CH2][CH2][CH3]),$([CH]([CH3])[CH2][CH2][CH3]),$([CH2][CH]([CH3])[CH2][CH3]),$([CH2][CH2][CH]([CH3])[CH3]),$([CH]([CH2][CH3])[CH2][CH3]),$([CH]([CH3])[CH]([CH3])[CH3]),$([CH0]([CH3])([CH3])[CH2][CH3]),$([CH2][CH0]([CH3])([CH3])[CH3]),$([CH2][CH2][CH2][CH2][CH2]),$([CX4]1[CX4][CX4][CX4]1),$([CX4]1[CX4][CX4][CX4][CX4]1),$([CX4]1[CX4][CX4][CX4][CX4][CX4]1),$([CH2]c1ccccc1)])([$([CH3]),$([CH2][CH3]),$([CH2][CH2][CH3]),$([CH]([CH3])[CH3]),$([CH2][CH2][CH2][CH3]),$([CH]([CH3])[CH2][CH3]),$([CH2][CH]([CH3])[CH3]),$([CH0]([CH3])([CH3])[CH3]),$([CH2][CH2][CH2][CH2][CH3]),$([CH]([CH3])[CH2][CH2][CH3]),$([CH2][CH]([CH3])[CH2][CH3]),$([CH2][CH2][CH]([CH3])[CH3]),$([CH]([CH2][CH3])[CH2][CH3]),$([CH]([CH3])[CH]([CH3])[CH3]),$([CH0]([CH3])([CH3])[CH2][CH3]),$([CH2][CH0]([CH3])([CH3])[CH3]),$([CH2][CH2][CH2][CH2][CH2]),$([CX4]1[CX4][CX4][CX4]1),$([CX4]1[CX4][CX4][CX4][CX4]1),$([CX4]1[CX4][CX4][CX4][CX4][CX4]1),$([CH2]c1ccccc1)]))]),$([!H0,$([CH3]),$([CH2][CH3]),$([CH2][CH2][CH3]),$([CH]([CH3])[CH3]),$([CH2][CH2][CH2][CH3]),$([CH]([CH3])[CH2][CH3]),$([CH2][CH]([CH3])[CH3]),$([CH0]([CH3])([CH3])[CH3]),$([CH2][CH2][CH2][CH2][CH3]),$([CH]([CH3])[CH2][CH2][CH3]),$([CH2][CH]([CH3])[CH2][CH3]),$([CH2][CH2][CH]([CH3])[CH3]),$([CH]([CH2][CH3])[CH2][CH3]),$([CH]([CH3])[CH]([CH3])[CH3]),$([CH0]([CH3])([CH3])[CH2][CH3]),$([CH2][CH0]([CH3])([CH3])[CH3]),$([CH2][CH2][CH2][CH2][CH2]),$([CX4]1[CX4][CX4][CX4]1),$([CX4]1[CX4][CX4][CX4][CX4]1),$([CX4]1[CX4][CX4][CX4][CX4][CX4]1),$([CH2]c1ccccc1)][$([NX3]1[CH2][CH2][NX3H1][CH2][CH2]1),$([NX3]1[CH2][NX3H1][CH2][CH2]1),$([NX3]1[CH2][NX3H1][CH2][CH2][CH2]1)])]",diamines
"[$([Cl,Br,I][CH2][CX3]=[CX3]),$([Cl,Br,I][CH2][CX2]#[CX2]),$([Cl,Br,I][CH2][a!r0]),$([Cl,Br,I][CH2][CX3](=[OX1])[#6]),$([Cl,Br,I][CH2][CX3](=[OX1])[OX2]),$([Cl,Br,I][CH2][CX3](=[OX1])[NX3]),$([Cl,Br,I][CH2][CH2][NX3]),$([Cl,Br,I][CH2][CH2][OX2])]",haloalkanes
[CX4][Sv6X4](=[OX1])(=[OX1])[OX2][CX4],dialkyl sulfonates
[CX4][OX2][Sv6X4](=[OX1])(=[OX1])[OX2][CX4],dialkyl sulfates
[CX4]1([CX4])[OX2][CX4]1([CX4]),epoxides
"[$([F,Cl,Br,I]c1c([$([NX3](=[OX1])=[OX1]),$([NX3+](=[OX1])[O-])])cc([$([NX3](=[OX1])=[OX1]),$([NX3+](=[OX1])[O-])])cc1),$([F,Cl,Br,I]c1c([$([NX3](=[OX1])=[OX1]),$([NX3+](=[OX1])[O-]),$([CX2]#[NX1]),$(C(F)(F)F),$([Sv6X4](=[OX1])(=[OX1])[CH3])])cncc1),$([F,Cl,Br,I]c1ncc([$([NX3](=[OX1])=[OX1]),$([NX3+](=[OX1])[O-]),$([CX2]#[NX1]),$(C(F)(F)F),$([Sv6X4](=[OX1])(=[OX1])[CH3])])cc1),$([F,Cl,Br,I]c1ncccc1([$([NX3](=[OX1])=[OX1]),$([NX3+](=[OX1])[O-]),$([CX2]#[NX1]),$(C(F)(F)F),$([Sv6X4](=[OX1])(=[OX1])[CH3])])),$([F,Cl,Br,I]c1ncncc1),$([F,Cl,Br,I]c1ncncn1)]",activated aryl halides including appropriate heterocyclic rings
"[Br,Cl,F,I][CX3;!H0,!$(*[OH1]),!$(*[SH1])]=[OX1]",acid halides
[NX3H1]1[CX4][CX4][CX3]1(=[OX1]),ring strained amides
"[$([NX3][CX4][NX3]),$([CX3](=[OX1])[NX3][CH2][OH1]),$([CX4]([$([NX3](=[OX1])=[OX1]),$([NX3+](=[OX1])[O-])])([$([NX3](=[OX1])=[OX1]),$([NX3+](=[OX1])[O-]),F,Cl,Br,I,$([CX2]#[NX1]),$([CX4]([F,Cl])([F,Cl])[F,Cl]),$([CX3;!H0,$([CX3][F,Cl,Br,I])]=[OX1])])[CH2][OH1])]",formaldehyde generators
"[$([CX3;!H0,$([CX3][#6;!$(C=C);!$(C#C)])]([H])(=[OX1])),$([CX4;H1]([OX2])[OX2])]",aldehydes and precursors
"[$([#6X3]1=,:[#6X3]-,:[#6X3](=[OX1])[#6X3]=,:[#6X3]-,:[#6X3]1(=[OX1])),$([#6X3]1(=[OX1])-,:[#6X3](=[OX1])-,:[#6X3]=,:[#6X3]-,:[#6X3]=,:[#6X3]1)]",quinones
"[CX3]=[CX3][CX3](=[OX1])[$([OX2]([CX3]=[OX1])[!#1]),$([#1][CX3]=[OX1]),$([NX3H2]([CX3]=[OX1])),$([NX3]([CX3]=[OX1])),$([CX4][CX3]=[OX1])]","α, β-unsaturated carbonyls"
[OH1]c1ccc([OH1])cc1,hydroquinones
[OH1]c1c([OH1])cccc1,catechols
[OH1]c1cc([OH1])ccc1,resorcinols
[OH1]c1ccc([OX2][CX4])cc1,o-alkyl hydroquinones precursors
[OH1]c1cc([OX2][CX4])ccc1,o-alkyl resorcinols precursors
[OH1]c1c([OX2][CX4])cccc1,o-alkyl catechols precursors
"[CX3](=[OX1])[CX4;!H0!H1,$([!H0][CX4]),$(*([CX4])([CX4]))][CX3](=[OX1])","1,3-diketones"
[#16X2H1],thiols
*[#16X2][#16X2]*,disulfides
"[$(c1([OH1])c([OH1])cccc1),$(c1([OH1])cc([OH1])ccc1),$(c1([OH1])ccc([OH1])cc1),$(c1([OH1])c([OH1])c([OH1])ccc1),$(c1([OH1])c([OH1])cc([OH1])cc1),$(c1([OH1])cc([OH1])cc([OH1])c1),$(c1([OH1])c([OH1])c([OH1])c([OH1])cc1),$(c1([OH1])c([OH1])c([OH1])cc([OH1])c1),$(c1([OH1])c([OH1])cc([OH1])c([OH1])c1),$(c1([OH1])c([OH1])c([OH1])c([OH1])c([OH1])c1),$(c1([OH1])c([OH1])c([OH1])c([OH1])c([OH1])c1([OH1]))]",di- or polyhydroxy aromatic compounds and their precursors
[A][CX3](=[OX1])[OX2][OX2][CX3](=[OX1])[A],diacyl peroxides
[a!r0][CX3](=[OX1])[OX2][OX2][CX3](=[OX1])[a!r0],diaryl peroxides
[a!r0][CX3](=[OX1])[OX2][OX2][CX3](=[OX1])[A],arylacyl peroxides
"[#6][CX3](=[OX1])[NX3]([F,Cl,Br,I])[#6]",haloamides
[#6][OX2][OX2][OH1],hydroperoxides and precursors
[OH1]aa[OH1],"1,2-dihydroxy aromatic compounds"
[OH1]aaaa[OH1],"1,4-dihydroxy aromatic compounds"
"[$(c1c([OX2][CX4])c([OH1])ccc1),$(c1c([OX2][CX4])ccc([OH1])c1)]",2 or 4-hydroxysubstituted alkylphenyl ether
"[a!r0][$([NX3H2]),$([NX3H1][#6])]",aromatic amines
"[$([a!r0][NH1][CX3](=[OX1])),$(c1c([NX2]=[NX2][a!r0])ccc([$([NX3]([CX4])([CX4])),$([NX3H1][CX4]),$([NH2]),$([OH1])])c1)]",aromatic amines precursors
"[CX4,a!r0][Sv6X4](=[OX1])(=[OX1])[F,Cl,Br,I]",alkyl or aryl sylfonyl halides
"c1c([Sv6X4](=[OX1])(=[OX1])[NX3;!H0!H1,$([NX3;!H0][$([CX4]),$([a!r0])])])ccc([NX3H2])c1",sulfonamides
[NX2]=[CX2]=[SX1],isothiocyanates
[SX2][CX3](=[SX1])[NX3],dithiocarbamates
"[#6&!$([CX3]=[OX1,SX1,NX2])][NX3H1][NX3H2,$([NX3H1][#6&!$([CX3]=[OX1,SX1,NX2])])]",hydrazines
"[$(c1([$([NX3](=[OX1])=[OX1]),$([NX3+](=[OX1])[O-])])c([$([NX3](=[OX1])=[OX1]),$([NX3+](=[OX1])[O-])])c([$([NX3](=[OX1])=[OX1]),$([NX3+](=[OX1])[O-])])ccc1),$(c1([$([NX3](=[OX1])=[OX1]),$([NX3+](=[OX1])[O-])])c([$([NX3](=[OX1])=[OX1]),$([NX3+](=[OX1])[O-])])cc([$([NX3](=[OX1])=[OX1]),$([NX3+](=[OX1])[O-])])cc1),$(c1([$([NX3](=[OX1])=[OX1]),$([NX3+](=[OX1])[O-])])cc([$([NX3](=[OX1])=[OX1]),$([NX3+](=[OX1])[O-])])cc([$([NX3](=[OX1])=[OX1]),$([NX3+](=[OX1])[O-])])c1)]",trinitroaromaric compounds
"[$(c1([F,Cl,Br,I,$(N(=O)=O)])ncc([F,Cl,Br,I,$(N(=O)=O),$(C#N),$(C=O),$(C(F)(F)F),$(S=O)])cc1),$(c1([F,Cl,Br,I,$(N(=O)=O)])ncccc1([F,Cl,Br,I,$(N(=O)=O),$(C#N),$(C=O),$(C(F)(F)F),$(S=O)]))]",activated halo- or nitropyridines
"c1([F,Cl,Br,I,$(N(=O)=O)])ncccn1",2-halo- or 2-nitropyrimidines
"c1([F,Cl,Br,I,$(N(=O)=O)])ncncc1",4-halo- or 4-nitropyrimidines
"c1([F,Cl,Br,I,$(N(=O)=O)])ncc([F,Cl,Br,I,$(N(=O)=O),$(C#N),$(C=O),$(C(F)(F)F),$(S=O)])nc1",activated 2-halo- or 2-nitropyrazines
"c1nc([F,Cl,Br,I,$(N(=O)=O)])ncn1",halo- or nitro s-triazines
"[CH2]=[OX1,SX1]",formaldehyde and thioformaldehyde
"[CX4][CX3H1]=[OX1,SX1]",aliphatic aldehydes and thioaldehydes
[a][CX3H1]=[OX1],aromatic aldehydes
"C(C)(C)=CC=[OX1,SX1]","α, β-unsaturated carbonyl and thiocarbonyl compounds"
"[C;!r5]([C;!r5])=[C;!r5][C;!r5](C)=[OX1,SX1;!r5]","α, β-unsaturated ketones and thioketones"
"[#6]C(=[OX1,SX1])C(=[OX1,SX1])[#6]",α-diketones and α-dithiones
"[#6]C(=[OX1,SX1])[CX4]C(=[OX1,SX1])[#6]","[#6]c(=[ox1,sx1])[cx4]c(=[ox1,sx1])[#6]"
"[#6][$([NX2]=O),$(N=C=O),$(OC#N),$(SC#N),$(N=C=S)]","c-nitroso compounds,  iso(thio)cyanates, (thio)cyanate esters"
[CH2][NH2],primary alkyl amines
[CH2][NX3]([CH3])[CH3],tertiary alkyl amines
"[$(CC(C)=[CH][CH2][OH]),$(CC=C(C)[CH2][OH])]","α, β-unsaturated alkoxy"
"[CH,CH2,CH3;!$([CH2]CC=[O,S])]([F,Cl,Br,I,$(O[S;!H0,$(S[#6])](=O)(=O)),$(O[S;!H0,$(S[#6])](=O)(=O)O)])[#6]1[O,N,SX2][#6]1",three-membered heterocycles derivatives
"C1C(=[O,S])[O,S][CH2,CH]1",lactones and their thio analogues
"[$(C=C),$(C#C),a][CH2,CH][O,S][$([CH]=O),$([CH]=S),$(C(C)=O),$(C(C)=S)]",esters of aromatic and unsaturated alcohols and their thio analogues
"[$(C=C),$(C#C),a][CH2,CH][O,S][a]",aryloxy (arylthio) containing unsaturated compounds
"[CH2,CH3][NX3][NX2]=[O,S]",aliphatic n-(thio)nitroso compounds
c1ccc2cc3ccccc3cc2c1,anthracene and anthracene-containing compounds
c1ccc2c(c1)ccc3ccccc23,phenanthrene and phenanthrene-containing compounds
"[CH2,CH]=[CH][$(N(=[OX1])=[OX1]),$(C=O),$(C#N),$(S=O),$(C(=O)N),$(a)]",activated alkene (michael acceptor) (1)
"[CH2]=C[$(N(=[OX1])=[OX1]),$(C=O),$(C#N),$(S=O),$(C(=O)N),$(a)]",activated alkene (michael acceptor) (2)
"aC=C[$(N(=[OX1])=[OX1]),$(C=O),$(C#N),$(S=O),$(C(=O)N),$(a)]",activated alkene (michael acceptor)
"C#C[$(N(=[OX1])=[OX1]),$(C=O),$(C#N),$(S=O),$(C(=O)N),$(a)]",activated alkine
"[CH2,CH]=[CH]C=C[$(N(=[OX1])=[OX1]),$(C=O),$(C#N),$(S=O),$(C(=O)N),$(a)]",activated conjugated dienes
"C=C([F,Cl,Br,I])[F,Cl,Br,I]",alkenes containing a gem-dihalo-substituted terminal double bond
"c1c([O,NH2,NH])c([O,NH2,NH])ccc1",ortho-disubstituted benzenes
"c1c(=[O,NH2,NH])ccc(=[O,NH2,NH])c1",para-disubstituted benzenes
"[#6]1=,:[#6]C(=[OX1,SX1])N[SX2]1","isothiazolinone, isothiazolinthione and their derivatives"
"[!$(C=C);!$(C#C)]C(=[O,SX1])[F,Cl,Br,I]",acyl and thioacyl halides
"[!$(C=C);!$(C#C)]C(=N)[F,Cl,Br,I]",imidoyl halides
"[!$(C=C);!$(C#C)]C(=[O,SX1,N])[O,S,N][a]",esters of aromatic alcohols and their thio and aza analogues
"[!$(C=C);!$(C#C)]C(=[O,SX1,N])[O,S,N]C(=[O,SX1,N])",acid anhydrides and their thio and aza analogues
"[!$(C=C);!$(C#C)]C(=[O,S,N])[O,S][$(C=C),$(C=N),$(C#C),$(C#N)]",esters of unsaturated alcohols and their thio and aza analogues
"[#6]1C(=[O,S])[O,N,S][#6]1","β-lactones, β-lactams and their thio analogues"
"[C,N,O,S,a]c1[n,o,s]c2ccccc2[n,o,s]1",benzo-fused five-membered heterocycles
"[#6]1[#6](=[N,O,S])[#7,#8,#16][#6][#7,#8,#16]1",(thio)carbonyl and imine derivatives of five-membered heterocycles
"[C,O]=[#6]1[#7,#8,#16][#6](=[O,N,SX1])c2ccccc12",phthalic anhydrides and their thio and aza analogues
"[!$(C=C);!$(C#C)]C(=[O,SX1,N])[O,S,N][CX4,O,S][$(C=O),a,$(C=C),$(C#C),$(C=N),$(C#N)]",acylating agents
"C1=[C,N][$(S(=O)(=O)),$(C=[N,O]),$(S=O)][C,N]=C1c2ccccc2",heteryl-substituted benzenes
"[CH2,CH]=C1C(=[OX1,SX1])**C1",cyclopentanone and cyclopentathione derivatives
"c1c([OH,NH2,NH])c([OH,NH2,NH,$(N=N),$(N(C)C)])ccc1","ortho-substituted phenols, primary and secondary amines"
"c1c([OH,NH2,NH])ccc([OH,NH2,NH,$(N=N),$(N(C)C)])c1","para-substituted phenols, primary and secondary amines"
"c1c([OH,NH2,NH])cc([OH,NH2,NH,$(N(C)C)])cc1","meta-substituted phenols, primary and secondary amines"
c1([OH])c(O[CH3])cccc1,ortho-hydroxysubstituted methyl phenyl ether
c1([OH])ccc(O[CH3])cc1,para-hydroxysubstituted methyl phenyl ether
c1c([OH])ccc(C=C[CH3])c1,para-hydroxysubstituted iso-allyl benzene
"C([F,Cl,Br,I])[CH2,CH][a]",haloethyl-substituted aromatic compounds
c1([OH])ccc([CH2][CH]=[CH2])cc1,para-hydroxysubstituted allylbenzene
c1(O[CH3])ccc([CH2][CH]=[CH2])cc1,para-methoxysubstituted allylbenzene
[OH]c1cccc2ccccc12,α-naphthols
"F[CH2,CH]C(F)[$(N(=[OX1])=[OX1]),$(C=O),$(C#N),$(S=O),$(C(=O)N),$(a)]",vic-difluoroalkyl group
"Cl[CH2,CH]C(Cl)[$(N(=[OX1])=[OX1]),$(C=O),$(C#N),$(S=O),$(C(=O)N),$(a)]",vic-dichloroalkyl group
"Br[CH2,CH]C(Br)[$(N(=[OX1])=[OX1]),$(C=O),$(C#N),$(S=O),$(C(=O)N),$(a)]",vic-dibromoalkyl group
"I[CH2,CH]C(I)[$(N(=[OX1])=[OX1]),$(C=O),$(C#N),$(S=O),$(C(=O)N),$(a)]",vic-diiodoalkyl group
"s1ccnc1[$([NX3H2&!R]),$([NX3H1&!R][c,C]),$([NX3&!R]([c,C])[c,C])]",1 2 aminothiazole
"[$([CD3&!R][#6,#8,#7,F,Cl,I,Br]),$([CD3&!R][#1]),$([CD2&!R])](=[OD1&!R])[$([CD3&!R][#6,#8,#7,F,Cl,Br,I]),$([CD3&!R][#1]),$([CD2&!R])]=[OD1&!R]",1 2 dicarbonyl oxalyl
S1[NX3H1]C(=[OX1])C=C1,1 2 thiazol 3 one
Nn1nnc2ccccc12,1 aminobenzotriazole
c2ccc3nc(c4ccccc4)[nX3H1]c3c2,2 phenylbenzimidazole
CCN1C2=C(C=C(C=C2)N)C3=CC=CC=C31,3 amino 9 ethylcarbazoles
C1=C([CX4H3])c2ccccc2[NX3H1]1,3 methylindole
[a]C1=CCN([A])CC1,4 subst n alkyltetrahydropyridines
c1cnccc1[CX3&!R]=[CX3&!R],4 vinyl pyridine
"[SD2]1[#7,#6]=CC(=[OX1&!R])C=[#7,#6]1",6 membered aromatic sulfur
c1cccc2c([NX3&!RH2])c3ccccc3nc12,9 aminoacridine
C1([SX2&!R][#6&!R])=NCCS1,acetal 1 in ring
C1(=[NX2&!R][CX2&!R]#[NX1&!R])SCCS1,acetal both in ring
"[C;!H0,$(C[#6])]#CC",acetylene alkyne
"[$([NX3H2&!R]),$([NX3H1&!R][c,C]),$([NX3&!R]([c,C])[c,C])][CX3&!R](=[OX1])[CX3&!R]=[$([CX3H2&!R]),$([CX3H1&!R][c,C]),$([CX3H0&!R]([c,C])[c,C])]",acrylamide
"[#6][OX2&!R][$([CX4&!RH2]),$([CX4&!RH1][#6]),$([CX4&!R]([#6])[#6])][OX2&!R][#6]",acyclic acetal
"*[CD3&!R]([F,Cl,I,Br])=[OX1]",acyclic acid halide acyl halide
[#6][CX2&!R]#[CX2&!R][#6],acyclic alkyne
[#6&!R][CD3&!R](=[OD1&!R])[#6&!R],acyclic ketone
"[C,c][C;!R](=O)[N;!R][C;!R](=O)[C,c]",acyl amide
[NX1]#[CX2&!R][CX3&!R](=[OX1])[#6],acyl cyanides
[#6]=[NX2][NX3][CX3]=[OX1],acyl hydrazone cyclic
n1coc(=[OX1])cc1,acyl isoamide aromatic
C1C2CC3CC1CC(C2)C3,adamantane
[*][CX3&!RH1]=[OD1],aldehyde
"[CX4&!R][Br,I,Cl]",alkyl halide nof
"[#6][#6]#[#6;!H0,$([#6][#6])]",alkynes
"[F,Cl,I,Br][#7]",alpha haloamines
"[#6][CD3&!c](=[OD1])[CX4&!c][Cl,Br,I,F]",alphahalo ketone carbonyl
[OX1]=[CD3]([*])[OD2][CD3](=[OX1])[*],anhydride
a1aa2aa3aaaaa3aa2aa1,anthracene
c[CX3](=O)[NX3H1][OX2H1],arylhydroxamic acid
"[$(N#[N+]-[N-]),$([N-]=[N+]=N)]",azide
"N1[$([CX4H2]),$([CX4H1][#6&!R]),$([CX4]([#6&!R])[#6&!R])][$([CX4H2]),$([CX4H1][#6&!R]),$([CX4]([#6&!R])[#6&!R])]1",aziridine
[#6][NX2]=[NX2][#6],azo
[N;R0]=[N;R0]C#N,azocyanamide
[CX4H2]1Oc2ccccc2O1,benzodioxolane
"[OD1&!R]=[$([CD3&!R]);!$([CD3&!R][#8])]CC([F,Br,I,Cl])",beta heterosubstituted carbonyl
[OX1&!R]=C1CCN1C,betalactams
"[NX3&!R][CX3&!R](=[OX1,SX1])[OX2&!R,#16&!R][#6]",carbamate thiocarbamate
"[$([NX4+]),$([ND1&!R]),$([NX3&!H2]),$([NX3&!RH1][#6]),$([NX3&!R]([#6])[#6])][CD3&!R](=[OD1&!R])[OX2&!RH1,OX1-]",carbamic acid
O=*N=[N+]=[N-],carbazide
[#6][NX2]=C=[NX2][#6],carbodiimide
[OH]c1c([OH])cccc1,catechol
[Cl]C([C&R0])=N,chloramidine
[OX1&!R]=c1ccc2ccccc2o1,coumarines
"C[#8,#7,#16]CC[#8,#7,#16]CC[#8,#7,#16]C",crown 2 2
"C[#8,#7,#16]CCC[#8,#7,#16]CC[#8,#7,#16]C",crown 2 3
"C[#8,#7,#16]CCC[#8,#7,#16]CCC[#8,#7,#16]C",crown 3 3
[ND1&!R]#[CD2&!R][CX4&!R][OD2H1],cyanohydrins
P(OC)(OC)(=O)C#N,cyanophosphonate
C1CC1[NX3&!R],cyclopropylamine
"[c,C][N+&!R]#[N&!R]",diazonium
Cc1c2[nH]c3ccccc3c2c(C)c2cnccc12,ellipticine
[CX3]=[CX3&!R][NX3&!R],enamine
[OX2r3]1[#6r3][#6r3]1,epoxide
c12c(cccc1)c1c([CX4H1]2CO[CX3H0](=[OX1]))cccc1,fmoc
[CX3H1&!R](=[OX1])[OX2&!R][#6],formic acid esters
c1ccco1,furan
[OX1&!R]=c1ccc2cc3ccoc3cc2o1,furocoumarines
"[Br,F,I,Cl][$([CX3&!R][#6]),$([CX3&!RH1])]=[$([CX3&!R]([#6])[#6]),$([CX3&!RH1][#6]),$([CX3&!RH2])]",halo alkene
"[CX4&!R][$([NX3&!RH1]),$([NX3&!R][#6])][Br,F,I,Cl]",halo amine
"c1cnc([F,Cl,Br,I])nc1",halopyrimidine
"[OX2&!RH1][$([CX4&!RH2]),$([CX4&!RH1][#6]),$([CX4&!R]([#6])[#6])][$([NX3&!RH2]),$([NX3&!RH1][#6]),$([NX3&!R]([#6])[#6])]",hemiaminal
"[OX2&!RH1][$([CX4&!RH2]),$([CX4&!RH1][#6]),$([CX4&!R]([#6])[#6])][$([OX2&!RH1]),$([OX2&!R][#6])]",hemiketal
"[$([#6][NH1;!R]-[NH1;!R][#6]),$([#6][NH1;!R]-[N;!R]([#6])[#6]),$([#6][N;!R]([#6])-[N;!R]([#6])[#6])]",heteroatom heteroatom n n
"[$([#6][NH1;!R]-[SD2;!R][#6]),$([#6][N;!R]([#6])-[SD2;!R][#6])]",heteroatom heteroatom n s
"[$([#6][#8;!R][NH1;!R][#6]),$([#6][#8;!R][N;!R]([#6])[#6])]",heteroatom heteroatom o n
[#6][SD2;!R]-[#8;!R][#6],heteroatom heteroatom s o
[#6][SD2;!R][SD2;!R][#6],heteroatom heteroatom s s
[NX3H2&!R]c1ccccc1,high risk aniline
[OX1]=C1[NX3H1]C(=[OX1])CN1,hydantoin
n1ncc2ccccc2c1([NX3&!RH1][NX3&!RH2]),hydralazine
[NX3&!R][NX3&!R][#6X3](=[OX1])[#6],hydrazide
[#6][NX3&!RH1][NX3&!RH2],hydrazine
[CX3&!R]=[NX2&!R][NX3&!R],hydrazone
"[CX3&!R;$([H0][#6])](=[OD1])[#7X3;$([H1])][OX2&!RH1,OX1-]",hydroxamic acid
"[c,C;!$([#6]=[#8])][$([NX3&!RH1]),$([NX3&!R][#6])][OX2&!RH1]",hydroxylamine
[#6]n1cncc1,imidazole
"[C,c][C;!R](=O)[N;!R][C;!R](=O)[C,c]",imide
"[$([CX3&!RH1]),$([CX3&!RH0][#6])](=[NX2&!R])[F,Br,I,Cl]",imidoyl halide
[CX3]=[NX2!R],imine
[OD1&!R]=[CD2&!R]=[ND2&!R][#6],isocyanate
[#6][#7+]#[#6-],isocyanide isonitrile
[SD1&!R]=[CD2&!R]=[ND2&!R][#6],isothiocyanate
[#6]P1(=S)SP(S1)(=S)[#6],lawesson reagent derivative
C1=CC(=[OX1])NC1=[OX1],maleimide
"[$([n]),$([#7H1]),$([#7H0;!$([NX3]=[O])])]c1ccccc1",masked aniline
c1([NX3&!R])cc([OX2&!RH1])ccc1,meta aminophenol
"[#6]=[#6][$([#6]=[OX1&!R]),$([#6][#7&!R]),$([#6][#16!R])]",michael acceptors double
"[#6]#[#6][$([#6]=[OX1&!R]),$([#6][#7&!R]),$([#6][#16!R])]",michael acceptors triple
[Cl]CCSCC[Cl],mustard gas
[#6][CX3&!R]([r5])=[OX1],n acylated azoles
C[N+]1(CCN(CC1)C2=C3C=CC=CC3=NC4=C(N2)C=C(C=C4)Cl)[O-],n oxide
"[$([NX3][NX3&!R](=O)=O),$([NX3][NX3+&!R](=O)[O-]),$([NX3][NX3+&!R]([O-])[O-])][!#8]",nitramine
[ND1&!R]#[CD2!R][#6],nitrile
"[$([NX3&!R](=O)=O),$([NX3+&!R](=O)[O-]),$([NX3+&!R]([O-])[O-])]",nitro
"c1ccccc1[$([NX3&!R](=O)=O),$([NX3+&!R](=O)[O-]),$([NX3+&!R]([O-])[O-])]",nitrobenzene
"[OD1&!R]=[$([ND2&!R][#6]),$([ND2&!R][NX3])]",nitroso
[#6][OX2&!R][CX3&!R](=[SX1])[NX3&!R][#6],o thiocarbamate
c1([NX3&!R])c([OX2&!RH1])cccc1,ortho aminophenol
"c1cccc([OX2&!RH1])c1[$([NX3&!RH2]),$([NX3&!RH1][#6]),$([NX3&!R]([#6])[#6])]",ortho hydroxyanilines
"[#6][CX3&!R](=[OX1])[OX2&!R]c1ccc([$([NX3&!R](=O)=O),$([NX3+&!R](=O)[O-]),$([NX3+&!R]([O-])[O-])])cc1",orthonitrophenyl ester
[OD1&!R]=C1C(=[OD1&!R])C=CC=C1,orthoquinone
[CX3]=[NX2][OX2H1],oxime
[O+],oxonium
c1([NX3&!R])ccc([OX2&!RH1])cc1,para aminophenol
[OH]c1ccc([OH])cc1,para hydroquinone
"c1cc([OX2&!RH1])ccc1[$([NX3&!RH2]),$([NX3&!RH1][#6]),$([NX3&!R]([#6])[#6])]",para hydroxyanilines
[OH]c1ccc(c2ccc([OH])cc2)cc1,para para dihydroxybiphenyl
[OH]c1ccc([#6&!R]=[#6&!R]c2ccc([OH])cc2)cc1,para para dihydroxystilbene
"C(=O)(C)Oc1ccc([$([NX3&!R](=O)=O),$([NX3+&!R](=O)[O-]),$([NX3+&!R]([O-])[O-])])cc1",paranitrophenyl ester
C(=O)(C)Oc1c(F)c(F)c(F)c(F)c1(F),pentafluorophen ester
"[#6][CD3&!R](=[OD1&!R])[CD4&!R]([F,Br,I,Cl])([F,Br,I,Cl])[F,Br,I,Cl]",perhaloketone
[#6][#8][#8][#6],peroxide
c1cccc2c1c3c(cc2)cccc3,phenanthrene het
[OX2H]c1ccccc1,phenol
C=P,phosphorane
"[OX2&!R;!H0,$([OX2&!R][#6])][PX4&!R](=[OX1])([OX2&!R;!H0,$([OX2&!R][#6])])[OX2&!R;!H0,$([OX2&!R][#6])]",phosphoric acid or ester
"[#6]=[CX3&!R][CX3&!R]=[$([CX3&!R][#6&!R]),$([CX3&!RH2])]",polyenes
[OX1&!R]=C1OCC1,propiolactone
[OX1&!R]=[SX4]1(=[OX1&!R])OCCC1,propiosultone
c1ccnc1,pyrrole
"O=[#6]1[#6]:,=[#6][#6](=O)[#6]:,=[#6]1",quinone
[#6][SX2&!R][CX3&!R](=[OX1])[NX3&!R][#6],s thiocarbamate
"[#6][OD2&!R][S!H0,$(S[#6])](=[OX1])=[OX1]",sulfonate ester
"[$([#16X4&!R](=[OX1])(=[OX1])([#6])[#6]),$([#16X4+2&!R]([OX1-])([OX1-])([#6])[#6])]",sulfone
"[#6][SX4&!R](=[OX1])(=[OX1])[$([OX2H]),$([OX1-])]",sulfonic acid
"[#6][SX4&!R](=[OX1])(=[OX1])[$([OX2&!R;!H0,$([OX2&!R][#6])]),$([OX1-])]",sulfonic acid ester
[SX3+],sulfonium
"[#6][SD4&!R,SD4+2&!R](=[OD1&!R])(=[OD1&!R])[CD2&!R]#[NX1]",sulfonyl cyanide
"[#6][#16]([F,Cl,I,Br])(=[#8])=[#8]",sulfonyl halide
[NX3H1][CX3](=[OX1])[NX3H1][SX4](=[OX1])=[OX1],sulfonyl urea
"[$([#16X3](=[OX1])([#6])[#6]),$([#16X3+]([OX1-])([#6])[#6])]",sulfoxide
[#6][NX3H1][SX2H1],sulphanylamino
[CX3H1&!R]=[CX3H2&!R],terminal vinyl
s1ccnc1,thiazole
S1C(=[OX1])[NX3H1]C(=[OX1])C1,thiazolidinedione
[#6][CX4&!R]([#16&!R][#6])[#16&!R][#6],thioacetal
[#6][CX3&!R](=[SX1&!R])[NX3]([#6])[#6],thioamide
"[C,c]=[SX1&!RH0]",thiocarbonyl aromatic
"[OX1&!R]=[c,C][SX2]",thioester
"[$([CX3]([OX2H1])=S),$([CX3]([SX2H1])=O),$([CX3]([SX2H1])=S)]",thioic acid
[SD1&!R]=[#6],thioketone
[#6][SX2H1&!R],thiol
s1cccc1,thiophene
"[$([NX3&!RH2]),$([NX3&!RH1][#6]),$([NX3&!R]([#6])[#6])][CX3&!R](=[SX1&!R])[$([NX3&!RH2]),$([NX3&!RH1][#6]),$([NX3&!R]([#6])[#6])]",thiourea
CN1C2=NC(=O)N(C(=O)C2=NC=N1)C,toxoflavins
C(=O)N(C(=O))OC(=O),triacyloxime
[NX3&!R][NX2&!R]=[NX2&!R],triazenes
"[$([ND1&!R]),$([NX3&!RH2]),$([NX3&!RH1][#6])][ND2&!R]=[$([ND1&!R]),$([NX2&!R][#6]),$([NX2&!RH1])]",triazine
[#6]n1cncn1,triazole
OS(=O)(=O)C(F)(F)F,triflate
c1ccccc1[CX4&!R](c1ccccc1)c1ccccc1,triphenyl
N#CCC#N,1 1 di cyano
[!#6]=[*]1-[!#6]*[!#6]1,1 3 diazetidine 2 one
C1(C)(C)SC(C(=O)O)=C(C(=O)O)S1,2 2 dimethyl 4 5 dicarboxy dithiole
O=C-N-c1scc(-c)c1-C(=O)-O,2 amino 3 carbonyl 2 thiopene
[NH2]-c1sccc1-C=O,2 aminothiophene 3 carbaldehyde
[#7]-N=!@C-c1ccccc1-[OH],2 hydroxy phenyl hydrazone
"[O]~N([c;R1]1[c;H1;R1][c;H1][c;R1][n,o]1)~[O]",2 nitro furans and pyrroles
O=C1-[#6]~[#6]-C(=O)N1-O-c2naaaa2,2 pyridyl n hydroxy imide
C1[C!r3!r4!r5!r6!r7!r8](=O)-NC[C!r3!r4!r5!r6!r7!r8](=O)NC[C!r3!r4!r5!r6!r7!r8](=O)N1,3 alpha peptide cycle
[N;!R]-[N;!R]-[N;!R],3 consecutive aliphatic nitrogen
[N;!$(N-S(=O)(=O));!$(N-C=O)]-[N;!r3;!$(N-S(=O)(=O));!$(N-C=O)]-[N;!$(N-S(=O)(=O));!$(N-C=O)],3 consecutive aliphatic nitrogen subst
"[#7;R1]1[#6]([$(S(=O)(=O)),$(C(F)(F)(F)),$(C#N),$(N(=O)(=O)),$([N+](=O)[O-]),$(C=O)])[#6]([F,Cl,Br,I])[#6][#6][#7]1",3 halo pyridazine 2 ewg
"[#7;R1]1[#6][#6]([F,Cl,Br,I])[#6]([$(S(=O)(=O)),$(C(F)(F)(F)),$(C#N),$(N(=O)(=O)),$([N+](=O)[O-]),$(C=O)])[#6][#7]1",3 halo pyridazine 4 ewg
"*1:,=*~*~1",3 ring unsaturated
[!#6]1~[!#6]~*~1,3 ring with 2 heteroatoms
[#7]-N=!@C-c1ccc(-[OH])cc1,4 hydroxy phenyl hydrazone
"[#6]-C(=O)!@-[n;$(n1naaa1),$(n1anaa1)]1[n,c;!$(a=!@A)][n,c;!$(a=!@A)][n,c;!$(a=!@A)][n,c;!$(a=!@A)]1",5 ring acyl
c1(-c2ccccc2)c3ccccc3c(-c4ccccc4)c5ccccc51,9 10 diphenyl anthracene
"[O,S&v2,N]-!@[#6;$(C=O),X4]-!@[O,S&v2,N]",acetal aminal acyclic
"[O,N]-!@[C;X4;!$(CC(-[OH])C(-[OH])C-[OH])]-@[O,N]",acetal aminal cyclic
C(=O)!@N!@C(=O)[#7],acetyl urea
"O=[C,P!$(P(~O)(~O)(~O)O),N,S]!@O!@[C,P,N,S]=O",acid anhydride acyclic
"O=[#6,P!$(P(~O)(~O)(~O)O),#7,#16]@[#8]@[#6,#15,#7,#16]=O",acid anhydride cyclic
"[#6]C(=O)!@OC(=!@[N,O])[#6]",acid anhydrides 2
"[C,S,P](=O)[OH].[C,S,P](=O)[OH].[C,S,P](=O)[OH].[C,S,P](=O)[OH]",acid count 3
"[#6]1~[$(C(=O)),$(S(=O))]~[O,S,N]~[$(C(=O)),$(S(=O))]1",activated 4membered ring
"C1~[O,S]~[C,N,O,S]1[a,N,O,S]",activated s or o in 3 ring
C=[C!r]O,acyclic enolate
"N#C[C;R0;X4]O[!$(O=[C,S])] ",acyclic cyanohydrin
[O-]-[C;R0]=[C;R0] ,acyclic enolate
N-!@[CX4]-!@N,acyclic n-c-n
[N;R0](~N)~O ,acyclic nitroamino
O=CC#N,acyl cyanide
[*;R]=[*;R]=[*;R],adjacent ring double bonds
"[#6;X4;!$([C;H](O)-[C;H](O)-[C;H](O))]-[C;H1]=[O,S]",aldehyde aliphatic
"[#6;X3,X2]-[#6;H1]=[#8,#16&v2]",aldehyde aromatic
"[C;H1&$([#6]-[#6]),H2]=!@N-[*;!#7;!#8]",aldimin acyclic
[C;R0;X4]!@[CH]!@[CH]!@[CH]!@[CH]!@[CH]!@[CH]!@[CH]!@[CH]!@[CH]!@[CH] ,alkyl chain ch2 count 10
C=C=C,allene
"[#8,#7&v3,#16&v2]-[CH2]-[CH]=[CH2]",allyl terminal
"Cl[C;H2]C([H,NH2,OCH3])=[NH,O]",alpha chloro amides esters amidines
O=C(N)[C;X3]C#N,alpha cyano acrylamides
"[F,Cl,Br,I,$(O(S(=O)(=O)))]-[CH,CH2;!$(C(F)(F))]-[N,n]",alpha halo amine
"[$(C(F)(F)(F)),$(C#N),$(N(=O)(=O)),$([N+](=O)[O-])]-[CH,CH2]-[Cl,Br,I,$(O(S(=O)(=O)))]",alpha halo ewg
"[N,n,O,S;!$(S(=O)(=O))]-[CH,CH2;!$(C(F)(F))][F,Cl,Br,I,$(O(S(=O)(=O)))]",alpha halo heteroatom
C[C!r3!r4!r5!r6!r7!r8!r9](=O)-NC[C!r3!r4!r5!r6!r7!r8!r9](=O)NC[C!r3!r4!r5!r6!r7!r8!r9](=O)NC,alpha peptide
[#6]-[NH]-!@[C;$(C-[#6])]=O,amide acyclic count 2
N=C(-[#6])N,amidines
[NH2][CX4]C(=O)O,amino acid
c:1:c:2:c(:c:c:c:1):n:c:3:c(:c:2-[#7]):c:c:c:c:3,amino acridine
"N-!@C(CC1-!@N)C(-!@OC2OCCCC2)C(-!@O)C1-!@OC3CCC-,=CO3",amino glycoside streptamine
c1(N)ccc(C(=O)NC3(=O))c(c3ccc2)c21,amino naphtalimide
N-c1nc[cH]s1,aminothiazol
[#6](-[#6](-[#7])=[#6]1)=[#6]-[#16]1(=[#8])=[#8],aminothiophene dioxides
c:1:c:c-2:c(:c:c:1)-[#6]-3-[#6](-[#6]-[#7]-2)-[#6]-[#6]=[#6]-3,aniline alkyl ene
"c:1(:c(:c(:c(:c(:c:1-[#1])-[#1])-[$([#8]),$([#7]),$([#6](-[#1])-[#1])])-[#1])-[#1])-[#7](-[#1])-[#1]",aniline no alkyl
a1aa2aaa1-*-*-a3aaa(-*-*-2)aa3,ansa aromatics
c12ccccc1cc3ccccc3c2,anthracen
C14-c2c(cccc2)-C(-[#6]~[#6]-1)-c3c(cccc3)-4,anthracen diels alder adduct
"c:1:c:c:c:c(:c:1-[#7&!H0;!H1,!$([#7]-[#6]=[#8])])-[#6](-[#6]:[#6])=[#8]",anthranil one
"[#6]2=,:[#6]3-,:[#6]4=,:[#6](-,:[#6]=,:[#6]-,:[#6]=,:[#6]4)-,:[#6](=O)-,:[#6]4=,:[#6]3-,:[#6](=,:[#6]-,:[#6]=,:[#6]4)[#7]-,:[#6]2=O",anthrones
"c-[C]#C-[c;$(c1n[a;!$(a=*)][a;!$(a=*)][a;!$(a=*)]n1),$(c1n[a;!$(a=*)]n[a;!$(a=*)][a;!$(a=*)]1),$(c1nn[a;!$(a=*)][a;!$(a=*)][a;!$(a=*)]1),$(c1c(-[$([#6,#7,#15,#16]~[#8;X1]),$(C#N),$(C=N)])[a;!$(a=*)][a;!$(a=*)][a;!$(a=*)]n1),$(c1n[a;!$(a=*)]c(-[$([#6,#7,#15,#16]~[#8;X1]),$(C#N),$(C=N)])[a;!$(a=*)][a;!$(a=*)]1),$(c1c(-[$([#6,#7,#15,#16]~[#8;X1]),$(C#N),$(C=N)])[a;!$(a=*)]n[a;!$(a=*)][a;!$(a=*)]1)]",aromatc alkinyl hetero aromatic
c-O-[#6;!$([#5]=[!#6])],aromatic ether count 5
"[$(c1naa[o,s]1),$(c1naaaa1)]S(=O)(=O)[#6]",aryl sulfone activated
N=[N+]([O-])C,azanitrone
"[#7;X2;$([#7]=[#7;X2;+1]=[#7;X1;-1]),$([#7;-1]-[#7;X2;+1]#[#7;X1])]",azide
"[CH0](=O)[#7;X2;$([#7]=[#7;X2;+1]=[#7;X1;-1]),$([#7;-1]-[#7;X2;+1]#[#7;X1])]",azide acylated
"[CH2]1-[#7&v3&H1,#16&v2]-[C;X4]1",aziridine episulfide
N~1~*~*1,aziridine like n in 3 membered ring
[N;R0]=[N;R0]C#N,azocyanamides
"[N;!$(N(=[N,O,S,C]));!$(N(S(=O)(=O)));!$(N(C(F)(F)(F)));!$(N(C#N));!$(N(C(=O)));!$(N(C(=S)));!$(N(C(=N)));!$(N(#C));!$(N-c)].[N;!$(N(=[N,O,S,C]));!$(N(S(=O)(=O)));!$(N(C(F)(F)(F)));!$(N(C#N));!$(N(C(=O)));!$(N(C(=S)));!$(N(C(=N)));!$(N(#C));!$(N-c)].[N;!$(N(=[N,O,S,C]));!$(N(S(=O)(=O)));!$(N(C(F)(F)(F)));!$(N(C#N));!$(N(C(=O)));!$(N(C(=S)));!$(N(C(=N)));!$(N(#C));!$(N-c)].[N;!$(N(=[N,O,S,C]));!$(N(S(=O)(=O)));!$(N(C(F)(F)(F)));!$(N(C#N));!$(N(C(=O)));!$(N(C(=S)));!$(N(C(=N)));!$(N(#C));!$(N-c)]",basic amine count 4
[NH]=C([NH2])c ,benzamidine
[OH1]-C(-c1ccccc1)c2ccccc2,benzhydrol
[c](:[c]:[c](-[#6](=[#8])-[#7]-[#16]1):[c]1:[c]2):[c]2,benzisothiazolone
"N-S(=O)(=O)c1cccc2c1~[#7;X2]~[#8,#16&X2;$(a1nccn1),$(A1-N=cc=N1),$(S1=N-cc-N=1)]~[#7;X2]~2",benzofurazanes
"[#8;$([#8]=[#6]),$([#8]-[#6]=,:[#7])]~[#6]1~[#7]-,:[#16&X2]-,:c2ccccc12",benzoisothiazolone
[c]1:[c]:[c]:[c](:[s]:[c]2-[#7]-[#6]3-[#6]-[#6]-[#6](-[#6]-[#7])-[#6]-[#6]3):[c](:[c]1):[n]2,benzothiazol amine
C[C!r3!r4!r5!r6!r7!r8!r9](=O)-NCC[C!r3!r4!r5!r6!r7!r8!r9](=O)NC[C!r3!r4!r5!r6!r7!r8!r9](=O)NC,beta alpha mixed peptide 1
C[C!r3!r4!r5!r6!r7!r8!r9](=O)-NC[C!r3!r4!r5!r6!r7!r8!r9](=O)NCC[C!r3!r4!r5!r6!r7!r8!r9](=O)NC,beta alpha mixed peptide 2
"C(=O)C[N+,n+]",beta carbonyl quaternary nitrogen
"N1-C(=[O,S])-[#6]~[#6]-1",beta lactame
"[O,S&v2]=C1-[O,S&v2]-CC1",beta lactone
C[C!r3!r4!r5!r6!r7!r8!r9](=O)-NCC[C!r3!r4!r5!r6!r7!r8!r9](=O)NCC[C!r3!r4!r5!r6!r7!r8!r9](=O)NC,beta peptide
"C1(=O)~[#6]~[#6]N1([$(S(=O)(=O)[C,c,O&D2]),$(C(F)(F)(F)),$(C#N),$(N(=O)(=O)),$([N+](=O)[O-]),$(C(=O)[C,c,O&D2])])",betalactam ewg
[CH2]-[CH]1-[S&v2]-[CH2]-[CH]2-[NH]-C(=O)-[NH]-[CH]12,biotin
"O=[C,S]Oc1aaa([$(S(=O)(=O)),$(C(F)(F)(F)),$(C#N),$(N(=O)(=O)),$([N+](=O)[O-]),$(C(=O)O),$(C(=O)N)])aa([$(S(=O)(=O)),$(C(F)(F)(F)),$(C#N),$(N(=O)(=O)),$([N+](=O)[O-]),$(C(=O)O),$(C(=O)N)])1",bis activated aryl ester
"[nv3X2]c([c,s,n])[CX4][NX3]([H,C])[CX4]c([c,s,n])[nv3X2,nv3X3H1]",bis picolylamines
S(=O)(=O)-[N;R0]-S(=O)(=O),bis sulfonyl amide
[#6]-[#5](~[#8])~[#8],boronic acid
a1(a2aa(a3aaaaa3)aa(a4aaaaa4)a2)aaaaa1,branched polycyclic aromatic
[#6]=S,c s double bond count
"[#8,#7&v3,#16&v2]-[CH2]-[CH2]-[CH2]-[#8,#7&v3,#16&v2]",c3 linker simple count 3
[#6;-1;!$([#6;-1]~[*;+1])],carbanion
N=C=N,carbodiimides
"[O,S]=C-[F,Cl,Br,I]",carboxyclic acid halides
[#6]-C(=O)[OH],carboxylic acid count 3
"c(-[O,N,S;!$(N[C,S]=O);H1,H2;R0])1c(-[O,N,S;!$(N[C,S]=O);H1,H2;R0])cccc1",catechole
"[Cl,F,Br,I]C([Cl,F,Br,I])([Cl,F,Br,I])C([N,O,S])([N,O,S])C([Cl,F,Br,I])([Cl,F,Br,I])[Cl,F,Br,I]",cf2 cf3 acetal
[C;$(C(F)F)],cf2 cf3 count 3
[C;$(C(F)F)],cf2 cf3 count 5
"[CH]#C-[$([#6]=[#8,#16]),$([#7,#15,#16]=[#8]),$(C#N),$(C(F)(F)F)]",ch alkinyl ewg
"[CH]#C-[c;$(c1n[a;!$(a=*)][a;!$(a=*)][a;!$(a=*)]n1),$(c1n[a;!$(a=*)]n[a;!$(a=*)][a;!$(a=*)]1),$(c1nn[a;!$(a=*)][a;!$(a=*)][a;!$(a=*)]1),$(c1c(-[$([#6,#7,#15,#16]~[#8;X1]),$(C#N),$(C=N)])[a;!$(a=*)][a;!$(a=*)][a;!$(a=*)]n1),$(c1n[a;!$(a=*)]c(-[$([#6,#7,#15,#16]~[#8;X1]),$(C#N),$(C=N)])[a;!$(a=*)][a;!$(a=*)]1),$(c1c(-[$([#6,#7,#15,#16]~[#8;X1]),$(C#N),$(C=N)])[a;!$(a=*)]n[a;!$(a=*)][a;!$(a=*)]1)]",ch alkinyl hetar
"[n;R1;X2;!$([n;R1;X2]1:[a;R2](:[a;R2,R3]):[a;R2](:[a;R2,R3]):[n;R1;X2]aa1);!$([n;R1;X2]1:[a;R2](:[a;R2,R3]):[a;R2](:[a;R2,R3]):[n;R1;X2]a1);!$([n;R1;X2]1:[a;R2](:[a;R2,R3]):[a;R2](:[a;R2,R3]a1):[n;R1;X2]);!$([n;R1;X2]1:[a;R2](:[a;R2,R3]):[a;R2](:[a;R2,R3]aa1):[n;R1;X2])]:[a;R2](:[a;R2,R3]):[a;R2](:[a;R2,R3]):[n;R1;X2;!$([n;R1;X2]1:[a;R2](:[a;R2,R3]):[a;R2](:[a;R2,R3]a1):[n;R1;X2]);!$([n;R1;X2]1:[a;R2](:[a;R2,R3]):[a;R2](:[a;R2,R3]aa1):[n;R1;X2])]",chelator phenathrolin like
Cl~O,chlorates
C=[C!R]-[C!R]=C,conjugated alkenes
SC(=[!r])S,conjugated dithioether
"[$([O,S,#7;R1;!r3;!r4;!r5;!r6;!r7;!r8][CH,CH2;!r3;!r4;!r5;!r6;!r7;!r8][CH,CH2;!r3;!r4;!r5;!r6;!r7;!r8][O,S,#7;R1;!r3;!r4;!r5;!r6;!r7;!r8][CH,CH2;!r3;!r4;!r5;!r6;!r7;!r8][CH,CH2;!r3;!r4;!r5;!r6;!r7;!r8][O,S,#7;R1;!r3;!r4;!r5;!r6;!r7;!r8]),$([O,S,#7;R1;!r3;!r4;!r5;!r6;!r7;!r8][CH,CH2;!r3;!r4;!r5;!r6;!r7;!r8][CH,CH2;!r3;!r4;!r5;!r6;!r7;!r8][CH,CH2;!r3;!r4;!r5;!r6;!r7;!r8][O,S,#7;R1;!r3;!r4;!r5;!r6;!r7;!r8][CH,CH2;!r3;!r4;!r5;!r6;!r7;!r8][CH,CH2;!r3;!r4;!r5;!r6;!r7;!r8][CH,CH2;!r3;!r4;!r5;!r6;!r7;!r8][O,S,#7;R1;!r3;!r4;!r5;!r6;!r7;!r8]),$([O,S,#7;R1;!r3;!r4;!r5;!r6;!r7;!r8][CH,CH2;!r3;!r4;!r5;!r6;!r7;!r8][CH,CH2;!r3;!r4;!r5;!r6;!r7;!r8][O,S,#7;R1;!r3;!r4;!r5;!r6;!r7;!r8][CH,CH2;!r3;!r4;!r5;!r6;!r7;!r8][CH,CH2;!r3;!r4;!r5;!r6;!r7;!r8][CH,CH2;!r3;!r4;!r5;!r6;!r7;!r8][O,S,#7;R1;!r3;!r4;!r5;!r6;!r7;!r8])]",crown ether
c1ccc2c(c1)ccc(=O)o2,cumarine
N[CH2]C#N,cyanamides
"[#8,#7;!$([#7]=[#6](-[#7])-[#7]);!$([#7]-[#6](=[#7])-[#7]);!$([#7]:[#6](:[#7]):[#7])]-C#N",cyanate
"[#8;H1,$([#8]-[#6,#16,#15]=[#8])]-[#6;X4]-[#6]#[#7]",cyanhydrine
[#7](-[#1])-[#7]=[#6](-[#6]#[#7])-[#6]=[!#6&!#1;!R],cyano imine
"[#6]-,:1(=,:[#6](-,:[#6](=[#8])-,:[#7]-,:[#6](=,:[#7]-,:1)-,:[!#6&!#1])-[#6]#[#7])-[#6]",cyanopyridone 2
"N#C-[#6]1~[#6;X3](~[#16&v2;$(S=C-[NH]),$([SH]-C=N),$([SH]-cn),$(S=c[nH])])~[#7]~[*;a,$(*(=*)-*)]~[*;a,$(*(=*)-*)]~[*;a,$(*(=*)-*)]~1",cyanopyridone 1
C1CC=C1,cyclobutene
O=C1CCCC(N1)=O,cycloheximide derivatives
"O=C(NCC(NC(C(C(CC=,-C)C)=,-[O,N])C(NCC(NCC(NCC(NCC(NCC(NCC(NCC(NC1)=O)=O)=O)=O)=O)=O)=O)=O)=O)CNC1=O",cyclosporine
NC(C[S;D1])C([N;H1]([O;D1]))=O,cysteine hydroxamate
[#7](-[#1])(-[#1])-[#6]-1=[#6](-[#6]#[#7])-[#6](-[#1])(-[#6]:[#6])-[#6](=[#6](-[#7](-[#1])-[#1])-[#16]-1)-[#6]#[#7],dhp bis amino biscyano
"[#8]=[#6]-,:[#6](=[#8])-,:[#7]-,:[#6](=[#8])-,:[#6]=[#8]",di oxalic acid imide
C#CC#C,diacetylene
c([nv3X2])(c)[NX3H1!R]c([nv3X2])(c),diarylamines
O=C-N=!@N,diazo acyl
[#6]~[#7;X2]~[#7;X1],diazonium
"[O,S&v2,N&v3;R0]-[C;X3;R0](=[O,S&v2,N&v3;R0])-[O,S&v2,N&v3;R0]-,=[C;X3;R0](=,-[O,S&v2,N&v3;R0])-[O,S&v2,N&v3;R0]",dicarbonimidic diamide
"[$(N(-C(=O))(-C(=O))(-S(=O))),$(n([#6](=O))([#6](=O))([#16](=O)))]",dicarbonyl sulfonamide
"[#6]=,:[#6](C#N)-,:[#6]=,:[#6]C#N",dicyano vinyl
"[#16]=[#6]-1-[#6]=,:[#6]-[!#6&!#1]-[#6]=,:[#6]-1",diene thione
[#7](-[#6](-[#8])=[#6]1)-[#6](=[#7])-[#6]1=[#7],diimino dihydro pyrrol ol
"[!#6]~[#6](~[!#6])=[#6;!$([#6]1=[#6]-[#7,#8,#16&v2]~[#7,#8,#16&v2,#6&X3]~[#7,#8,#16&v2]1)](~[!#6])~[!#6]",diketene acetals
"[#8,#7v3]=!@[#6;$([#6](-[#6])-[#6]),$([#6;H1]=[#7]);!$([#6]1(=O)-,:[#6](=O)-,:[#6;X3]=,:[#6;X3]-,:[#6;X3]=,:[#6;X3]-,:1);!$([#6]1(=O)-[#6](=O)-[#6]=,:[#6]1)]~[#6;$([#6](-[#6])-[#6]),$([#6;H1]=[#7]);!$([#6]1(=O)-,:[#6](=O)-,:[#6;X3]=,:[#6;X3]-,:[#6;X3]=,:[#6;X3]-,:1);!$([#6]1(=O)-[#6](=O)-[#6]=,:[#6]1)]=!@[#8,#7v3]",diketone 1 2
S1SC=CC1=S,dithiole 2 thione 1
S1C=CSC1=S,dithiole 2 thione 2
"[CH2]=C(-[$([#6]=[#8,#16]),$([#7,#15,#16]=[#8]),$(C#N),$(C(F)(F)F)])-[$([#6]=[#8,#16]),$([#7,#15,#16]=[#8]),$(C#N),$(C(F)(F)F)]",double michael acceptor
[#15],element p count 2
[#16],element s count 2
[!#1;!#6;!#7;!#8;!#9;!#15;!#16;!#17;!#35;!#5;!#14;!#53;!#34],elements forbidden
[!#1;!#6;!#7;!#8;!#9;!#15;!#16;!#17;!#35],elements penalized
"C=!@[#6]1~[#6;X3](~[#8;$(O=C),$(O-C=N),$(O-cn)])~[#7]~[#6;X3](~[#8,#16&v2;$(A=C),$(A-C=N),$(A-cn)])~[#7]~[#6;X3](~[#8;$(O=C),$(O-C=N),$(O-cn)])1",en barbiturates
"[C;!$(C-[#6;X3,X2]);!$(C-[#7,#8,#16])]=!@[C;!$(C-[#6;X3,X2]);!$(C-[#8,#16]);!$(C(-[#7])[#7])]-N",enamine aliphatic
[#6]-1(=[#6])-[#6](-[#7]=[#6]-[#16]-1)=[#8],ene five het
c:1-2:c(:c:c:c:c:1)-[#6](=[#8])-[#6](=[#6])-[#6]-2=[#8],ene five membered one
[#6]=!@[#6](-[!#1])-@[#6](=!@[!#6&!#1])-@[#6](=!@[#6])-[!#1],ene one ene
"[#6]-[#6]=[#6](-[F,Cl,Br,I])-[#6](=[#8])-[#6]",ene one halogen
"[#6](=O)-O-[#6]=[#6;$([#6]-C#N),$([#6]-[#6]=O),$([#6]-S=O)]",enol ester
"[C;!$([#6]1=[#6]-[#6,#7&v3]=,:[#6,#7&v3]-[#6](=[#8,#7,#16&v2])-[#8,#7&v3,#16&v2]-1);!$([#6]1=[#6]-[#6](=[#8,#7,#16&v2])-[#8,#7&v3,#16&v2]-[#6,#7&v3]=,:[#6,#7&v3]-1);!$([#6]1=[#6]-[#6](=[#8,#7,#16&v2])-[#6,#7&v3]=,:[#6,#7&v3]-[#8,#7&v3,#16&v2]-1);!$([#6]1=[#6]-[#6](=[#8,#7,#16&v2])-[#8,#7&v3,#16&v2]-[#8,#7&v3,#16&v2]-1);!$([#6]1=[#6]-[#6](=[#8,#7,#16&v2])-[#8,#7&v3,#16&v2]-[#6](=[#8,#7&v3,#16&v2])-[#8,#7&v3,#16&v2]-1);!$([#6]1=[#6]-[#8]-[#6](=[#8,#7,#16&v2])-[#8,#7&v3,#16&v2]-1)]=[C;!$([#6]1=[#6]-[#6,#7&v3]=,:[#6,#7&v3]-[#6](=[#8,#7,#16&v2])-[#8,#7&v3,#16&v2]-1);!$([#6]1=[#6]-[#6](=[#8,#7,#16&v2])-[#8,#7&v3,#16&v2]-[#6,#7&v3]=,:[#6,#7&v3]-1);!$([#6]1=[#6]-[#6](=[#8,#7,#16&v2])-[#6,#7&v3]=,:[#6,#7&v3]-[#8,#7&v3,#16&v2]-1);!$([#6]1=[#6]-[#6](=[#8,#7,#16&v2])-[#8,#7&v3,#16&v2]-[#8,#7&v3,#16&v2]-1);!$([#6]1=[#6]-[#6](=[#8,#7,#16&v2])-[#8,#7&v3,#16&v2]-[#6](=[#8,#7&v3,#16&v2])-[#8,#7&v3,#16&v2]-1);!$([#6]1=[#6]-[#8]-[#6](=[#8,#7,#16&v2])-[#8,#7&v3,#16&v2]-1)]-O-[#6]",enolether enolester
C=!@CC#C,enyne
C1O[C;H2]1,epoxide terminal
"c12c3cccc1ncc2CC4NC[#6]~[#6]-,=C43",ergot alkoloid
[#6]-[O]-!@C(=O)-[#6],ester count 3
[#6]-[O]-!@C(=O)-[#6],ester count 5
[C;X4]-O-[C;X4],ether bond count 5
"[CH3]-[CH,$(C=C),$(C-[OH])](-[CH3])=,-[CH2,CH&X3,$([CH]-[OH])]-[CH2]-[CH2]-[CH,$(C=C),$(C-[OH])](-[CH3])=,-[CH2,CH&X3,$([CH]-[OH])]-[CH2]-[CH2]-[CH,$(C=C),$(C-[OH])](-[CH3])=,-[CH2,CH&X3,$([CH]-[OH])]-[CH2]",farnesyl geranyl
"C~!@[CH2,CH&X3,CX2,$([CH]-[OH])]~!@[CH2,CH&X3,CX2,$([CH]-[OH])]~!@[CH2,CH&X3,CX2,$([CH]-[OH])]~!@[CH2,CH&X3,CX2,$([CH]-[OH])]~!@[CH2,CH&X3,CX2,$([CH]-[OH])]~!@[CH2,CH&X3,CX2,$([CH]-[OH])]~!@[CH2,CH&X3,CX2,$([CH]-[OH])]~!@[CH2,CH&X3,CX2,$([CH]-[OH])]~!@[CH2,CH&X3,CX2,$([CH]-[OH])]~!@[CH2,CH&X3,CX2,$([CH]-[OH])]~!@C(=O)-[O,N!$(N-a)]",fatty acid
"c12-,:[#6](=O)-,:[#6]~[#6](-c3ccccc3)-,:[#8]-,:c1cccc2",flavonoid
[C;X4]1-c2ccccc2-c3ccccc3-1,fluorene fmoc
"[#6;$(C14(ccC(=O)O4)c2ccc(-[O,S,N])cc2Oc3ccccc31),$(C1(ccC(=O)O)=C2C=CC(=[O,N,S])C=C2Oc3ccccc31),$(c1(-ccC(=O)O)c2ccc(=[O,N,S])cc2oc3ccccc31)]1(ccC(=O)O)~[#6]2~[#6]~[#6]~[#6]~[#6]~[#6]2~[#8]~c3ccccc31",fluorescein
[#6]-C(=O)-[CH2]-F,fluoro methyl ketone
C#N.C#N.C#N.C#N,four nitriles
"[o,n,s]1[c;R1,$(c-A)][c;R1,$(c-A)][c;R1,$(c-A)][c;R1,$(c-A)]1",furane pyrrole thiophene count 2
C1=CC2c3ccccc3NCC2C1,fused cyclopentene quinolines
"[CX4;H2,$([CH]-[CH3]),$([CH]-[CH2]-O),$([CH]-C(=O)-O)](-O1)[CX4;$([CH]-O),$([CH]-[N!H0]),H2][CX4;$([CH]-O),$([CH]-[N!H0]),H2][CX4;$([CH]-O),$([CH]-[N!H0]),H2][CH]1-O-[CH2][CH](-O2)[CX4;$([CH]-O),$([CH]-[N!H0]),H2][CX4;$([CH]-O),$([CH]-[N!H0]),H2][CX4;$([CH]-O),$([CH]-[N!H0]),H2][CH]2-O",glycoside 01
"[CX4;H2,$([CH]-[CH3]),$([CH]-[CH2]-O),$([CH]-C(=O)-O)](-O1)[CX4;$([CH]-O),$([CH]-[N!H0]),H2][CX4;$([CH]-O),$([CH]-[N!H0]),H2][CX4;$([CH]-O),$([CH]-[N!H0]),H2][CH]1-O-[CH](-[CX4;H2,$([CH]-[CH3]),$([CH]-[CH2]-O),$([CH]-C(=O)-O)]-O2)[CX4;$([CH]-O),$([CH]-[N!H0]),H2][CX4;$([CH]-O),$([CH]-[N!H0]),H2][CH]2-O",glycoside 02
"[CX4;H2,$([CH]-[CH3]),$([CH]-[CH2]-O),$([CH]-C(=O)-O)](-O1)[CX4;$([CH]-O),$([CH]-[N!H0]),H2][CX4;$([CH]-O),$([CH]-[N!H0]),H2][CX4;$([CH]-O),$([CH]-[N!H0]),H2][CH]1-O-[CH](-[CX4;$([CH]-O),$([CH]-[N!H0]),H2]-[CX4;H2,$([CH]-[CH3]),$([CH]-[CH2]-O),$([CH]-C(=O)-O)]-O2)[CX4;$([CH]-O),$([CH]-[N!H0]),H2][CH]2-O",glycoside 03
"[CX4;H2,$([CH]-[CH3]),$([CH]-[CH2]-O),$([CH]-C(=O)-O)](-O1)[CX4;$([CH]-O),$([CH]-[N!H0]),H2][CX4;$([CH]-O),$([CH]-[N!H0]),H2][CX4;$([CH]-O),$([CH]-[N!H0]),H2][CH]1-O-[CH](-[CX4;$([CH]-O),$([CH]-[N!H0]),H2][CX4;$([CH]-O),$([CH]-[N!H0]),H2]-[CX4;H2,$([CH]-[CH3]),$([CH]-[CH2]-O),$([CH]-C(=O)-O)]-O2)[CH]2-O",glycoside 04
"[CX4;H2,$([CH]-[CH3]),$([CH]-[CH2]-O),$([CH]-C(=O)-O)](-O1)[CX4;$([CH]-O),$([CH]-[N!H0]),H2][CX4;$([CH]-O),$([CH]-[N!H0]),H2][CX4;$([CH]-O),$([CH]-[N!H0]),H2][CH]1-O-[CH](-O2)-[CX4;$([CH]-O),$([CH]-[N!H0]),H2][CX4;$([CH]-O),$([CH]-[N!H0]),H2][CX4;$([CH]-O),$([CH]-[N!H0]),H2]-[CX4;H2,$([CH]-[CH3]),$([CH]-[CH2]-O),$([CH]-C(=O)-O)]-2",glycoside 05
"[CX4;H2,$([CH]-[CH3]),$([CH]-[CH2]-O),$([CH]-C(=O)-O)](-O1)[CX4;$([CH]-O),$([CH]-[N!H0]),H2][CX4;$([CH]-O),$([CH]-[N!H0]),H2][CX4;H1,$([C]-[CH3]),$([C]-[CH2]-O),$(CC(=O)-O)]1-O-[CH2][CH](-O2)[CX4;$([CH]-O),$([CH]-[N!H0]),H2][CX4;$([CH]-O),$([CH]-[N!H0]),H2][CX4;$([CH]-O),$([CH]-[N!H0]),H2][CH]2-O",glycoside 06
"[CX4;H2,$([CH]-[CH3]),$([CH]-[CH2]-O),$([CH]-C(=O)-O)](-O1)[CX4;$([CH]-O),$([CH]-[N!H0]),H2][CX4;$([CH]-O),$([CH]-[N!H0]),H2][CX4;H1,$([C]-[CH3]),$([C]-[CH2]-O),$(CC(=O)-O)]1-O-[CH](-[CX4;H2,$([CH]-[CH3]),$([CH]-[CH2]-O),$([CH]-C(=O)-O)]-O2)[CX4;$([CH]-O),$([CH]-[N!H0]),H2][CX4;$([CH]-O),$([CH]-[N!H0]),H2][CH]2-O",glycoside 07
"[CX4;H2,$([CH]-[CH3]),$([CH]-[CH2]-O),$([CH]-C(=O)-O)](-O1)[CX4;$([CH]-O),$([CH]-[N!H0]),H2][CX4;$([CH]-O),$([CH]-[N!H0]),H2][CX4;H1,$([C]-[CH3]),$([C]-[CH2]-O),$(CC(=O)-O)]1-O-[CH](-[CX4;$([CH]-O),$([CH]-[N!H0]),H2]-[CX4;H2,$([CH]-[CH3]),$([CH]-[CH2]-O),$([CH]-C(=O)-O)]-O2)[CX4;$([CH]-O),$([CH]-[N!H0]),H2][CH]2-O",glycoside 08
"[CX4;H2,$([CH]-[CH3]),$([CH]-[CH2]-O),$([CH]-C(=O)-O)](-O1)[CX4;$([CH]-O),$([CH]-[N!H0]),H2][CX4;$([CH]-O),$([CH]-[N!H0]),H2][CX4;H1,$([C]-[CH3]),$([C]-[CH2]-O),$(CC(=O)-O)]1-O-[CH](-[CX4;$([CH]-O),$([CH]-[N!H0]),H2][CX4;$([CH]-O),$([CH]-[N!H0]),H2]-[CX4;H2,$([CH]-[CH3]),$([CH]-[CH2]-O),$([CH]-C(=O)-O)]-O2)[CH]2-O",glycoside 09
"[CX4;H2,$([CH]-[CH3]),$([CH]-[CH2]-O),$([CH]-C(=O)-O)](-O1)[CX4;$([CH]-O),$([CH]-[N!H0]),H2][CX4;$([CH]-O),$([CH]-[N!H0]),H2][CX4;H1,$([C]-[CH3]),$([C]-[CH2]-O),$(CC(=O)-O)]1-O-[CH](-O2)-[CX4;$([CH]-O),$([CH]-[N!H0]),H2][CX4;$([CH]-O),$([CH]-[N!H0]),H2][CX4;$([CH]-O),$([CH]-[N!H0]),H2]-[CX4;H2,$([CH]-[CH3]),$([CH]-[CH2]-O),$([CH]-C(=O)-O)]-2",glycoside 10
"[CX4;H2,$([CH]-[CH3]),$([CH]-[CH2]-O),$([CH]-C(=O)-O)](-O1)[CX4;$([CH]-O),$([CH]-[N!H0]),H2][CX4;$([CH]-O),$([CH]-[N!H0]),H2][CX4;$([CH]-O),$([CH]-[N!H0]),H2][CH]1-O-[CH2][CH](-O2)[CX4;$([CH]-O),$([CH]-[N!H0]),H2][CX4;$([CH]-O),$([CH]-[N!H0]),H2][CX4;H1,$([C]-[CH3]),$([C]-[CH2]-O),$(CC(=O)-O)](-O)-2",glycoside 11
"[CX4;H2,$([CH]-[CH3]),$([CH]-[CH2]-O),$([CH]-C(=O)-O)](-O1)[CX4;$([CH]-O),$([CH]-[N!H0]),H2][CX4;$([CH]-O),$([CH]-[N!H0]),H2][CX4;$([CH]-O),$([CH]-[N!H0]),H2][CH]1-O-[CH](-[CX4;H2,$([CH]-[CH3]),$([CH]-[CH2]-O),$([CH]C(=O)-O)]-O2)-[CX4;$([CH]-O),$([CH]-[N!H0]),H2][CX4;H1,$([C]-[CH3]),$([C]-[CH2]-O),$(CC(=O)-O)](-O)-2",glycoside 12
"[CX4;H2,$([CH]-[CH3]),$([CH]-[CH2]-O),$([CH]-C(=O)-O)](-O1)[CX4;$([CH]-O),$([CH]-[N!H0]),H2][CX4;$([CH]-O),$([CH]-[N!H0]),H2][CX4;$([CH]-O),$([CH]-[N!H0]),H2][CH]1-O-[CH](-[CX4;$([CH]-O),$([CH]-[N!H0]),H2][CX4;H2,$([CH]-[CH3]),$([CH]-[CH2]-O),$([CH]C(=O)-O)]-O2)-[CX4;H1,$([C]-[CH3]),$([C]-[CH2]-O),$(CC(=O)-O)](-O)-2",glycoside 13
"[CX4;H2,$([CH]-[CH3]),$([CH]-[CH2]-O),$([CH]-C(=O)-O)](-O1)[CX4;$([CH]-O),$([CH]-[N!H0]),H2][CX4;$([CH]-O),$([CH]-[N!H0]),H2][CX4;$([CH]-O),$([CH]-[N!H0]),H2][CH]1-O-[CH2]C(-O2)(-O)-[CX4;$([CH]-O),$([CH]-[N!H0]),H2][CX4;$([CH]-O),$([CH]-[N!H0]),H2][CX4;H2,$([CH]-[CH3]),$([CH]-[CH2]-O),$([CH]C(=O)-O)]-2",glycoside 14
"[CX4;H2,$([CH]-[CH3]),$([CH]-[CH2]-O),$([CH]-C(=O)-O)](-O1)[CX4;$([CH]-O),$([CH]-[N!H0]),H2][CX4;$([CH]-O),$([CH]-[N!H0]),H2][CX4;H1,$([C]-[CH3]),$([C]-[CH2]-O),$(CC(=O)-O)]1-O-[CH2][CH](-O2)[CX4;$([CH]-O),$([CH]-[N!H0]),H2][CX4;$([CH]-O),$([CH]-[N!H0]),H2][CX4;H1,$([C]-[CH3]),$([C]-[CH2]-O),$(CC(=O)-O)](-O)-2",glycoside 15
"[CX4;H2,$([CH]-[CH3]),$([CH]-[CH2]-O),$([CH]-C(=O)-O)](-O1)[CX4;$([CH]-O),$([CH]-[N!H0]),H2][CX4;$([CH]-O),$([CH]-[N!H0]),H2][CX4;H1,$([C]-[CH3]),$([C]-[CH2]-O),$(CC(=O)-O)]1-O-[CH](-[CX4;H2,$([CH]-[CH3]),$([CH]-[CH2]-O),$([CH]C(=O)-O)]-O2)-[CX4;$([CH]-O),$([CH]-[N!H0]),H2][CX4;H1,$([C]-[CH3]),$([C]-[CH2]-O),$(CC(=O)-O)](-O)-2",glycoside 16
"[CX4;H2,$([CH]-[CH3]),$([CH]-[CH2]-O),$([CH]-C(=O)-O)](-O1)[CX4;$([CH]-O),$([CH]-[N!H0]),H2][CX4;$([CH]-O),$([CH]-[N!H0]),H2][CX4;H1,$([C]-[CH3]),$([C]-[CH2]-O),$(CC(=O)-O)]1-O-[CH](-[CX4;$([CH]-O),$([CH]-[N!H0]),H2][CX4;H2,$([CH]-[CH3]),$([CH]-[CH2]-O),$([CH]C(=O)-O)]-O2)-[CX4;H1,$([C]-[CH3]),$([C]-[CH2]-O),$(CC(=O)-O)](-O)-2",glycoside 17
"[CX4;H2,$([CH]-[CH3]),$([CH]-[CH2]-O),$([CH]-C(=O)-O)](-O1)[CX4;$([CH]-O),$([CH]-[N!H0]),H2][CX4;$([CH]-O),$([CH]-[N!H0]),H2][CX4;H1,$([C]-[CH3]),$([C]-[CH2]-O),$(CC(=O)-O)]1-O-[CX4;H1,$([C]-[CH3]),$([C]-[CH2]-O),$(CC(=O)-O)](-O2)-[CX4;$([CH]-O),$([CH]-[N!H0]),H2][CX4;$([CH]-O),$([CH]-[N!H0]),H2]-[CX4;H2,$([CH]-[CH3]),$([CH]-[CH2]-O),$([CH]C(=O)-O)]-2",glycoside 18
"[CX4;H2,$([CH]-[CH3]),$([CH]-[CH2]-O),$([CH]-C(=O)-O)](-O1)[CX4;$([CH]-O),$([CH]-[N!H0]),H2][CX4;$([CH]-O),$([CH]-[N!H0]),H2][CX4;H1,$([C]-[CH3]),$([C]-[CH2]-O),$(CC(=O)-O)]1-O-[CH2]C(-O2)(-O)-[CX4;$([CH]-O),$([CH]-[N!H0]),H2][CX4;$([CH]-O),$([CH]-[N!H0]),H2]-[CX4;H2,$([CH]-[CH3]),$([CH]-[CH2]-O),$([CH]C(=O)-O)]-2",glycoside 19
"C[Mg][F,Cl,Br,I]",grignard
N=C(N)N,guanidines
"C~!@[CH2,CH&X3,CX2,$([CH]-[OH])]~!@[CH2,CH&X3,CX2,$([CH]-[OH])]~!@[CH2,CH&X3,CX2,$([CH]-[OH])]~!@[CH2,CH&X3,CX2,$([CH]-[OH])]~!@[CH2,CH&X3,CX2,$([CH]-[OH])]~!@[CH2,CH&X3,CX2,$([CH]-[OH])]~!@[CH2,CH&X3,CX2,$([CH]-[OH])]~!@[CH2,CH&X3,CX2,$([CH]-[OH])]~!@[CH2,CH&X3,CX2,$([CH]-[OH])]~!@[CH2,CH&X3,CX2,$([CH]-[OH])]~!@O-[CH2]-[CH](-O)-[CH2]-O",gylcerol long chain ether
"C#C-[Cl,Br,I]",halo alkynes
"[Cl,Br,I][CX4][CX4][$([O,S,N]*),Cl,Br,I]",halo ether
"C([Cl,Br,I,$(O(S(=O)(=O)))])=C([$(S(=O)(=O)),$(C(F)(F)(F)),$(C#N),$(N(=O)(=O)),$([N+](=O)[O-]),$(C=O)])([$(S(=O)(=O)),$(C(F)(F)(F)),$(C#N),$(N(=O)(=O)),$([N+](=O)[O-]),$(C=O)])",halo olefin bis ewg
"[#6]-[#6](-[#6]-[#8,#16]-[c]1:[c](-[#17,#9]):[c]:[c]:[c]:[c]1-[#17,#9])=[#8]",halo phenoxy ketone
"[C;!$(C(Cl)(Cl)Cl);!$(C(F)F)]-[F,Cl,Br,I]",halogen aliphatic count 3
"[Cl,Br,I]-[CX4;!$(C([F,Cl,Br,I])[F,Cl,Br,I])]",halogen alkyl
"[Cl,Br,I]-[CX4;!$(C([F,Cl,Br,I])[F,Cl,Br,I])]",halogen alkyl count 2
"c-[F,Cl,Br,I]",halogen aromatic count 3
"[#8,#7,#15,#16,#14,#5]-[F!$(F-[#14])!$(F-S(=O)(=O)-[#6])!$(F-S(F)(F)),Cl,Br,I]",halogen heteroatom bond
"*~[F,Cl,Br,I]~*",halogen hypervalent
"C=!@C-[F,Cl,Br,I]",halogen vinyl
"[F,Cl,Br,I]-[c;$(c1n[a;!$(a=*)][a;!$(a=*)][a;!$(a=*)]n1),$(c1n[a;!$(a=*)]n[a;!$(a=*)][a;!$(a=*)]1),$(c1nn[a;!$(a=*)][a;!$(a=*)][a;!$(a=*)]1),$(c1c(-[$([#6,#7,#15,#16]~[#8;X1]),$(C#N),$(C=N)])[a;!$(a=*)][a;!$(a=*)][a;!$(a=*)]n1),$(c1n[a;!$(a=*)]c(-[$([#6,#7,#15,#16]~[#8;X1]),$(C#N),$(C=N)])[a;!$(a=*)][a;!$(a=*)]1),$(c1c(-[$([#6,#7,#15,#16]~[#8;X1]),$(C#N),$(C=N)])[a;!$(a=*)]n[a;!$(a=*)][a;!$(a=*)]1)]",halogenated hetero aromates
[#6]-O[CH1](-[#6])[OH1],hemiacetal
[!#6]-[CH2]-N1C(=O)CCC(=O)1,hetero imides
"[SX2]-[#6R1]2=,:[#7R1]-,:[#6R1]=,:[#6R1]-,:[#7R2]3-,:[#6R1](=O)-,:[#7R1]-,:[#7R1]=,:[#6R2]23",heteroarylsulfides
"[#6]=!@[#6]1~[#6]=,:[#6]-,:[!#6]~[#6;X3](~[!#6])-,:1",heterocycle exo double bond 1
"C=!@[#6]1~[#6;X3](~[#8;$(O=C),$(O-C=N),$(O-cn)])~[#7]-[#7]~[#6;X3](~[#8;$(O=C),$(O-C=N),$(O-cn)])~1",heterocycle exo double bond 2
"C=!@[#6]1~[#6;X3](~[#7,#8,#16v2])~[#7;X2]~[#6;X3;H1,$([#6]-[#6])]~[#8,#7&v3,#16v2]~1",heterocycle exo double bond 3
"C=!@[#6]1~[#6;X3](~[#16&v2])~[#7]~[#7]=,:[#6]~1",heterocycle exo double bond 4
"[#6]=!@[#6]1~[#6;X3](~[#8;$([#8]=[#6]),$([#8]-[#6]=,:[#7])])~[!#6]-,:[#7;X2]=,:[#6]-,:1",heterocycle exo double bond 5
"O=C(-[!N])O[$(nnn),$([#7]-[#7]=[#7])]",hobt ester
C1NC(=O)NC(=O)1,hydantoin
NN,hydrazine
O=C-!@N-!@N-!@C=O,hydrazine 1 2 diacyl acyclic
[CH1;R0]=[N;R0][N;R0],hydrazine aldehyde
[CH0]=[N;R0][N;R0],hydrazine ketone
N=NC(=S)N,hydrazothiourea
"c(-[O,N,S;!$(N[C,S]=O);H1,H2;R0])1ccc(-[O,N,S;!$(N[C,S]=O);H1,H2;R0])cc1",hydroquinone
C(=O)N[OH],hydroxamic acid
[#7]-[C;H2]-[O;H],hydroxy methyl amine
"[#7]O[#6,#16]=O",hydroxyl amine ester
[#6;!$([#6]=[!#6])]-[OH],hydroxyl count 6
O=S(*)OF,hypofluorous sulfinic anhydride foso
"[F,Cl,Br,I]-[#6;$(c1[n;X2]aa[a;!c]1),$(C1=N[#7]-,:[#6](=,:[#8,#7&v3,#16&v2])-,:[#7&v3,#16&v2,#8]-1),$(C1=N-[#8,#7&v3,#16&v2]-,:[#8,#7&v3,#16&v2]-,:[#6]1=,:[#8,#7&v3,#16&v2]),$(C1=N-[#6](=,:[#8,#7&v3,#16&v2])-,:[#8,#7&v3,#16&v2]-,:[#8,#7&v3,#16&v2]-1)]=,:[#7;X2]",imidazol 2 halogenated
"O=[#6]-,:[#8]-,:[#6]=,:[#7&X2,+1]",imidic anhydrides
"[#6,#8,#16]-C(=[NH1])[#6,#8,#16]",imine nonterminal
"[#6,#8,#16]-[CH1]=[NH1]",imine terminal
"[F,Cl,Br,I]-[C;!$(C1=N[#7]-,:[#6](=,:[#8,#7&v3,#16&v2])-,:[#7&v3,#6&X3]=,:[#7&v3,#6&X3]-1);!$(C1=N[#7]-,:[#6](=,:[#8,#7&v3,#16&v2])-,:[#7&v3,#16&v2,#8]-1);!$(C1=N-[#8,#7&v3,#16&v2]-,:[#8,#7&v3,#16&v2]-,:[#6]1=,:[#8,#7&v3,#16&v2]);!$(C1=N-[#6](=,:[#8,#7&v3,#16&v2])-,:[#8,#7&v3,#16&v2]-,:[#8,#7&v3,#16&v2]-1);!$(C1=N-[#6](=,:[#8,#7&v3,#16&v2])-,:[#8,#7&v3,#16&v2]-,:[#7&v3,#6&X3]=,:[#7&v3,#6&X3]-1);!$(C1=N-[#6](=,:[#8,#7&v3,#16&v2])-,:[#7&v3,#6&X3]=,:[#7&v3,#6&X3]-,:[#8,#7&v3,#16&v2]-1);!$(C1=N-[#6]=,:[#6]-[#8,#7&v3,#16&v2]-,:[#6]1=,:[#8,#7&v3,#16&v2])]=N",imine halogenated
[#6]-1=[!#1]-[!#6&!#1]-[#6](-[#6]-1=[!#6&!#1;!R])=[#8],imine one five membered
[#8]=[#6]-2-[#6](=!@[#7]-[#7])-c:1:c:c:c:c:c:1-[#7]-2,imine one isatin
[#6]-1(-[#6](=[#8])-[#7]-[#6](=[#8])-[#7]-[#6]-1=[#8])=[#7],imine one six membered
"[n;!H0,$(n-[#6;!H0;!H1])]:1(c(c(c:2:c:1:c:c:c:c:2-[#1])-[#6;X4]-[#1])-[$([#6](-[#1])-[#1]),$([#6]=,:[!#6&!#1]),$([#6](-[#1])-[#7]),$([#6](-[#1])(-[#6](-[#1])-[#1])-[#6](-[#1])(-[#1])-[#7](-[#1])-[#6](-[#1])-[#1])])",indol 3yl alkyl
"c12-,:[#6](=O)-,:[#6](-c3ccccc3)~[#6]-,:[#8]-,:c1cccc2",iso flavonoid
"[#7]=,#[#6;$([#6](#[#7+])-[#8-,#16-]),$([#6](=[#7])=[#8,#16])]=,-[#8,#16;X1]",isocyanate
[#6;-1;X1]#[#7;+1;X2],isontrile
[13#6],isotope c13
[14#6],isotope c14
[125#53],isotope i125
[15#7],isotope n15
[16#7],isotope n16
[17#8],isotope o17
[18#8],isotope o18
[35#16],isotope s35
[3#1],isotope t
"[C;X4,H]OC([C;X4,H])(O[C;X4,H])[C;X4]",ketals  or acetals
C=C=O,ketene
"[#6]-[C!$(C1-,:[#6&X3,#7&v3]=,:[#6&X3,#7&v3]-,:[#7&v3,#16&v2,#8]-,:[#6&X3,#7&v3]=,:[#6&X3,#7&v3]-,:1);!$(C1-,:[#6&X3,#7&v3]=,:[#6&X3,#7&v3]-,:[#6&X3,#7&v3]=,:[#6&X3,#7&v3]-,:[#7&v3,#16&v2,#8]-,:1);!$(C1-,:[#7&v3,#16&v2,#8]-C(=[#7&v3,#16&v2,#8])-,:[#6&X3,#7&v3]=,:[#6&X3,#7&v3]-,:[#7&v3,#16&v2,#8]-,:1);!$(C1-,:[#7&v3,#16&v2,#8]-C(=[#7&v3,#16&v2,#8])-,:[#7&v3,#16&v2,#8]-,:[#6&X3,#7&v3]=,:[#6&X3,#7&v3]-,:1);!$(C1-,:[#7&v3,#16&v2,#8]-C(=[#7&v3,#16&v2,#8])-,:[#7&v3,#16&v2,#8]-,:[#7&v3,#16&v2,#8]-C(=[#7&v3,#16&v2,#8])-,:1)](-[#6])=!@[N;!$(N~[#7,#8])]",ketimines acyclic
"C(=O)-[CH;$(C=O),$(C(-[OH])-[OH])]",keto aldehyde or acetal
c:1-2:c(:c:c:c:c:1)-[#6](=[#8])-[#6;X4]-[#6]-2=[#8],keto keto beta
O=COn1cncc1 ,labile ester 2
P(=S)(S)S,lawessons reagent and derivatives
"C~!@[CH2,CH&X3,CX2,$([CH]-[OH])]~!@[CH2,CH&X3,CX2,$([CH]-[OH])]~!@[CH2,CH&X3,CX2,$([CH]-[OH])]~!@[CH2,CH&X3,CX2,$([CH]-[OH])]~!@[CH2,CH&X3,CX2,$([CH]-[OH])]~!@[CH2,CH&X3,CX2,$([CH]-[OH])]~!@[CH2,CH&X3,CX2,$([CH]-[OH])]~!@[CH2,CH&X3,CX2,$([CH]-[OH])]~!@[CH2,CH&X3,CX2,$([CH]-[OH])]~!@[CH2,CH&X3,CX2,$([CH]-[OH])]~!@C-OP(=O)(-[O-,OH])-O-[CH2]-[CH2]-N",lipid phospho 1
"C~!@[CH2,CH&X3,CX2,$([CH]-[OH])]~!@[CH2,CH&X3,CX2,$([CH]-[OH])]~!@[CH2,CH&X3,CX2,$([CH]-[OH])]~!@[CH2,CH&X3,CX2,$([CH]-[OH])]~!@[CH2,CH&X3,CX2,$([CH]-[OH])]~!@[CH2,CH&X3,CX2,$([CH]-[OH])]~!@[CH2,CH&X3,CX2,$([CH]-[OH])]~!@[CH2,CH&X3,CX2,$([CH]-[OH])]~!@[CH2,CH&X3,CX2,$([CH]-[OH])]~!@[CH2,CH&X3,CX2,$([CH]-[OH])]~!@C-O-[CH2]-!@[CH](-O)-!@[CH2]-OP(=O)(-[O-,OH])-O-[CH2]-[CH2]-N",lipid phospho 2
"[CH2;R0]-[CH2;R0]-[CH2;R0]-[CH2;R0]-[CH2;R0]-[CH2;R0]-[CH2,CH3;R0]",long chain aliphatic
"*-!@[CH2,$([CH]-[CH3]),$([C](-[CH3])-[CH3]),NH&v3,$([N&v3]-[CH3]),O,S&v2]-!@[CH2,$([CH]-[CH3]),$([C](-[CH3])-[CH3]),NH&v3,$([N&v3]-[CH3]),O,S&v2]-!@[CH2,$([CH]-[CH3]),$([C](-[CH3])-[CH3]),NH&v3,$([N&v3]-[CH3]),O,S&v2]-!@[CH2,$([CH]-[CH3]),$([C](-[CH3])-[CH3]),NH&v3,$([N&v3]-[CH3]),O,S&v2]-!@[CH2,$([CH]-[CH3]),$([C](-[CH3])-[CH3]),NH&v3,$([N&v3]-[CH3]),O,S&v2]-!@[CH2,$([CH]-[CH3]),$([C](-[CH3])-[CH3]),NH&v3,$([N&v3]-[CH3]),O,S&v2]-!@*",long chain flexible c
O=C(N1)[C;H1]=[C;H1]C1=O,maleimides
[OH]-c1ccccc1-[C;X4;R0](-[N;v3])-c,mannich base phenolic
O=C1OC(C)(C)OC(C1)=O,meldrums acid deriv
[c]1:[c]2:[c](-[#6](=[#8])-[#6]=[#6](-[#16])-[#16]2):[c]:[c]:[c]1,mercapto thiochromenone
"[CH3]-[c;$(cc([CH3])c([CH3])c[CH3]),$(cc([CH3])c([CH3])cc[CH3]),$(cc([CH3])cc([CH3])c[CH3])]",methyl group count aromatic ring
[#6]=[#6]1-[#16&v2]-[C;X4]-[#7&v3]-[C;X4]-[#7&v3]-1,methylene 1 3 5 thiadiazines
"[S&v2]-[#6]1-,:[#16&v2]-,:[#6]=,:[#6]-,:[#6](=[#8])-,:[#6]=,:1",methylsulfanyl thiopyranone
"[#6,#7]-&!@[#6](=&!@[CH])-&!@C(=O)-&!@[C,N,O,S]",michael acceptor 1
"[a;$(a1:[a;!$(a=*)]:[a;!$(a=*)]:[a;!$(a=*)]:[a;!$(a=*)]:[a;!$(a=*)]:1),$(a1:[a;!$(a=*)]:[a;!$(a=*)]:[a;!$(a=*)]:[a;!$(a=*)]:1)]-[C;!$(C~[#7,#8,#16,F,Cl,Br,I]);!$([#6]1=[#6]-[#6,#7&v3]=,:[#6,#7&v3]-[#6](=[#8,#7,#16&v2])-[#8,#7&v3,#16&v2]-1);!$([#6]1=[#6]-[#6](=[#8,#7,#16&v2])-[#8,#7&v3,#16&v2]-[#6,#7&v3]=,:[#6,#7&v3]-1);!$([#6]1=[#6]-[#6](=[#8,#7,#16&v2])-[#6,#7&v3]=,:[#6,#7&v3]-[#8,#7&v3,#16&v2]-1);!$([#6]1=[#6]-[#6](=[#8,#7,#16&v2])-[#8,#7&v3,#16&v2]-[#8,#7&v3,#16&v2]-1);!$([#6]1=[#6]-[#6](=[#8,#7,#16&v2])-[#8,#7&v3,#16&v2]-[#6](=[#8,#7&v3,#16&v2])-[#8,#7&v3,#16&v2]-1)]=[C;!$([#6]1=[#6]-[#6,#7&v3]=,:[#6,#7&v3]-[#6](=[#8,#7,#16&v2])-[#8,#7&v3,#16&v2]-1);!$([#6]1=[#6]-[#6](=[#8,#7,#16&v2])-[#8,#7&v3,#16&v2]-[#6,#7&v3]=,:[#6,#7&v3]-1);!$([#6]1=[#6]-[#6](=[#8,#7,#16&v2])-[#6,#7&v3]=,:[#6,#7&v3]-[#8,#7&v3,#16&v2]-1);!$([#6]1=[#6]-[#6](=[#8,#7,#16&v2])-[#8,#7&v3,#16&v2]-[#8,#7&v3,#16&v2]-1);!$([#6]1=[#6]-[#6](=[#8,#7,#16&v2])-[#8,#7&v3,#16&v2]-[#6](=[#8,#7&v3,#16&v2])-[#8,#7&v3,#16&v2]-1)](-[$([#6;H1]=[#8,#16]),$([#7,#15,#16]=[#8])])-[$([#6;H1]=[#8,#16]),$([#7,#15,#16]=[#8])]",michael acceptor 2
"[CH2]=[C!$(C(-[$([#6]=[#8,#16]),$([#7,#15,#16]=[#8]),$(C#N),$(C(F)(F)F)])-[$([#6]=[#8,#16]),$([#7,#15,#16]=[#8]),$(C#N),$(C(F)(F)F)])]-[$([#6]=[#8,#16]),$([#7,#15,#16]=[#8]),$(C#N),$(C(F)(F)F)]",michael acceptor ch2 terminal
"[C;!$([#6]1=[#6]-[#6](=[#8,#7,#16&v2])-[#8,#7&v3,#16&v2]-[#6](=[#8,#7&v3,#16&v2])-[#8,#7&v3,#16&v2]-1);!$([#6]1=[#6]-[#6](=[#8,#7,#16&v2])-[#8,#7&v3,#16&v2]-[#8,#7&v3,#16&v2]-1);!$([#6]1=[#6]-[#6](=[#8,#7,#16&v2])-[#6,#7&v3]=,:[#6,#7&v3]-[#8,#7&v3,#16&v2]-1);!$([#6]1=[#6]-[#6,#7&v3]=,:[#6,#7&v3]-[#6](=[#8,#7,#16&v2])-[#8,#7&v3,#16&v2]-1)]=[C;!$([#6]1=[#6]-[#6](=[#8,#7,#16&v2])-[#8,#7&v3,#16&v2]-[#6](=[#8,#7&v3,#16&v2])-[#8,#7&v3,#16&v2]-1);!$([#6]1=[#6]-[#6](=[#8,#7,#16&v2])-[#8,#7&v3,#16&v2]-[#8,#7&v3,#16&v2]-1);!$([#6]1=[#6]-[#6](=[#8,#7,#16&v2])-[#6,#7&v3]=,:[#6,#7&v3]-[#8,#7&v3,#16&v2]-1);!$([#6]1=[#6]-[#6](=[#8,#7,#16&v2])-[#8,#7&v3,#16&v2]-[#6,#7&v3]=,:[#6,#7&v3]-1);!$([#6]1=[#6]-[#6](=[#8,#7,#16&v2])-[#8,#7&v3,#16&v2]-[#6,#7&v3]=,:[#6,#7&v3]-1);!$([#6]1=[#6]-[#6,#7&v3]=,:[#6,#7&v3]-[#6](=[#8,#7,#16&v2])-[#8,#7&v3,#16&v2]-1)](-[$([#6]=[#8,#16]),$([#7,#15,#16]=[#8]),$(C#N),$(C(F)(F)F)])-[$([#6]=[#8,#16]),$([#7,#15,#16]=[#8]),$(C#N),$(C(F)(F)F)]",michael acceptor double act
"[$(N#C-C#C[C,c]),$(C#C-[CH]=O),$(C(#C-C(=O)-[C,c]))] ",michael acceptor 3
[#7;R1]1~[#7;R1]~[#7;R1](-C(=O))~[#6]~[#6]1,n acyl 123 triazole
[#7]1~[#7]~[#6]~[#7](-C(=O)[!N])~[#6]1,n acyl 134 triazole
s1c(S)nnc1NC=O,n acyl 2 amino 5 mercapto 1 3 4 thiadiazole
c1nnnn1C=O,n amido tetrazole
n[OH],n hydroxyl  pyridine
O=C1-[#6]~[#6]-C(=O)N1-O-C=O,n hydroxyl imide ester
"[#16&v2&R0]=,-[#6;$([#6](=[#16&v2])-[#7]-[#16&v2]),$([#6](-[#16&v2])=[#7]-[#16&v2]),$(c1nsaa1),$(c1nsaaa1)]~[#7]-,:[#16&v2]",n mercapto thioamide
[#6]-[N;!$([N+](=O)-[O-]);!$([N](=O)=O);!$([N]-[#6]=O)]-[OX2],n o single bond
[#7;+1;X3;!$([#7;+1](=[#8])-[#8;-1]);!$([#7;+1](#[#6])-[#8;-1])]-[#8;-1],n oxide sp2
[#7;+1;X3;!$([#7;+1](=[#8])-[#8;-1]);!$([#7;+1](#[#6])-[#8;-1])]-[#8;-1],n oxide sp2 count 2
"[N;X4;$([N+]-[O-]),$(N(=O)([#6])([#6])-[#6])]",n oxides
"[$(c1[nv3X2][c,n][c,n,s][c,n]1),$(c2[nv3X2][c,n][c,n][c,n][c,n]2)]-[$(c1[nv3X2][c,n][c,n,s][c,n]1),$(c2[nv3X2][c,n][c,n][c,n][c,n]2)]",nccn potential chelating
[S-],negativly charged sulfur
[#8]-[#7](~[#8;X1])~[#8;X1],nitrate
C#[N+]-[O-],nitrile n oxide
[#6]-[N;X3](~[O;X1])~[O;X1],nitro count 1
[#6]-[N;X3](~[O;X1])~[O;X1],nitro count 2
[#6]-[N;X3](~[O;X1])~[O;X1],nitro count 3
C[N+](=O)[O-],nitroalkane
"c1ccc(n[o,s]n2)c2c1[N+](=O)[O-]",nitrobenz azadiazole
[N+]([O-])(=C)-* ,nitrone
[#7;X2;!$([#7]-[#7v3])]=[#8],nitroso simple
"[#16&v2,#15]-!@[#7&X3,#15&X3]",np sp pp single bond acyclic
"[O,S][C!R]C(-[CX4&R1,O]1)[CX4][CX4][CX4&R1]1-[#7;$([#7;R1]2-,:[#6;R1](=O)-,:[#7,R1]=,:[#6,R1](-[N&H2,N&H1,O&H1])-,:[#6,#7;R1]=,:[#6,#7;R1]-,:2),$([#7;R1]2-,:[#6;R1](=O)-,:[#7,R1;H1]-,:[#6,R1](=[N,O])-,:[#6,#7;R1]=,:[#6,#7;R1]-,:2),$([#7;R1]2-,:[#6;R1](-[OH])=,:[#7,R1]-,:[#6,R1](=[N,O])-,:[#6,#7;R1]=,:[#6,#7;R1]-,:2)]",nucleoside 1
"[O,S][C!R]C(-[CX4&R1,O]1)[CX4][CX4][CX4&R1]1-[#7;$([#7]2-,:[#6]3=,:[#7,#6;R1]-,:[#7,#6;R1]=,:[#7]-,:[#6](-[NH2,NH,OH])=,:[#6]-,:3-,:[#7,#6;R1]=,:[#6,#7;R1]-,:2),$([#7]2-,:[#6]3-,:[#7,#6;R1]=,:[#7,#6;R1]-,:[#7;H1]-,:[#6](=[NH,O])-,:[#6]=,:3-,:[#7,#6;R1]=,:[#6,#7;R1]-,:2),$([#7]2-,:[#6]3-,:[#7,#6;R1]-,:[#6](=[O,NH])-,:[#7;H1]-,:[#6](=[NH,O])-,:[#6]=,:3-,:[#7,#6;R1]=,:[#6,#7;R1]-,:2),$([#7]2-,:[#6]3-,:[#7,#6;R1]-,:[#6](=[O,NH])-,:[#7]=,:[#6](-[NH2,NH,OH])-,:[#6]=,:3-,:[#7,#6;R1]=,:[#6,#7;R1]-,:2)]",nucleoside 2
"O=P1O[CX4&R1][CX4&R2](-[CX4&R1,O]2)[CX4&R2](-O1)[CX4&R1][CX4&R1]2-[#7;$([#7;R1]3-,:[#6;R1](=O)-,:[#7,R1]=,:[#6,R1](-[N&H2,N&H1,O&H1])-,:[#6,#7;R1]=,:[#6,#7;R1]-,:3),$([#7;R1]3-,:[#6;R1](=O)-,:[#7,R1;H1]-,:[#6,R1](=[N,O])-,:[#6,#7;R1]=,:[#6,#7;R1]-,:3),$([#7;R1]3-,:[#6;R1](-[OH])=,:[#7,R1]-,:[#6,R1](=[N,O])-,:[#6,#7;R1]=,:[#6,#7;R1]-,:3)]",nucleoside 3
"O=P1O[CX4&R1][CX4&R2](-[CX4&R1,O]2)[CX4&R2](-O1)[CX4&R1][CX4&R1]2-[#7;$([#7]3-,:[#6]4=,:[#7,#6;R1]-,:[#7,#6;R1]=,:[#7]-,:[#6](-[NH2,NH,OH])=,:[#6]-,:4-,:[#7,#6;R1]=,:[#6,#7;R1]-,:3),$([#7]3-,:[#6]4-,:[#7,#6;R1]=,:[#7,#6;R1]-,:[#7;H1]-,:[#6](=[NH,O])-,:[#6]=,:4-,:[#7,#6;R1]=,:[#6,#7;R1]-,:3),$([#7]3-,:[#6]4-,:[#7,#6;R1]-,:[#6](=[O,NH])-,:[#7;H1]-,:[#6](=[NH,O])-,:[#6]=,:4-,:[#7,#6;R1]=,:[#6,#7;R1]-,:3),$([#7]3-,:[#6]4-,:[#7,#6;R1]-,:[#6](=[O,NH])-,:[#7]=,:[#6](-[NH2,NH,OH])-,:[#6]=,:4-,:[#7,#6;R1]=,:[#6,#7;R1]-,:3)]",nucleoside 4
"[O,S][C!R]C(-[CX4&R1,O][CX4&R1]1)[CX4&R1][CX4&R1][CX4&R1]1-[#7;$([#7;R1]2-,:[#6;R1](=O)-,:[#7,R1]=,:[#6,R1](-[N&H2,N&H1,O&H1])-,:[#6,#7;R1]=,:[#6,#7;R1]-,:2),$([#7;R1]2-,:[#6;R1](=O)-,:[#7,R1;H1]-,:[#6,R1](=[N,O])-,:[#6,#7;R1]=,:[#6,#7;R1]-,:2),$([#7;R1]2-,:[#6;R1](-[OH])=,:[#7,R1]-,:[#6,R1](=[N,O])-,:[#6,#7;R1]=,:[#6,#7;R1]-,:2)]",nucleoside 5
"[O,S][C!R]C(-[CX4&R1,O][CX4&R1]1)[CX4&R1][CX4&R1][CX4&R1]1-[#7;$([#7]2-,:[#6]3=,:[#7,#6;R1]-,:[#7,#6;R1]=,:[#7]-,:[#6](-[NH2,NH,OH])=,:[#6]-,:3-,:[#7,#6;R1]=,:[#6,#7;R1]-,:2),$([#7]2-,:[#6]3-,:[#7,#6;R1]=,:[#7,#6;R1]-,:[#7;H1]-,:[#6](=[NH,O])-,:[#6]=,:3-,:[#7,#6;R1]=,:[#6,#7;R1]-,:2),$([#7]2-,:[#6]3-,:[#7,#6;R1]-,:[#6](=[O,NH])-,:[#7;H1]-,:[#6](=[NH,O])-,:[#6]=,:3-,:[#7,#6;R1]=,:[#6,#7;R1]-,:2),$([#7]2-,:[#6]3-,:[#7,#6;R1]-,:[#6](=[O,NH])-,:[#7]=,:[#6](-[NH2,NH,OH])-,:[#6]=,:3-,:[#7,#6;R1]=,:[#6,#7;R1]-,:2)]",nucleoside 6
"[O,S][C!R][CX4;R1;r6,r7][OR1;r6,r7][CX4;R1;r6,r7;$(C1OCCCC1),$(C1OCC=CC1),$(C1OCCC=C1),$(C1OCCCCC1)]!@[#7;$([#7;R1]2-,:[#6;R1](=O)-,:[#7,R1]=,:[#6,R1](-[N&H2,N&H1,O&H1])-,:[#6,#7;R1]=,:[#6,#7;R1]-,:2),$([#7;R1]2-,:[#6;R1](=O)-,:[#7,R1;H1]-,:[#6,R1](=[N,O])-,:[#6,#7;R1]=,:[#6,#7;R1]-,:2),$([#7;R1]2-,:[#6;R1](-[OH])=,:[#7,R1]-,:[#6,R1](=[N,O])-,:[#6,#7;R1]=,:[#6,#7;R1]-,:2)]",nucleoside 7
"[O,S][C!R][CX4;R1;r6,r7][OR1;r6,r7][CX4;R1;r6,r7;$(C1OCCCC1),$(C1OCC=CC1),$(C1OCCC=C1),$(C1OCCCCC1)]!@[#7;$([#7]2-,:[#6]3=,:[#7,#6;R1]-,:[#7,#6;R1]=,:[#7]-,:[#6](-[NH2,NH,OH])=,:[#6]-,:3-,:[#7,#6;R1]=,:[#6,#7;R1]-,:2),$([#7]2-,:[#6]3-,:[#7,#6;R1]=,:[#7,#6;R1]-,:[#7;H1]-,:[#6](=[NH,O])-,:[#6]=,:3-,:[#7,#6;R1]=,:[#6,#7;R1]-,:2),$([#7]2-,:[#6]3-,:[#7,#6;R1]-,:[#6](=[O,NH])-,:[#7;H1]-,:[#6](=[NH,O])-,:[#6]=,:3-,:[#7,#6;R1]=,:[#6,#7;R1]-,:2),$([#7]2-,:[#6]3-,:[#7,#6;R1]-,:[#6](=[O,NH])-,:[#7]=,:[#6](-[NH2,NH,OH])-,:[#6]=,:3-,:[#7,#6;R1]=,:[#6,#7;R1]-,:2)]",nucleoside 8
[#8]=[#15]-[#6]#[#7],organo phospho cyanide
N#CccC#N,ortho di cyano aromate
"[#6]1(-O-[C;!R](=[O,N;!R]))[#6]([$(N(=O)(=O)),$([N+](=O)[O-])])[#6][#6][#6][#6]1",ortho nitrophenyl carbonyl
c(C([C;H3])([C;H3])[C;H3])1c([OH1])c(C([C;H3])([C;H3])[C;H3])ccc1,o-tertbutylphenol
N-C(=O)-!@C(=O)-N,oxalic acid diamide count
"C1~[O,S]~N1",oxaziridine
O1C=CC=CC=C1,oxepine
C=N[OH],oxim
O=C-!@[O]-!@[N]=!@[#6],oxim ester
C1(=O)C=CCSC=C1,oxobenzothiepine
"[O;$(O1OCOC1),$(O1OOCC1)]",ozonide
"O=[N+](-[O-])-caac-[$(N(C)C),$([NH]C),$([NH2])]",para nitro arylamines
"[#6]1(-O(-[C;!R](-[!N])(=[O,N;!R])))[#6][#6][#6]([$(N(=O)(=O)),$([N+](=O)[O-])])[#6][#6]1",para nitrophenyl ester
C(=O)Oc1ccc([N+](=O)[O-])cc1,paranitrophenyl esters
"[C!r3!r4!r5!r6!r7!r8!r9](=O)-NC[C!r3!r4!r5!r6!r7!r8!r9](=O)[N;!$([NH2]);!$(NC[C!r3!r4!r5!r6!r7!r8!r9](=O)N);!$(NCC[C!r3!r4!r5!r6!r7!r8!r9](=O)N);$(N-;!@A!@C-;!@[C!r3!r4!r5!r6!r7!r8!r9](=O)NC[C!r3!r4!r5!r6!r7!r8!r9](=O)N),$(N-;!@A!@A!@C-;!@[C!r3!r4!r5!r6!r7!r8!r9](=O)NC[C!r3!r4!r5!r6!r7!r8!r9](=O)N),$(N-;!@A!@A!@A!@C-;!@[C!r3!r4!r5!r6!r7!r8!r9](=O)NC[C!r3!r4!r5!r6!r7!r8!r9](=O)N),$(N-;!@A!@A!@A!@A!@C-;!@[C!r3!r4!r5!r6!r7!r8!r9](=O)NC[C!r3!r4!r5!r6!r7!r8!r9](=O)N),$(N-;!@A!@A!@A!@A!@A!@C-;!@[C!r3!r4!r5!r6!r7!r8!r9](=O)NC[C!r3!r4!r5!r6!r7!r8!r9](=O)N),$(N-;!@A!@A!@A!@A!@A!@A!@C-;!@[C!r3!r4!r5!r6!r7!r8!r9](=O)NC[C!r3!r4!r5!r6!r7!r8!r9](=O)N),$(N-;!@A!@A!@A!@A!@A!@A!@A!@C-;!@[C!r3!r4!r5!r6!r7!r8!r9](=O)NC[C!r3!r4!r5!r6!r7!r8!r9](=O)N)]",peptide analogue 01
"[C!r3!r4!r5!r6!r7!r8!r9](=O)-NCC[C!r3!r4!r5!r6!r7!r8!r9](=O)[N;!$([NH2]);!$(NC[C!r3!r4!r5!r6!r7!r8!r9](=O)N);!$(NCC[C!r3!r4!r5!r6!r7!r8!r9](=O)N);$(N-;!@A!@C-;!@[C!r3!r4!r5!r6!r7!r8!r9](=O)NC[C!r3!r4!r5!r6!r7!r8!r9](=O)N),$(N-;!@A!@A!@C-;!@[C!r3!r4!r5!r6!r7!r8!r9](=O)NC[C!r3!r4!r5!r6!r7!r8!r9](=O)N),$(N-;!@A!@A!@A!@C-;!@[C!r3!r4!r5!r6!r7!r8!r9](=O)NC[C!r3!r4!r5!r6!r7!r8!r9](=O)N),$(N-;!@A!@A!@A!@A!@C-;!@[C!r3!r4!r5!r6!r7!r8!r9](=O)NC[C!r3!r4!r5!r6!r7!r8!r9](=O)N),$(N-;!@A!@A!@A!@A!@A!@C-;!@[C!r3!r4!r5!r6!r7!r8!r9](=O)NC[C!r3!r4!r5!r6!r7!r8!r9](=O)N),$(N-;!@A!@A!@A!@A!@A!@A!@C-;!@[C!r3!r4!r5!r6!r7!r8!r9](=O)NC[C!r3!r4!r5!r6!r7!r8!r9](=O)N),$(N-;!@A!@A!@A!@A!@A!@A!@A!@C-;!@[C!r3!r4!r5!r6!r7!r8!r9](=O)NC[C!r3!r4!r5!r6!r7!r8!r9](=O)N)]",peptide analogue 02
"[C!r3!r4!r5!r6!r7!r8!r9](=O)-NC[C!r3!r4!r5!r6!r7!r8!r9](=O)[N;!$([NH2]);!$(NC[C!r3!r4!r5!r6!r7!r8!r9](=O)N);!$(NCC[C!r3!r4!r5!r6!r7!r8!r9](=O)N);$(N-;!@A!@C-;!@[C!r3!r4!r5!r6!r7!r8!r9](=O)NCC[C!r3!r4!r5!r6!r7!r8!r9](=O)N),$(N-;!@A!@A!@C-;!@[C!r3!r4!r5!r6!r7!r8!r9](=O)NCC[C!r3!r4!r5!r6!r7!r8!r9](=O)N),$(N-;!@A!@A!@A!@C-;!@[C!r3!r4!r5!r6!r7!r8!r9](=O)NCC[C!r3!r4!r5!r6!r7!r8!r9](=O)N),$(N-;!@A!@A!@A!@A!@C-;!@[C!r3!r4!r5!r6!r7!r8!r9](=O)NCC[C!r3!r4!r5!r6!r7!r8!r9](=O)N),$(N-;!@A!@A!@A!@A!@A!@C-;!@[C!r3!r4!r5!r6!r7!r8!r9](=O)NCC[C!r3!r4!r5!r6!r7!r8!r9](=O)N),$(N-;!@A!@A!@A!@A!@A!@A!@C-;!@[C!r3!r4!r5!r6!r7!r8!r9](=O)NCC[C!r3!r4!r5!r6!r7!r8!r9](=O)N),$(N-;!@A!@A!@A!@A!@A!@A!@A!@C-;!@[C!r3!r4!r5!r6!r7!r8!r9](=O)NCC[C!r3!r4!r5!r6!r7!r8!r9](=O)N)]",peptide analogue 03
"[C!r3!r4!r5!r6!r7!r8!r9](=O)-NCC[C!r3!r4!r5!r6!r7!r8!r9](=O)[N;!$([NH2]);!$(NC[C!r3!r4!r5!r6!r7!r8!r9](=O)N);!$(NCC[C!r3!r4!r5!r6!r7!r8!r9](=O)N);$(N-;!@A!@C-;!@[C!r3!r4!r5!r6!r7!r8!r9](=O)NCC[C!r3!r4!r5!r6!r7!r8!r9](=O)N),$(N-;!@A!@A!@C-;!@[C!r3!r4!r5!r6!r7!r8!r9](=O)NCC[C!r3!r4!r5!r6!r7!r8!r9](=O)N),$(N-;!@A!@A!@A!@C-;!@[C!r3!r4!r5!r6!r7!r8!r9](=O)NCC[C!r3!r4!r5!r6!r7!r8!r9](=O)N),$(N-;!@A!@A!@A!@A!@C-;!@[C!r3!r4!r5!r6!r7!r8!r9](=O)NCC[C!r3!r4!r5!r6!r7!r8!r9](=O)N),$(N-;!@A!@A!@A!@A!@A!@C-;!@[C!r3!r4!r5!r6!r7!r8!r9](=O)NCC[C!r3!r4!r5!r6!r7!r8!r9](=O)N),$(N-;!@A!@A!@A!@A!@A!@A!@C-;!@[C!r3!r4!r5!r6!r7!r8!r9](=O)NCC[C!r3!r4!r5!r6!r7!r8!r9](=O)N),$(N-;!@A!@A!@A!@A!@A!@A!@A!@C-;!@[C!r3!r4!r5!r6!r7!r8!r9](=O)NCC[C!r3!r4!r5!r6!r7!r8!r9](=O)N)]",peptide analogue 04
"[C!r3!r4!r5!r6!r7!r8!r9](=O)-NC[C!r3!r4!r5!r6!r7!r8!r9](=O)[N;!$([NH2]);!$(NC[C!r3!r4!r5!r6!r7!r8!r9](=O)NC);!$(NCC[C!r3!r4!r5!r6!r7!r8!r9](=O)NC);$(N([C!r3!r4!r5!r6!r7!r8!r9](=O)CN-[C!r3!r4!r5!r6!r7!r8!r9](=O))-;!@A-;!@N[C!r3!r4!r5!r6!r7!r8!r9](=O)CN[C!r3!r4!r5!r6!r7!r8!r9](=O)),$(N([C!r3!r4!r5!r6!r7!r8!r9](=O)CN-[C!r3!r4!r5!r6!r7!r8!r9](=O))-;!@A!@A-;!@N[C!r3!r4!r5!r6!r7!r8!r9](=O)CN[C!r3!r4!r5!r6!r7!r8!r9](=O)),$(N([C!r3!r4!r5!r6!r7!r8!r9](=O)CN-[C!r3!r4!r5!r6!r7!r8!r9](=O))-;!@A!@A!@A-;!@N[C!r3!r4!r5!r6!r7!r8!r9](=O)CN[C!r3!r4!r5!r6!r7!r8!r9](=O)),$(N([C!r3!r4!r5!r6!r7!r8!r9](=O)CN-[C!r3!r4!r5!r6!r7!r8!r9](=O))-;!@A!@A!@A!@A-;!@N[C!r3!r4!r5!r6!r7!r8!r9](=O)CN[C!r3!r4!r5!r6!r7!r8!r9](=O)),$(N([C!r3!r4!r5!r6!r7!r8!r9](=O)CN-[C!r3!r4!r5!r6!r7!r8!r9](=O))-;!@A!@A!@A!@A!@A-;!@N[C!r3!r4!r5!r6!r7!r8!r9](=O)CN[C!r3!r4!r5!r6!r7!r8!r9](=O)),$(N([C!r3!r4!r5!r6!r7!r8!r9](=O)CN-[C!r3!r4!r5!r6!r7!r8!r9](=O))-;!@A!@A!@A!@A!@A!@A-;!@N[C!r3!r4!r5!r6!r7!r8!r9](=O)CN[C!r3!r4!r5!r6!r7!r8!r9](=O)),$(N([C!r3!r4!r5!r6!r7!r8!r9](=O)CN-[C!r3!r4!r5!r6!r7!r8!r9](=O))-;!@A!@A!@A!@A!@A!@A!@A-;!@N[C!r3!r4!r5!r6!r7!r8!r9](=O)CN[C!r3!r4!r5!r6!r7!r8!r9](=O))]",peptide analogue 05
"[C!r3!r4!r5!r6!r7!r8!r9](=O)-NCC[C!r3!r4!r5!r6!r7!r8!r9](=O)[N;!$([NH2]);!$(NC[C!r3!r4!r5!r6!r7!r8!r9](=O)NC);!$(NCC[C!r3!r4!r5!r6!r7!r8!r9](=O)NC);$(N([C!r3!r4!r5!r6!r7!r8!r9](=O)CCN-[C!r3!r4!r5!r6!r7!r8!r9](=O))-;!@A-;!@N[C!r3!r4!r5!r6!r7!r8!r9](=O)CN[C!r3!r4!r5!r6!r7!r8!r9](=O)),$(N([C!r3!r4!r5!r6!r7!r8!r9](=O)CCN-[C!r3!r4!r5!r6!r7!r8!r9](=O))-;!@A!@A-;!@N[C!r3!r4!r5!r6!r7!r8!r9](=O)CN[C!r3!r4!r5!r6!r7!r8!r9](=O)),$(N([C!r3!r4!r5!r6!r7!r8!r9](=O)CCN-[C!r3!r4!r5!r6!r7!r8!r9](=O))-;!@A!@A!@A-;!@N[C!r3!r4!r5!r6!r7!r8!r9](=O)CN[C!r3!r4!r5!r6!r7!r8!r9](=O)),$(N([C!r3!r4!r5!r6!r7!r8!r9](=O)CCN-[C!r3!r4!r5!r6!r7!r8!r9](=O))-;!@A!@A!@A!@A-;!@N[C!r3!r4!r5!r6!r7!r8!r9](=O)CN[C!r3!r4!r5!r6!r7!r8!r9](=O)),$(N([C!r3!r4!r5!r6!r7!r8!r9](=O)CCN-[C!r3!r4!r5!r6!r7!r8!r9](=O))-;!@A!@A!@A!@A!@A-;!@N[C!r3!r4!r5!r6!r7!r8!r9](=O)CN[C!r3!r4!r5!r6!r7!r8!r9](=O)),$(N([C!r3!r4!r5!r6!r7!r8!r9](=O)CCN-[C!r3!r4!r5!r6!r7!r8!r9](=O))-;!@A!@A!@A!@A!@A!@A-;!@N[C!r3!r4!r5!r6!r7!r8!r9](=O)CN[C!r3!r4!r5!r6!r7!r8!r9](=O)),$(N([C!r3!r4!r5!r6!r7!r8!r9](=O)CCN-[C!r3!r4!r5!r6!r7!r8!r9](=O))-;!@A!@A!@A!@A!@A!@A!@A-;!@N[C!r3!r4!r5!r6!r7!r8!r9](=O)CN[C!r3!r4!r5!r6!r7!r8!r9](=O))]",peptide analogue 06
"[C!r3!r4!r5!r6!r7!r8!r9](=O)-NCC[C!r3!r4!r5!r6!r7!r8!r9](=O)[N;!$([NH2]);!$(NC[C!r3!r4!r5!r6!r7!r8!r9](=O)NC);!$(NCC[C!r3!r4!r5!r6!r7!r8!r9](=O)NC);$(N([C!r3!r4!r5!r6!r7!r8!r9](=O)CCN-[C!r3!r4!r5!r6!r7!r8!r9](=O))-;!@A-;!@N[C!r3!r4!r5!r6!r7!r8!r9](=O)CCN[C!r3!r4!r5!r6!r7!r8!r9](=O)),$(N([C!r3!r4!r5!r6!r7!r8!r9](=O)CCN-[C!r3!r4!r5!r6!r7!r8!r9](=O))-;!@A!@A-;!@N[C!r3!r4!r5!r6!r7!r8!r9](=O)CCN[C!r3!r4!r5!r6!r7!r8!r9](=O)),$(N([C!r3!r4!r5!r6!r7!r8!r9](=O)CCN-[C!r3!r4!r5!r6!r7!r8!r9](=O))-;!@A!@A!@A-;!@N[C!r3!r4!r5!r6!r7!r8!r9](=O)CCN[C!r3!r4!r5!r6!r7!r8!r9](=O)),$(N([C!r3!r4!r5!r6!r7!r8!r9](=O)CCN-[C!r3!r4!r5!r6!r7!r8!r9](=O))-;!@A!@A!@A!@A-;!@N[C!r3!r4!r5!r6!r7!r8!r9](=O)CCN[C!r3!r4!r5!r6!r7!r8!r9](=O)),$(N([C!r3!r4!r5!r6!r7!r8!r9](=O)CCN-[C!r3!r4!r5!r6!r7!r8!r9](=O))-;!@A!@A!@A!@A!@A-;!@N[C!r3!r4!r5!r6!r7!r8!r9](=O)CCN[C!r3!r4!r5!r6!r7!r8!r9](=O)),$(N([C!r3!r4!r5!r6!r7!r8!r9](=O)CCN-[C!r3!r4!r5!r6!r7!r8!r9](=O))-;!@A!@A!@A!@A!@A!@A-;!@N[C!r3!r4!r5!r6!r7!r8!r9](=O)CCN[C!r3!r4!r5!r6!r7!r8!r9](=O)),$(N([C!r3!r4!r5!r6!r7!r8!r9](=O)CCN-[C!r3!r4!r5!r6!r7!r8!r9](=O))-;!@A!@A!@A!@A!@A!@A!@A-;!@N[C!r3!r4!r5!r6!r7!r8!r9](=O)CCN[C!r3!r4!r5!r6!r7!r8!r9](=O))]",peptide analogue 07
"N[C!r3!r4!r5!r6!r7!r8!r9](=O)CN[C!r3!r4!r5!r6!r7!r8!r9](=O)-;!@[C;$(C(-;!@[C!r3!r4!r5!r6!r7!r8!r9](=O)NC[C!r3!r4!r5!r6!r7!r8!r9](=O)N)!@C-;!@[C!r3!r4!r5!r6!r7!r8!r9](=O)NC[C!r3!r4!r5!r6!r7!r8!r9](=O)N),$(C(-;!@[C!r3!r4!r5!r6!r7!r8!r9](=O)NC[C!r3!r4!r5!r6!r7!r8!r9](=O)N)!@A!@C-;!@[C!r3!r4!r5!r6!r7!r8!r9](=O)NC[C!r3!r4!r5!r6!r7!r8!r9](=O)N),$(C(-;!@[C!r3!r4!r5!r6!r7!r8!r9](=O)NC[C!r3!r4!r5!r6!r7!r8!r9](=O)N)!@A!@A!@C-;!@[C!r3!r4!r5!r6!r7!r8!r9](=O)NC[C!r3!r4!r5!r6!r7!r8!r9](=O)N),$(C(-;!@[C!r3!r4!r5!r6!r7!r8!r9](=O)NC[C!r3!r4!r5!r6!r7!r8!r9](=O)N)!@A!@A!@A!@C-;!@[C!r3!r4!r5!r6!r7!r8!r9](=O)NC[C!r3!r4!r5!r6!r7!r8!r9](=O)N),$(C(-;!@[C!r3!r4!r5!r6!r7!r8!r9](=O)NC[C!r3!r4!r5!r6!r7!r8!r9](=O)N)!@A!@A!@A!@A!@C-;!@[C!r3!r4!r5!r6!r7!r8!r9](=O)NC[C!r3!r4!r5!r6!r7!r8!r9](=O)N),$(C(-;!@[C!r3!r4!r5!r6!r7!r8!r9](=O)NC[C!r3!r4!r5!r6!r7!r8!r9](=O)N)!@A!@A!@A!@A!@A!@C-;!@[C!r3!r4!r5!r6!r7!r8!r9](=O)NC[C!r3!r4!r5!r6!r7!r8!r9](=O)N),$(C(-;!@[C!r3!r4!r5!r6!r7!r8!r9](=O)NC[C!r3!r4!r5!r6!r7!r8!r9](=O)N)!@A!@A!@A!@A!@A!@A!@C-;!@[C!r3!r4!r5!r6!r7!r8!r9](=O)NC[C!r3!r4!r5!r6!r7!r8!r9](=O)N),$(C(-;!@[C!r3!r4!r5!r6!r7!r8!r9](=O)NC[C!r3!r4!r5!r6!r7!r8!r9](=O)N)!@A!@A!@A!@A!@A!@A!@A!@C-;!@[C!r3!r4!r5!r6!r7!r8!r9](=O)NC[C!r3!r4!r5!r6!r7!r8!r9](=O)N)]",peptide analogue 08
"N[C!r3!r4!r5!r6!r7!r8!r9](=O)CCN[C!r3!r4!r5!r6!r7!r8!r9](=O)-;!@[C;$(C(-;!@[C!r3!r4!r5!r6!r7!r8!r9](=O)NCC[C!r3!r4!r5!r6!r7!r8!r9](=O)N)!@C-;!@[C!r3!r4!r5!r6!r7!r8!r9](=O)NC[C!r3!r4!r5!r6!r7!r8!r9](=O)N),$(C(-;!@[C!r3!r4!r5!r6!r7!r8!r9](=O)NCC[C!r3!r4!r5!r6!r7!r8!r9](=O)N)!@A!@C-;!@[C!r3!r4!r5!r6!r7!r8!r9](=O)NC[C!r3!r4!r5!r6!r7!r8!r9](=O)N),$(C(-;!@[C!r3!r4!r5!r6!r7!r8!r9](=O)NCC[C!r3!r4!r5!r6!r7!r8!r9](=O)N)!@A!@A!@C-;!@[C!r3!r4!r5!r6!r7!r8!r9](=O)NC[C!r3!r4!r5!r6!r7!r8!r9](=O)N),$(C(-;!@[C!r3!r4!r5!r6!r7!r8!r9](=O)NCC[C!r3!r4!r5!r6!r7!r8!r9](=O)N)!@A!@A!@A!@C-;!@[C!r3!r4!r5!r6!r7!r8!r9](=O)NC[C!r3!r4!r5!r6!r7!r8!r9](=O)N),$(C(-;!@[C!r3!r4!r5!r6!r7!r8!r9](=O)NCC[C!r3!r4!r5!r6!r7!r8!r9](=O)N)!@A!@A!@A!@A!@C-;!@[C!r3!r4!r5!r6!r7!r8!r9](=O)NC[C!r3!r4!r5!r6!r7!r8!r9](=O)N),$(C(-;!@[C!r3!r4!r5!r6!r7!r8!r9](=O)NCC[C!r3!r4!r5!r6!r7!r8!r9](=O)N)!@A!@A!@A!@A!@A!@C-;!@[C!r3!r4!r5!r6!r7!r8!r9](=O)NC[C!r3!r4!r5!r6!r7!r8!r9](=O)N),$(C(-;!@[C!r3!r4!r5!r6!r7!r8!r9](=O)NCC[C!r3!r4!r5!r6!r7!r8!r9](=O)N)!@A!@A!@A!@A!@A!@A!@C-;!@[C!r3!r4!r5!r6!r7!r8!r9](=O)NC[C!r3!r4!r5!r6!r7!r8!r9](=O)N),$(C(-;!@[C!r3!r4!r5!r6!r7!r8!r9](=O)NCC[C!r3!r4!r5!r6!r7!r8!r9](=O)N)!@A!@A!@A!@A!@A!@A!@A!@C-;!@[C!r3!r4!r5!r6!r7!r8!r9](=O)NC[C!r3!r4!r5!r6!r7!r8!r9](=O)N)]",peptide analogue 09
"N[C!r3!r4!r5!r6!r7!r8!r9](=O)CCN[C!r3!r4!r5!r6!r7!r8!r9](=O)-;!@[C;$(C(-;!@[C!r3!r4!r5!r6!r7!r8!r9](=O)NCC[C!r3!r4!r5!r6!r7!r8!r9](=O)N)!@C-;!@[C!r3!r4!r5!r6!r7!r8!r9](=O)NCC[C!r3!r4!r5!r6!r7!r8!r9](=O)N),$(C(-;!@[C!r3!r4!r5!r6!r7!r8!r9](=O)NCC[C!r3!r4!r5!r6!r7!r8!r9](=O)N)!@A!@C-;!@[C!r3!r4!r5!r6!r7!r8!r9](=O)NCC[C!r3!r4!r5!r6!r7!r8!r9](=O)N),$(C(-;!@[C!r3!r4!r5!r6!r7!r8!r9](=O)NCC[C!r3!r4!r5!r6!r7!r8!r9](=O)N)!@A!@A!@C-;!@[C!r3!r4!r5!r6!r7!r8!r9](=O)NCC[C!r3!r4!r5!r6!r7!r8!r9](=O)N),$(C(-;!@[C!r3!r4!r5!r6!r7!r8!r9](=O)NCC[C!r3!r4!r5!r6!r7!r8!r9](=O)N)!@A!@A!@A!@C-;!@[C!r3!r4!r5!r6!r7!r8!r9](=O)NCC[C!r3!r4!r5!r6!r7!r8!r9](=O)N),$(C(-;!@[C!r3!r4!r5!r6!r7!r8!r9](=O)NCC[C!r3!r4!r5!r6!r7!r8!r9](=O)N)!@A!@A!@A!@A!@C-;!@[C!r3!r4!r5!r6!r7!r8!r9](=O)NCC[C!r3!r4!r5!r6!r7!r8!r9](=O)N),$(C(-;!@[C!r3!r4!r5!r6!r7!r8!r9](=O)NCC[C!r3!r4!r5!r6!r7!r8!r9](=O)N)!@A!@A!@A!@A!@A!@C-;!@[C!r3!r4!r5!r6!r7!r8!r9](=O)NCC[C!r3!r4!r5!r6!r7!r8!r9](=O)N),$(C(-;!@[C!r3!r4!r5!r6!r7!r8!r9](=O)NCC[C!r3!r4!r5!r6!r7!r8!r9](=O)N)!@A!@A!@A!@A!@A!@A!@C-;!@[C!r3!r4!r5!r6!r7!r8!r9](=O)NCC[C!r3!r4!r5!r6!r7!r8!r9](=O)N),$(C(-;!@[C!r3!r4!r5!r6!r7!r8!r9](=O)NCC[C!r3!r4!r5!r6!r7!r8!r9](=O)N)!@A!@A!@A!@A!@A!@A!@A!@C-;!@[C!r3!r4!r5!r6!r7!r8!r9](=O)NCC[C!r3!r4!r5!r6!r7!r8!r9](=O)N)]",peptide analogue 10
OCl(O)(O)(O),perchlorates
C1(Cl)(Cl)C(Cl)C(Cl)=C(Cl)C1(Cl),perchloro cp
"[OX1]=[CX3]1C([F,Cl,Br,I])=C([F,Cl,Br,I])[CX3](=[OX1])C([F,Cl,Br,I])=C1[F,Cl,Br,I]",perchloroquinone
"c1c([F,Br,Cl,I])c([F,Br,Cl,I])c([F,Br,Cl,I])c([F,Br,Cl,I])c1([F,Br,Cl,I])",perhalo phenyl
[+1;H0;!$([+1]~[-1])],permanent positive charge
A-O-O-A,peroxide endo
A-O-[O;H1],peroxide terminal
c1(c)c2c(c)cccc2ccc1,phenalene
c12ccccc1ccc3ccccc23 ,phenanthren 
c1ccccc1OC(=O)[#6],phenol ester
"[c;$(c1ccccc1),$(c1ccac1)][OH]",phenolic oh count 2
"[c;$(c1ccccc1),$(c1ccac1)][OH]",phenolic oh count 3
"[OX1,N]=[#6]1-,:[#6]=,:[#6]2-,:[#16X2,#8X2]-,:[#6]3=,:[#6]-,:[#6](=,:[#6]-,:[#6]=,:[#6]3-,:[#7]=,:[#6]2-,:[#6]=,:[#6]1)",phenoxazines
"[#6]1(-,:[#6;$([#6]=[#8,#7&v3,#16&v2]),$([#6]#[#7])])=,:[#6]-N-[#6]=,:[#6](-,:[#6;$([#6]=[#8,#7&v3,#16&v2]),$([#6]#[#7])])-[C;X4]1-c2ccccc2",phenyl dhp
[#15]1~[#7]~[#15]~[#7]~[#15]~[#7]1,phosphazenes
NC(C(C)OP(O)(O)=O)C(O)=O,phospho threonine
"[#15!$([#15](~[#8;X1])(-[#7])(-[#8])-[#8])](~[#8;X1])-[#16,#7&H1]",phosphonamide thiophosphonic anhydride
[P;!$(P(~O)(~O)~O)],phosphor not po3 po4
NP(=O)(N)N,phosphoramides
P~P,phosphorus phosphorus bond
P(~O)(~O)~O,po3  groups
a@;:a@;:a@;:a@;:a@;:a@;:a@;:a@;:a@;:a@;:a@;:a@;:a@;:a,polycyclic systems 14 atoms
a@;:a@;:a@;:a@;:a@;:a@;:a@;:a@;:a@;:a@;:a@;:a@;:a@;:a@;:a@;:a,polycyclic systems 16 atoms
a@;:a@;:a@;:a@;:a@;:a@;:a@;:a@;:a@;:a@;:a@;:a@;:a@;:a@;:a@;:a@;:a@;:a,polycyclic systems 18 atoms
C=C-C=!@C-C=C,polyenes
"c1c([O;D1])c(-[Cl,Br,I])cc(-[Cl,Br,I])c1.c1c([O;D1])c(-[Cl,Br,I])cc(-[Cl,Br,I])c1",polyhalo phenol 1
"c1c([O;D1])ccc(-[Cl,Br,I])c(-[Cl,Br,I])1.c1c([O;D1])ccc(-[Cl,Br,I])c(-[Cl,Br,I])1",polyhalo phenol 2
"c(-[Cl,Br,I])1c([O;D1])c(-[Cl,Br,I])ccc1.c(-[Cl,Br,I])1c([O;D1])c(-[Cl,Br,I])ccc1",polyhalo phenol 3
"C(=O)Oc1c([Cl,F])[cH1,$(c[F,Cl])]c([F,Cl])[cH1,$(c[F,Cl])]c1([F,Cl])",polyhalo phenol esters
"[c;$(cc(-[F,Cl,Br,I])c-[F,Cl,Br,I]),$(cc(-[F,Cl,Br,I])cc-[F,Cl,Br,I]),$(ccc(-[F,Cl,Br,I])cc-[F,Cl,Br,I])]-[F,Cl,Br,I]",polyhalogenated aromate
"[#6;r16,r17,r18]~[#6]1~[#6]~[#6]~[#6](~[#6])~[#7]1",porphyrin
"[C!R]-[C!R]-[C!R]-[C!R]-[C!R]-[C!R]-[C!R]-,=[C!R]-C1~C~C~C~C~1-C-C-,=[C!R]-[C!R]-[C!R]-[C!R]-C(=O)-O",prostaglandine
O=C1C=COC=C1,pyranone
"[#6]1=,:[#6]([OH1])-,:[#7X3]-,:[#6X3](=[OX1])-,:[#7X3]-,:[#6X3]-,:1(=[OX1])",pyrimidinetriones
"[#6&X3]1(~[#8])~[#7]~[#6&X3](~[#8])~[#7]~[#6&X3]2~[#6&X3]~1~[#7&X2]~[#6&X3]~[#6&x3,#7&X2]~[#7,#16&v2]~2",pyrimido triazine dione
[n]1:[n]:[c]:[n]:[c](:[c]12)-[#6](=[#8])-[#7]-[#6](=[#8])-[#7]2,pyrimidotriazinedione
n2(-[#6]:1:[!#1]:[#6]:[#6]:[#6]:[#6]:1)c(cc(c2-[#6;X4])-[#1])-[#6;X4],pyrrole 1
n2(-[#6]:1:[!#1]:[#6]:[#6]:[#6]:[#6]:1)c(cc(c2-[#6]:[#6])-[#1])-[#6;X4],pyrrole 2
"[NH,NH2]-c1nc2nc3ccccc3nc2c1",pyrrolo quinoxalin amine
[OH]-c1cccc2ccc[n;X2]c12,quinolin 8 ol
"[#6]1-,:[#6](=;!@[#8,#7,#16])-,:[#6](=;!@[#8,#7,#16])-,:[#6]=,:[#6]-,:[#6]=,:1",quinone 1 2
"[#6]1-,:[#6](=[#8,#7,#16])-,:[#6]=,:[#6]-,:[#6](=[#8,#7,#16])-,:[#6]=,:1",quinone 1 4
"[#6;!$([#6](-[N,O,S]))]1=[#6;!$([#6](-[N,O,S]))][#6](=[#6])[#6;!$([#6](-[N,O,S]))]=[#6;!$([#6](-[N,O,S]))][#6]1(=[O,N,S])",quinone methide
"[#6]1-,:[#6](=[#6!R!$(C-[O,N,S])])-,:[#6](=[#8,#7,#16])-,:[#6]=,:[#6]-,:[#6]=,:1",quinone methide 1 2
"[#6]1-,:[#6](=[#6!R!$(C-[O,N,S])])-,:[#6]=,:[#6]-,:[#6](=[#8,#7,#16])-,:[#6]=,:1",quinone methide 1 4
"[#7;R1]1[#6]([F,Cl,Br,I])[#6;!$(c-N)][#7][#6]([$(S(=O)(=O)),$(C(F)(F)(F)),$(C#N),$(N(=O)(=O)),$([N+](=O)[O-]),$(C=O)])[#6;!$(c-N)]1",reactive halo pyrazine
"[#7;R1]1[#6]([F,Cl,Br,I])[#6]([$(S(=O)(=O)),$(C(F)(F)(F)),$(C#N),$(N(=O)(=O)),$([N+](=O)[O-]),$(C=O)])[#7][#6][#6]1",reactive halo pyrazine 2
"[#7;R1]1[#6]([F,Cl,Br,I])[#6]([$(S(=O)(=O)),$(C(F)(F)(F)),$(C#N),$(N(=O)(=O)),$([N+](=O)[O-]),$(C=O)])[#6][#6][#7]1",reactive halo pyridazine
"[#7;R1]1[#6;!$(c=O);!$(c-N)][#6]([$(S(=O)(=O)),$(C(F)(F)(F)),$(C#N),$(N(=O)(=O)),$([N+](=O)[O-]),$(C=O)])[#6]([F,Cl,Br,I])[#6][#6;!$(c=O);!$(c-N)]1",reactive halo pyridine
"[#7;R1]1[#6]([F,Cl,Br,I])[#7][#6][#6]([$(S(=O)(=O)),$(C(F)(F)(F)),$(C#N),$(N(=O)(=O)),$([N+](=O)[O-]),$(C=O)])[#6]1",reactive halo pyrimidine
"[Cl,Br,I]-[CH2,$([CH](-[Cl,Br,I])-[Cl,Br,I])]-[#7&X3,#15&X3,#5&X3,#8]",reactive halogen on carbon with heteroatom
"[Cl,Br,I]-[CH2,$([CH](-[Cl,Br,I])-[Cl,Br,I])]-[#16]",reactive halogen on carbon with s
"C-[CH]=C(-[CH3])-[CH]=[CH]-[CH]=C(-[CH3])-[CH]=[CH]-[#6]1:,=[#6]:,-[#6]:,-[#6]:,-[#6]:,-[#6]-,=1",retinoid
[#7]-1-[#6](=[#16])-[#16]-[#6;X4]-[#6]-1=[#8],rhodamine sat
"[#7&v3,#8,#16&v2]=,-[#6;X3]1-,:[#6]=,:[#6]-,:[#6]2=,:[#6]-,:[#6]3:[#6]:[#6]:[#6](-[#7&v3,#8,#16&v2]):[#6]:[#6]:3-,:[#7&v3,#8,#16&v2]-,:[#6]-,:2=,:[#6]-,:1",rhodamine
C(=C)1SC(=S)NC(=O)1,rhodanine
"[C,c;R]#[C,c;R]",ring triple bond
S=!@N,s n double bond acyclic
[#16]~[#16],s s single bond
O1CCCCC1OC2CCC3CCCCC3C2,saponin derivatives
[Si]~N ,si n bonds
S(~O)(~O)~O,so3 groups
[!#6;!Cl;!F;!#1]-[#6](-[!#6;!F;!C;!#1])(-[!#6;!F;!Cl;!#1])-[!#6;!F;!C;!#1],sp3 carbon with 4 het substit
"C~!@[CH2,CH&X3,CX2,$([CH]-[OH])]~!@[CH2,CH&X3,CX2,$([CH]-[OH])]~!@[CH2,CH&X3,CX2,$([CH]-[OH])]~!@[CH2,CH&X3,CX2,$([CH]-[OH])]~!@[CH2,CH&X3,CX2,$([CH]-[OH])]~!@[CH2,CH&X3,CX2,$([CH]-[OH])]~!@[CH2,CH&X3,CX2,$([CH]-[OH])]~!@[CH2,CH&X3,CX2,$([CH]-[OH])]~!@[CH2,CH&X3,CX2,$([CH]-[OH])]~!@[CH2,CH&X3,CX2,$([CH]-[OH])]~!@[CH](-O)-[CH](-[N!$(N~[O,N,S])])-[CH2]-[OH]",sphingosine
S=S,ss double bond
"O=[#6]1-,:[#7]-,:[#6]-,:c2c1c3c4ccccc4nc3c5nc6ccccc6c52",staurosporine
"[O;!$(O=C1C=C2CCCCC2CC1)]=C1C=C2C=,-CC3C4CCCC4CCC3-,=C2CC1",steroid
"c12ccccc1C=,-C-,=C-,=3-,=C-,=2-,=C-,=C-,=C4-,=C-,=C-,=C-,=C-,=4-,=3",steroid a arom
"C12-,=C-,=C-,=C-,=C-,=C-,=1-,=C=,-C-,=C3-,=C-,=2-,=C-,=C-,=C4-,=C-,=C-,=C-,=C-,=4-,=3",steroid non arom
acC=&!@Cca,stilbene analogs
"[S;D3](-N)(-[c,C])(-[c,C])",sulfanamine
S(O)(O)(O),sulfanetriol
[#8;X1]~[#16]-[#6]#[#7],sulfonic acid nitril
"[$(C(=O)),$(S(=O)(=O))][O,S](S(=O)(=O))",sulfonyl anhydride
O=S=O,sulfonyl count 2
S(=O)(=O)C#N,sulfonyl cyanides
F-S(=O)(=O)-[#6],sulfonyl fluoride
[SX2H0][N],sulfur nitrogen singlebond
"[CH2]=[CH][N,O,P,S;R0]",terminal vinyl
C([CH3])([CH3])[CH3],tert butyl count 3
"[C;X4](-[R0;Cl,Br,I,$(O(S(=O)(=O)[!$(N);!$([O&D1])]))])(-[c,C])(-[c,C])(-[c,C])",tertiary halide sulfate
C1NNC=NN1,tetraazinane
"[#8]=[#6]1-,:[#7&v3]-,:[#16&v2]-,:[#6]=,:[#7&v3]1",thiadiazolones
"[$(Sc1nnn[nH,n-]1),$(Sc1nn[nH,n-]n1)]",thiatetrazolidine
"[#6]=[#6]1~[#6;X3](~!@[#7&v3,#8,#16&v2;$(A=[#6]),$(A-[#6]=[#7])])~[#7]~[#6;X3](~[#7&v3,#8,#16&v2;$(*=,:[#6]),$(*-,:[#6]=[#7])])~[#16&v2]1",thiazolidine 2 4 dione 5 met
"[O;$(O=C-[NH]),$(O=C-N=C),$([OH]-C=N)]~[C;X3]1~[N]~[C;X3](~[O;$(O=C-[NH]),$(O=C-N=C),$([OH]-C=N)])-S-[CH]1-[#6]",thiazolidinediones
[S;X2]1[C;X4;R1]N[C;R1][C;R1]1,thiazolidines
[#6]-[#6](=[#16])-[#6],thio ketone
c12ccccc1(SC(=S)N2),thiobenzothiazole 2
c12ccccc1(SC(S)=N2),thiobenzothiazole 1
"S!@C(=!@[O,S])!@[#7]",thiocarbamate
"[#7,#16&v2;$([#7,#16]=[#6]1-[#7]-[#6]-[#7,#6]-[#16]-1),$([#7,#16;H1,H2]-[#6]1=[#7]-[#6]-[#7,#6]-[#16]-1)]=,-[#6]1=,-[#7]-[#6&X4]-[#7,#6&X4]-[#16&v2]-1",thiocarbamate 5 ring
"SC(=O)[O,S]",thiocarbonate
[#16]-[#6]#[#7],thiocyanate
"[#6;R0;$([#6](=[#8])-[#16;v2]),$([#6](=[#16;v2])-[#8,#16;v2])]",thioester acyclic
"[S;X2;H0]C=[O,N]",thioester thiolactone
[#6]-[S;X2]-[#6],thioether count 2
"[#16;H1;X2;!$([#16]-[#6](-,:[#7,#8,#16])=,:[#7])]",thiol count 2
N1C(=O)CSCC1=O,thiomorpholinedione
COC(=S)C,thionoester
A-[S;X2]-O,thioperoxide
s1ccc(c1)-[#8]-[#1],thiophene hydroxy
"s1[c;H1,$(c-[F,Cl,Br,I]),$(c-[#7](~[#8&X1])~[#8&X1])][c;H1,$(c-[F,Cl,Br,I]),$(c-[#7](~[#8&X1])~[#8&X1])]c[c;H1,$(c[cH]),$(c-[F,Cl,Br,I]),$(cc-[F,Cl,Br,I]),$(c-[#7](~[#8&X1])~[#8&X1]),$(cc-[#7](~[#8&X1])~[#8&X1])]1",thiophene simple
"P(=S)(-[S;H1,H0$(S(P)C)])(-[O;H1,H0$(O(P)C)])(-N(C)C)",thiophosphothionate
"[C,c][S;X3](~O)-S",thiosulfoxide
"[#16&v2]~[#6&X3&R1;!$([#6]1(-A):[a;!$(a=*);!$(nc-[#8,#16&v2;H1]);!$(nc=[#8,#16&v2])][a;!$(a=*);!$(nc-[#8,#16&v2;H1]);!$(nc=[#8,#16&v2])][a;!$(a=*);!$(nc-[#8,#16&v2;H1]);!$(nc=[#8,#16&v2])][a;!$(a=*);!$(nc-[#8,#16&v2;H1]);!$(nc=[#8,#16&v2])][a;!$(a=*);!$(nc-[#8,#16&v2;H1]);!$(nc=[#8,#16&v2])]1);!$([#6]1(-A):[a;!$(a=*);!$(nc-[#8,#16&v2;H1]);!$(nc=[#8,#16&v2])][a;!$(a=*);!$(nc-[#8,#16&v2;H1]);!$(nc=[#8,#16&v2])][a;!$(a=*);!$(nc-[#8,#16&v2;H1]);!$(nc=[#8,#16&v2])][a;!$(a=*);!$(nc-[#8,#16&v2;H1]);!$(nc=[#8,#16&v2])]1)](~[#7&v3])~@[#7&v3,#6]",thiourea thioester cyclic
"[#16&v2]~[#6&X3;!$([#6]1(-A):[a;!$(a=*);!$(nc-[#8,#16&v2;H1]);!$(nc=[#8,#16&v2])][a;!$(a=*);!$(nc-[#8,#16&v2;H1]);!$(nc=[#8,#16&v2])][a;!$(a=*);!$(nc-[#8,#16&v2;H1]);!$(nc=[#8,#16&v2])][a;!$(a=*);!$(nc-[#8,#16&v2;H1]);!$(nc=[#8,#16&v2])][a;!$(a=*);!$(nc-[#8,#16&v2;H1]);!$(nc=[#8,#16&v2])]1);!$([#6]1(-A):[a;!$(a=*);!$(nc-[#8,#16&v2;H1]);!$(nc=[#8,#16&v2])][a;!$(a=*);!$(nc-[#8,#16&v2;H1]);!$(nc=[#8,#16&v2])][a;!$(a=*);!$(nc-[#8,#16&v2;H1]);!$(nc=[#8,#16&v2])][a;!$(a=*);!$(nc-[#8,#16&v2;H1]);!$(nc=[#8,#16&v2])]1)](~[#7&v3])~[#16&v2]",thiuram disulfide dithiocarbamate
"[$(N(-C(=O))(-C(=O))(-C(=O))),$(n([#6](=O))([#6](=O))([#6](=O)))]",triacylamine
P(=O)(a)(a)(a),triaryl phosphine oxide
"[#7;v3;!$(N1N=N[#6]=,:[#6]1);!$(N1N=N[#7]=,:[#6]1);!$(N1N=N[#6]=,:[#6]-[#6](=[#8,#7&v3,#16&v2])1);!$(N1N=N[#6](=[#8,#7&v3,#16&v2])-[#6]=,:[#6]1);!$(N1N=N[#8,#7&v3,#16&v2]C1=[#8,#7&v3,#16&v2]);!$(N1N=NC(=[#8,#7&v3,#16&v2])[#8,#7&v3,#16&v2]1);!$(N1N=NC(=[#8,#7&v3,#16&v2])[#8,#7&v3,#16&v2]C(=[#8,#7&v3,#16&v2])1);!$(N1N=NC(=[#8,#7&v3,#16&v2])C(=[#8,#7&v3,#16&v2])[#8,#7&v3,#16&v2]1);!$(N1N=N[#8,#7&v3,#16&v2]C(=[#8,#7&v3,#16&v2])C1(=[#8,#7&v3,#16&v2]))]-!@[#7;v3]=!@[#7;v3]",triazine alkyl
c1cnnn1-O-C=O,triazolol esters
"[$(O=C[CH](C=O)C=O),$(O=CC(C=O)=C[OH]),$(N#C[CH](-C=O)-C=O),$(N#CC(-C=O)=C[OH])] ",tricarbonyls
[$(C(=O));!$(C-N);!$(C-O);!$(C-S)]C(Cl)(Cl)(Cl),trichloromethyl ketone
[CX4]O-S(=O)(=O)-C(F)(F)F,triflates aliphatic
[C!X4]O-S(=O)(=O)-C(F)(F)F,triflates aromatic
"FC(F)(F)-[CH2]-[O;$(O-C=O),$(O-[Si]),H1]",trifluoro ethanol
"[F,Cl,Br,I]C([F,Cl,Br,I])([F,Cl,Br,I])[#6;$([#6](=[#8,#7&v3,#16&v2])[#8,#16&v2]),$([#6;H1]=[#8,#7&v3,#16&v2]),$([#6](-[#8,#7&v3,#16&v2,#15v3])-[#8,#7&v3,#15v3])]",trifluoro trichloro acetic aci
C(F)(F)(F)C(=O)S,trifluoroacetate thioester
[$(C(=O));!$(C-N);!$(C-O);!$(C-S)]C(F)(F)(F),trifluoromethyl ketone
FC(F)(F)C(=O)N,trifluroacetate amide
[Si](c1ccccc1)(c2ccccc2)(c3ccccc3),triphenyl silyl
[#6](-c1[cH][cH]c[cH][cH]1)(-c1[cH][cH]c[cH][cH]1)-c1[cH][cH]c[cH][cH]1,trityl group simple
C1C(=O)C=CC=CC=1,tropone
"[C;!R]([$(S(=O)(=O)),$(C(F)(F)(F)),$(C#N),$(N(=O)(=O)),$([N+](=O)[O-]),$(C=O)])([$(S(=O)(=O)),$(C(F)(F)(F)),$(C#N),$(N(=O)(=O)),$([N+](=O)[O-]),$(C=O)])=[C;!R]([C;!R](=O))([!$([#8]);!$([#7])])",vinyl carbonyl ewg
"[#6][CH1]!@=[CH1][S;H1,H0$(S(C)C)](=O)(=O)",vinyl sulphone
"[#16]=[#6](-[#16])-[#8,#16;H1,R0,$(*-[C;X4])]",xanthate
